// Generated by tools/make_font.py from DejaVuSans-Bold.ttf at 18px
// 60500 bytes VLW smooth font data

const uint8_t DejaVuSansBold18pxData[] PROGMEM = {
  0x00, 0x00, 0x01, 0x5B, 0x00, 0x00, 0x00, 0x01, 0x00, 0x00, 0x00, 0x16, 0x00, 0x00, 0x00, 0x00,
  0x00, 0x00, 0x00, 0x11, 0x00, 0x00, 0x00, 0x05, 0x00, 0x00, 0x00, 0x20, 0x00, 0x00, 0x00, 0x00,
  0x00, 0x00, 0x00, 0x00, 0x00, 0x00, 0x00, 0x06, 0x00, 0x00, 0x00, 0x00, 0x00, 0x00, 0x00, 0x00,
  0x00, 0x00, 0x00, 0x00, 0x00, 0x00, 0x00, 0x21, 0x00, 0x00, 0x00, 0x0D, 0x00, 0x00, 0x00, 0x04,
  0x00, 0x00, 0x00, 0x08, 0x00, 0x00, 0x00, 0x0D, 0x00, 0x00, 0x00, 0x02, 0x00, 0x00, 0x00, 0x00,
  0x00, 0x00, 0x00, 0x22, 0x00, 0x00, 0x00, 0x05, 0x00, 0x00, 0x00, 0x07, 0x00, 0x00, 0x00, 0x09,
  0x00, 0x00, 0x00, 0x0D, 0x00, 0x00, 0x00, 0x01, 0x00, 0x00, 0x00, 0x00, 0x00, 0x00, 0x00, 0x23,
  0x00, 0x00, 0x00, 0x0D, 0x00, 0x00, 0x00, 0x0D, 0x00, 0x00, 0x00, 0x0F, 0x00, 0x00, 0x00, 0x0D,
  0x00, 0x00, 0x00, 0x01, 0x00, 0x00, 0x00, 0x00, 0x00, 0x00, 0x00, 0x24, 0x00, 0x00, 0x00, 0x11,
  0x00, 0x00, 0x00, 0x0B, 0x00, 0x00, 0x00, 0x0D, 0x00, 0x00, 0x00, 0x0E, 0x00, 0x00, 0x00, 0x01,
  0x00, 0x00, 0x00, 0x00, 0x00, 0x00, 0x00, 0x25, 0x00, 0x00, 0x00, 0x0D, 0x00, 0x00, 0x00, 0x12,
  0x00, 0x00, 0x00, 0x12, 0x00, 0x00, 0x00, 0x0D, 0x00, 0x00, 0x00, 0x00, 0x00, 0x00, 0x00, 0x00,
  0x00, 0x00, 0x00, 0x26, 0x00, 0x00, 0x00, 0x0D, 0x00, 0x00, 0x00, 0x0E, 0x00, 0x00, 0x00, 0x10,
  0x00, 0x00, 0x00, 0x0D, 0x00, 0x00, 0x00, 0x01, 0x00, 0x00, 0x00, 0x00, 0x00, 0x00, 0x00, 0x27,
  0x00, 0x00, 0x00, 0x05, 0x00, 0x00, 0x00, 0x03, 0x00, 0x00, 0x00, 0x06, 0x00, 0x00, 0x00, 0x0D,
  0x00, 0x00, 0x00, 0x01, 0x00, 0x00, 0x00, 0x00, 0x00, 0x00, 0x00, 0x28, 0x00, 0x00, 0x00, 0x10,
  0x00, 0x00, 0x00, 0x06, 0x00, 0x00, 0x00, 0x08, 0x00, 0x00, 0x00, 0x0E, 0x00, 0x00, 0x00, 0x01,
  0x00, 0x00, 0x00, 0x00, 0x00, 0x00, 0x00, 0x29, 0x00, 0x00, 0x00, 0x10, 0x00, 0x00, 0x00, 0x06,
  0x00, 0x00, 0x00, 0x08, 0x00, 0x00, 0x00, 0x0E, 0x00, 0x00, 0x00, 0x01, 0x00, 0x00, 0x00, 0x00,
  0x00, 0x00, 0x00, 0x2A, 0x00, 0x00, 0x00, 0x08, 0x00, 0x00, 0x00, 0x09, 0x00, 0x00, 0x00, 0x09,
  0x00, 0x00, 0x00, 0x0D, 0x00, 0x00, 0x00, 0x00, 0x00, 0x00, 0x00, 0x00, 0x00, 0x00, 0x00, 0x2B,
  0x00, 0x00, 0x00, 0x0C, 0x00, 0x00, 0x00, 0x0D, 0x00, 0x00, 0x00, 0x0F, 0x00, 0x00, 0x00, 0x0C,
  0x00, 0x00, 0x00, 0x01, 0x00, 0x00, 0x00, 0x00, 0x00, 0x00, 0x00, 0x2C, 0x00, 0x00, 0x00, 0x06,
  0x00, 0x00, 0x00, 0x05, 0x00, 0x00, 0x00, 0x07, 0x00, 0x00, 0x00, 0x03, 0x00, 0x00, 0x00, 0x00,
  0x00, 0x00, 0x00, 0x00, 0x00, 0x00, 0x00, 0x2D, 0x00, 0x00, 0x00, 0x03, 0x00, 0x00, 0x00, 0x07,
  0x00, 0x00, 0x00, 0x07, 0x00, 0x00, 0x00, 0x07, 0x00, 0x00, 0x00, 0x00, 0x00, 0x00, 0x00, 0x00,
  0x00, 0x00, 0x00, 0x2E, 0x00, 0x00, 0x00, 0x03, 0x00, 0x00, 0x00, 0x04, 0x00, 0x00, 0x00, 0x07,
  0x00, 0x00, 0x00, 0x03, 0x00, 0x00, 0x00, 0x01, 0x00, 0x00, 0x00, 0x00, 0x00, 0x00, 0x00, 0x2F,
  0x00, 0x00, 0x00, 0x0F, 0x00, 0x00, 0x00, 0x07, 0x00, 0x00, 0x00, 0x07, 0x00, 0x00, 0x00, 0x0D,
  0x00, 0x00, 0x00, 0x00, 0x00, 0x00, 0x00, 0x00, 0x00, 0x00, 0x00, 0x30, 0x00, 0x00, 0x00, 0x0D,
  0x00, 0x00, 0x00, 0x0C, 0x00, 0x00, 0x00, 0x0D, 0x00, 0x00, 0x00, 0x0D, 0x00, 0x00, 0x00, 0x00,
  0x00, 0x00, 0x00, 0x00, 0x00, 0x00, 0x00, 0x31, 0x00, 0x00, 0x00, 0x0D, 0x00, 0x00, 0x00, 0x0A,
  0x00, 0x00, 0x00, 0x0D, 0x00, 0x00, 0x00, 0x0D, 0x00, 0x00, 0x00, 0x02, 0x00, 0x00, 0x00, 0x00,
  0x00, 0x00, 0x00, 0x32, 0x00, 0x00, 0x00, 0x0D, 0x00, 0x00, 0x00, 0x0A, 0x00, 0x00, 0x00, 0x0D,
  0x00, 0x00, 0x00, 0x0D, 0x00, 0x00, 0x00, 0x01, 0x00, 0x00, 0x00, 0x00, 0x00, 0x00, 0x00, 0x33,
  0x00, 0x00, 0x00, 0x0D, 0x00, 0x00, 0x00, 0x0B, 0x00, 0x00, 0x00, 0x0D, 0x00, 0x00, 0x00, 0x0D,
  0x00, 0x00, 0x00, 0x01, 0x00, 0x00, 0x00, 0x00, 0x00, 0x00, 0x00, 0x34, 0x00, 0x00, 0x00, 0x0D,
  0x00, 0x00, 0x00, 0x0C, 0x00, 0x00, 0x00, 0x0D, 0x00, 0x00, 0x00, 0x0D, 0x00, 0x00, 0x00, 0x00,
  0x00, 0x00, 0x00, 0x00, 0x00, 0x00, 0x00, 0x35, 0x00, 0x00, 0x00, 0x0D, 0x00, 0x00, 0x00, 0x0B,
  0x00, 0x00, 0x00, 0x0D, 0x00, 0x00, 0x00, 0x0D, 0x00, 0x00, 0x00, 0x01, 0x00, 0x00, 0x00, 0x00,
  0x00, 0x00, 0x00, 0x36, 0x00, 0x00, 0x00, 0x0D, 0x00, 0x00, 0x00, 0x0B, 0x00, 0x00, 0x00, 0x0D,
  0x00, 0x00, 0x00, 0x0D, 0x00, 0x00, 0x00, 0x01, 0x00, 0x00, 0x00, 0x00, 0x00, 0x00, 0x00, 0x37,
  0x00, 0x00, 0x00, 0x0D, 0x00, 0x00, 0x00, 0x0B, 0x00, 0x00, 0x00, 0x0D, 0x00, 0x00, 0x00, 0x0D,
  0x00, 0x00, 0x00, 0x01, 0x00, 0x00, 0x00, 0x00, 0x00, 0x00, 0x00, 0x38, 0x00, 0x00, 0x00, 0x0D,
  0x00, 0x00, 0x00, 0x0B, 0x00, 0x00, 0x00, 0x0D, 0x00, 0x00, 0x00, 0x0D, 0x00, 0x00, 0x00, 0x01,
  0x00, 0x00, 0x00, 0x00, 0x00, 0x00, 0x00, 0x39, 0x00, 0x00, 0x00, 0x0D, 0x00, 0x00, 0x00, 0x0C,
  0x00, 0x00, 0x00, 0x0D, 0x00, 0x00, 0x00, 0x0D, 0x00, 0x00, 0x00, 0x00, 0x00, 0x00, 0x00, 0x00,
  0x00, 0x00, 0x00, 0x3A, 0x00, 0x00, 0x00, 0x0A, 0x00, 0x00, 0x00, 0x04, 0x00, 0x00, 0x00, 0x07,
  0x00, 0x00, 0x00, 0x0A, 0x00, 0x00, 0x00, 0x02, 0x00, 0x00, 0x00, 0x00, 0x00, 0x00, 0x00, 0x3B,
  0x00, 0x00, 0x00, 0x0D, 0x00, 0x00, 0x00, 0x05, 0x00, 0x00, 0x00, 0x07, 0x00, 0x00, 0x00, 0x0A,
  0x00, 0x00, 0x00, 0x01, 0x00, 0x00, 0x00, 0x00, 0x00, 0x00, 0x00, 0x3C, 0x00, 0x00, 0x00, 0x0A,
  0x00, 0x00, 0x00, 0x0D, 0x00, 0x00, 0x00, 0x0F, 0x00, 0x00, 0x00, 0x0B, 0x00, 0x00, 0x00, 0x01,
  0x00, 0x00, 0x00, 0x00, 0x00, 0x00, 0x00, 0x3D, 0x00, 0x00, 0x00, 0x06, 0x00, 0x00, 0x00, 0x0D,
  0x00, 0x00, 0x00, 0x0F, 0x00, 0x00, 0x00, 0x09, 0x00, 0x00, 0x00, 0x01, 0x00, 0x00, 0x00, 0x00,
  0x00, 0x00, 0x00, 0x3E, 0x00, 0x00, 0x00, 0x0A, 0x00, 0x00, 0x00, 0x0D, 0x00, 0x00, 0x00, 0x0F,
  0x00, 0x00, 0x00, 0x0B, 0x00, 0x00, 0x00, 0x01, 0x00, 0x00, 0x00, 0x00, 0x00, 0x00, 0x00, 0x3F,
  0x00, 0x00, 0x00, 0x0D, 0x00, 0x00, 0x00, 0x09, 0x00, 0x00, 0x00, 0x0A, 0x00, 0x00, 0x00, 0x0D,
  0x00, 0x00, 0x00, 0x01, 0x00, 0x00, 0x00, 0x00, 0x00, 0x00, 0x00, 0x40, 0x00, 0x00, 0x00, 0x10,
  0x00, 0x00, 0x00, 0x10, 0x00, 0x00, 0x00, 0x12, 0x00, 0x00, 0x00, 0x0D, 0x00, 0x00, 0x00, 0x01,
  0x00, 0x00, 0x00, 0x00, 0x00, 0x00, 0x00, 0x41, 0x00, 0x00, 0x00, 0x0D, 0x00, 0x00, 0x00, 0x0E,
  0x00, 0x00, 0x00, 0x0E, 0x00, 0x00, 0x00, 0x0D, 0x00, 0x00, 0x00, 0x00, 0x00, 0x00, 0x00, 0x00,
  0x00, 0x00, 0x00, 0x42, 0x00, 0x00, 0x00, 0x0D, 0x00, 0x00, 0x00, 0x0C, 0x00, 0x00, 0x00, 0x0E,
  0x00, 0x00, 0x00, 0x0D, 0x00, 0x00, 0x00, 0x01, 0x00, 0x00, 0x00, 0x00, 0x00, 0x00, 0x00, 0x43,
  0x00, 0x00, 0x00, 0x0D, 0x00, 0x00, 0x00, 0x0D, 0x00, 0x00, 0x00, 0x0D, 0x00, 0x00, 0x00, 0x0D,
  0x00, 0x00, 0x00, 0x00, 0x00, 0x00, 0x00, 0x00, 0x00, 0x00, 0x00, 0x44, 0x00, 0x00, 0x00, 0x0D,
  0x00, 0x00, 0x00, 0x0D, 0x00, 0x00, 0x00, 0x0F, 0x00, 0x00, 0x00, 0x0D, 0x00, 0x00, 0x00, 0x01,
  0x00, 0x00, 0x00, 0x00, 0x00, 0x00, 0x00, 0x45, 0x00, 0x00, 0x00, 0x0D, 0x00, 0x00, 0x00, 0x0A,
  0x00, 0x00, 0x00, 0x0C, 0x00, 0x00, 0x00, 0x0D, 0x00, 0x00, 0x00, 0x01, 0x00, 0x00, 0x00, 0x00,
  0x00, 0x00, 0x00, 0x46, 0x00, 0x00, 0x00, 0x0D, 0x00, 0x00, 0x00, 0x0A, 0x00, 0x00, 0x00, 0x0C,
  0x00, 0x00, 0x00, 0x0D, 0x00, 0x00, 0x00, 0x01, 0x00, 0x00, 0x00, 0x00, 0x00, 0x00, 0x00, 0x47,
  0x00, 0x00, 0x00, 0x0D, 0x00, 0x00, 0x00, 0x0E, 0x00, 0x00, 0x00, 0x0F, 0x00, 0x00, 0x00, 0x0D,
  0x00, 0x00, 0x00, 0x00, 0x00, 0x00, 0x00, 0x00, 0x00, 0x00, 0x00, 0x48, 0x00, 0x00, 0x00, 0x0D,
  0x00, 0x00, 0x00, 0x0D, 0x00, 0x00, 0x00, 0x0F, 0x00, 0x00, 0x00, 0x0D, 0x00, 0x00, 0x00, 0x01,
  0x00, 0x00, 0x00, 0x00, 0x00, 0x00, 0x00, 0x49, 0x00, 0x00, 0x00, 0x0D, 0x00, 0x00, 0x00, 0x05,
  0x00, 0x00, 0x00, 0x07, 0x00, 0x00, 0x00, 0x0D, 0x00, 0x00, 0x00, 0x01, 0x00, 0x00, 0x00, 0x00,
  0x00, 0x00, 0x00, 0x4A, 0x00, 0x00, 0x00, 0x11, 0x00, 0x00, 0x00, 0x08, 0x00, 0x00, 0x00, 0x07,
  0x00, 0x00, 0x00, 0x0D, 0xFF, 0xFF, 0xFF, 0xFE, 0x00, 0x00, 0x00, 0x00, 0x00, 0x00, 0x00, 0x4B,
  0x00, 0x00, 0x00, 0x0D, 0x00, 0x00, 0x00, 0x0E, 0x00, 0x00, 0x00, 0x0E, 0x00, 0x00, 0x00, 0x0D,
  0x00, 0x00, 0x00, 0x01, 0x00, 0x00, 0x00, 0x00, 0x00, 0x00, 0x00, 0x4C, 0x00, 0x00, 0x00, 0x0D,
  0x00, 0x00, 0x00, 0x0A, 0x00, 0x00, 0x00, 0x0B, 0x00, 0x00, 0x00, 0x0D, 0x00, 0x00, 0x00, 0x01,
  0x00, 0x00, 0x00, 0x00, 0x00, 0x00, 0x00, 0x4D, 0x00, 0x00, 0x00, 0x0D, 0x00, 0x00, 0x00, 0x10,
  0x00, 0x00, 0x00, 0x12, 0x00, 0x00, 0x00, 0x0D, 0x00, 0x00, 0x00, 0x01, 0x00, 0x00, 0x00, 0x00,
  0x00, 0x00, 0x00, 0x4E, 0x00, 0x00, 0x00, 0x0D, 0x00, 0x00, 0x00, 0x0D, 0x00, 0x00, 0x00, 0x0F,
  0x00, 0x00, 0x00, 0x0D, 0x00, 0x00, 0x00, 0x01, 0x00, 0x00, 0x00, 0x00, 0x00, 0x00, 0x00, 0x4F,
  0x00, 0x00, 0x00, 0x0D, 0x00, 0x00, 0x00, 0x0F, 0x00, 0x00, 0x00, 0x0F, 0x00, 0x00, 0x00, 0x0D,
  0x00, 0x00, 0x00, 0x00, 0x00, 0x00, 0x00, 0x00, 0x00, 0x00, 0x00, 0x50, 0x00, 0x00, 0x00, 0x0D,
  0x00, 0x00, 0x00, 0x0C, 0x00, 0x00, 0x00, 0x0D, 0x00, 0x00, 0x00, 0x0D, 0x00, 0x00, 0x00, 0x01,
  0x00, 0x00, 0x00, 0x00, 0x00, 0x00, 0x00, 0x51, 0x00, 0x00, 0x00, 0x10, 0x00, 0x00, 0x00, 0x0F,
  0x00, 0x00, 0x00, 0x0F, 0x00, 0x00, 0x00, 0x0D, 0x00, 0x00, 0x00, 0x00, 0x00, 0x00, 0x00, 0x00,
  0x00, 0x00, 0x00, 0x52, 0x00, 0x00, 0x00, 0x0D, 0x00, 0x00, 0x00, 0x0D, 0x00, 0x00, 0x00, 0x0E,
  0x00, 0x00, 0x00, 0x0D, 0x00, 0x00, 0x00, 0x01, 0x00, 0x00, 0x00, 0x00, 0x00, 0x00, 0x00, 0x53,
  0x00, 0x00, 0x00, 0x0D, 0x00, 0x00, 0x00, 0x0B, 0x00, 0x00, 0x00, 0x0D, 0x00, 0x00, 0x00, 0x0D,
  0x00, 0x00, 0x00, 0x01, 0x00, 0x00, 0x00, 0x00, 0x00, 0x00, 0x00, 0x54, 0x00, 0x00, 0x00, 0x0D,
  0x00, 0x00, 0x00, 0x0D, 0x00, 0x00, 0x00, 0x0C, 0x00, 0x00, 0x00, 0x0D, 0x00, 0x00, 0x00, 0x00,
  0x00, 0x00, 0x00, 0x00, 0x00, 0x00, 0x00, 0x55, 0x00, 0x00, 0x00, 0x0D, 0x00, 0x00, 0x00, 0x0C,
  0x00, 0x00, 0x00, 0x0F, 0x00, 0x00, 0x00, 0x0D, 0x00, 0x00, 0x00, 0x01, 0x00, 0x00, 0x00, 0x00,
  0x00, 0x00, 0x00, 0x56, 0x00, 0x00, 0x00, 0x0D, 0x00, 0x00, 0x00, 0x0E, 0x00, 0x00, 0x00, 0x0E,
  0x00, 0x00, 0x00, 0x0D, 0x00, 0x00, 0x00, 0x00, 0x00, 0x00, 0x00, 0x00, 0x00, 0x00, 0x00, 0x57,
  0x00, 0x00, 0x00, 0x0D, 0x00, 0x00, 0x00, 0x14, 0x00, 0x00, 0x00, 0x14, 0x00, 0x00, 0x00, 0x0D,
  0x00, 0x00, 0x00, 0x00, 0x00, 0x00, 0x00, 0x00, 0x00, 0x00, 0x00, 0x58, 0x00, 0x00, 0x00, 0x0D,
  0x00, 0x00, 0x00, 0x0E, 0x00, 0x00, 0x00, 0x0E, 0x00, 0x00, 0x00, 0x0D, 0x00, 0x00, 0x00, 0x00,
  0x00, 0x00, 0x00, 0x00, 0x00, 0x00, 0x00, 0x59, 0x00, 0x00, 0x00, 0x0D, 0x00, 0x00, 0x00, 0x0F,
  0x00, 0x00, 0x00, 0x0D, 0x00, 0x00, 0x00, 0x0D, 0xFF, 0xFF, 0xFF, 0xFF, 0x00, 0x00, 0x00, 0x00,
  0x00, 0x00, 0x00, 0x5A, 0x00, 0x00, 0x00, 0x0D, 0x00, 0x00, 0x00, 0x0D, 0x00, 0x00, 0x00, 0x0D,
  0x00, 0x00, 0x00, 0x0D, 0x00, 0x00, 0x00, 0x00, 0x00, 0x00, 0x00, 0x00, 0x00, 0x00, 0x00, 0x5B,
  0x00, 0x00, 0x00, 0x10, 0x00, 0x00, 0x00, 0x06, 0x00, 0x00, 0x00, 0x08, 0x00, 0x00, 0x00, 0x0E,
  0x00, 0x00, 0x00, 0x01, 0x00, 0x00, 0x00, 0x00, 0x00, 0x00, 0x00, 0x5C, 0x00, 0x00, 0x00, 0x0F,
  0x00, 0x00, 0x00, 0x07, 0x00, 0x00, 0x00, 0x07, 0x00, 0x00, 0x00, 0x0D, 0x00, 0x00, 0x00, 0x00,
  0x00, 0x00, 0x00, 0x00, 0x00, 0x00, 0x00, 0x5D, 0x00, 0x00, 0x00, 0x10, 0x00, 0x00, 0x00, 0x06,
  0x00, 0x00, 0x00, 0x08, 0x00, 0x00, 0x00, 0x0E, 0x00, 0x00, 0x00, 0x01, 0x00, 0x00, 0x00, 0x00,
  0x00, 0x00, 0x00, 0x5E, 0x00, 0x00, 0x00, 0x05, 0x00, 0x00, 0x00, 0x0D, 0x00, 0x00, 0x00, 0x0F,
  0x00, 0x00, 0x00, 0x0D, 0x00, 0x00, 0x00, 0x01, 0x00, 0x00, 0x00, 0x00, 0x00, 0x00, 0x00, 0x5F,
  0x00, 0x00, 0x00, 0x02, 0x00, 0x00, 0x00, 0x09, 0x00, 0x00, 0x00, 0x09, 0xFF, 0xFF, 0xFF, 0xFE,
  0x00, 0x00, 0x00, 0x00, 0x00, 0x00, 0x00, 0x00, 0x00, 0x00, 0x00, 0x60, 0x00, 0x00, 0x00, 0x03,
  0x00, 0x00, 0x00, 0x06, 0x00, 0x00, 0x00, 0x09, 0x00, 0x00, 0x00, 0x0E, 0x00, 0x00, 0x00, 0x00,
  0x00, 0x00, 0x00, 0x00, 0x00, 0x00, 0x00, 0x61, 0x00, 0x00, 0x00, 0x0A, 0x00, 0x00, 0x00, 0x0B,
  0x00, 0x00, 0x00, 0x0C, 0x00, 0x00, 0x00, 0x0A, 0x00, 0x00, 0x00, 0x00, 0x00, 0x00, 0x00, 0x00,
  0x00, 0x00, 0x00, 0x62, 0x00, 0x00, 0x00, 0x0E, 0x00, 0x00, 0x00, 0x0C, 0x00, 0x00, 0x00, 0x0D,
  0x00, 0x00, 0x00, 0x0E, 0x00, 0x00, 0x00, 0x01, 0x00, 0x00, 0x00, 0x00, 0x00, 0x00, 0x00, 0x63,
  0x00, 0x00, 0x00, 0x0A, 0x00, 0x00, 0x00, 0x0A, 0x00, 0x00, 0x00, 0x0B, 0x00, 0x00, 0x00, 0x0A,
  0x00, 0x00, 0x00, 0x00, 0x00, 0x00, 0x00, 0x00, 0x00, 0x00, 0x00, 0x64, 0x00, 0x00, 0x00, 0x0E,
  0x00, 0x00, 0x00, 0x0C, 0x00, 0x00, 0x00, 0x0D, 0x00, 0x00, 0x00, 0x0E, 0x00, 0x00, 0x00, 0x00,
  0x00, 0x00, 0x00, 0x00, 0x00, 0x00, 0x00, 0x65, 0x00, 0x00, 0x00, 0x0A, 0x00, 0x00, 0x00, 0x0C,
  0x00, 0x00, 0x00, 0x0C, 0x00, 0x00, 0x00, 0x0A, 0x00, 0x00, 0x00, 0x00, 0x00, 0x00, 0x00, 0x00,
  0x00, 0x00, 0x00, 0x66, 0x00, 0x00, 0x00, 0x0E, 0x00, 0x00, 0x00, 0x08, 0x00, 0x00, 0x00, 0x08,
  0x00, 0x00, 0x00, 0x0E, 0x00, 0x00, 0x00, 0x00, 0x00, 0x00, 0x00, 0x00, 0x00, 0x00, 0x00, 0x67,
  0x00, 0x00, 0x00, 0x0E, 0x00, 0x00, 0x00, 0x0C, 0x00, 0x00, 0x00, 0x0D, 0x00, 0x00, 0x00, 0x0A,
  0x00, 0x00, 0x00, 0x00, 0x00, 0x00, 0x00, 0x00, 0x00, 0x00, 0x00, 0x68, 0x00, 0x00, 0x00, 0x0E,
  0x00, 0x00, 0x00, 0x0B, 0x00, 0x00, 0x00, 0x0D, 0x00, 0x00, 0x00, 0x0E, 0x00, 0x00, 0x00, 0x01,
  0x00, 0x00, 0x00, 0x00, 0x00, 0x00, 0x00, 0x69, 0x00, 0x00, 0x00, 0x0E, 0x00, 0x00, 0x00, 0x04,
  0x00, 0x00, 0x00, 0x06, 0x00, 0x00, 0x00, 0x0E, 0x00, 0x00, 0x00, 0x01, 0x00, 0x00, 0x00, 0x00,
  0x00, 0x00, 0x00, 0x6A, 0x00, 0x00, 0x00, 0x12, 0x00, 0x00, 0x00, 0x06, 0x00, 0x00, 0x00, 0x06,
  0x00, 0x00, 0x00, 0x0E, 0xFF, 0xFF, 0xFF, 0xFF, 0x00, 0x00, 0x00, 0x00, 0x00, 0x00, 0x00, 0x6B,
  0x00, 0x00, 0x00, 0x0E, 0x00, 0x00, 0x00, 0x0C, 0x00, 0x00, 0x00, 0x0C, 0x00, 0x00, 0x00, 0x0E,
  0x00, 0x00, 0x00, 0x01, 0x00, 0x00, 0x00, 0x00, 0x00, 0x00, 0x00, 0x6C, 0x00, 0x00, 0x00, 0x0E,
  0x00, 0x00, 0x00, 0x04, 0x00, 0x00, 0x00, 0x06, 0x00, 0x00, 0x00, 0x0E, 0x00, 0x00, 0x00, 0x01,
  0x00, 0x00, 0x00, 0x00, 0x00, 0x00, 0x00, 0x6D, 0x00, 0x00, 0x00, 0x0A, 0x00, 0x00, 0x00, 0x11,
  0x00, 0x00, 0x00, 0x13, 0x00, 0x00, 0x00, 0x0A, 0x00, 0x00, 0x00, 0x01, 0x00, 0x00, 0x00, 0x00,
  0x00, 0x00, 0x00, 0x6E, 0x00, 0x00, 0x00, 0x0A, 0x00, 0x00, 0x00, 0x0B, 0x00, 0x00, 0x00, 0x0D,
  0x00, 0x00, 0x00, 0x0A, 0x00, 0x00, 0x00, 0x01, 0x00, 0x00, 0x00, 0x00, 0x00, 0x00, 0x00, 0x6F,
  0x00, 0x00, 0x00, 0x0A, 0x00, 0x00, 0x00, 0x0C, 0x00, 0x00, 0x00, 0x0C, 0x00, 0x00, 0x00, 0x0A,
  0x00, 0x00, 0x00, 0x00, 0x00, 0x00, 0x00, 0x00, 0x00, 0x00, 0x00, 0x70, 0x00, 0x00, 0x00, 0x0E,
  0x00, 0x00, 0x00, 0x0C, 0x00, 0x00, 0x00, 0x0D, 0x00, 0x00, 0x00, 0x0A, 0x00, 0x00, 0x00, 0x01,
  0x00, 0x00, 0x00, 0x00, 0x00, 0x00, 0x00, 0x71, 0x00, 0x00, 0x00, 0x0E, 0x00, 0x00, 0x00, 0x0C,
  0x00, 0x00, 0x00, 0x0D, 0x00, 0x00, 0x00, 0x0A, 0x00, 0x00, 0x00, 0x00, 0x00, 0x00, 0x00, 0x00,
  0x00, 0x00, 0x00, 0x72, 0x00, 0x00, 0x00, 0x0A, 0x00, 0x00, 0x00, 0x08, 0x00, 0x00, 0x00, 0x09,
  0x00, 0x00, 0x00, 0x0A, 0x00, 0x00, 0x00, 0x01, 0x00, 0x00, 0x00, 0x00, 0x00, 0x00, 0x00, 0x73,
  0x00, 0x00, 0x00, 0x0A, 0x00, 0x00, 0x00, 0x0A, 0x00, 0x00, 0x00, 0x0B, 0x00, 0x00, 0x00, 0x0A,
  0x00, 0x00, 0x00, 0x00, 0x00, 0x00, 0x00, 0x00, 0x00, 0x00, 0x00, 0x74, 0x00, 0x00, 0x00, 0x0D,
  0x00, 0x00, 0x00, 0x09, 0x00, 0x00, 0x00, 0x09, 0x00, 0x00, 0x00, 0x0D, 0x00, 0x00, 0x00, 0x00,
  0x00, 0x00, 0x00, 0x00, 0x00, 0x00, 0x00, 0x75, 0x00, 0x00, 0x00, 0x0A, 0x00, 0x00, 0x00, 0x0B,
  0x00, 0x00, 0x00, 0x0D, 0x00, 0x00, 0x00, 0x0A, 0x00, 0x00, 0x00, 0x01, 0x00, 0x00, 0x00, 0x00,
  0x00, 0x00, 0x00, 0x76, 0x00, 0x00, 0x00, 0x0A, 0x00, 0x00, 0x00, 0x0C, 0x00, 0x00, 0x00, 0x0C,
  0x00, 0x00, 0x00, 0x0A, 0x00, 0x00, 0x00, 0x00, 0x00, 0x00, 0x00, 0x00, 0x00, 0x00, 0x00, 0x77,
  0x00, 0x00, 0x00, 0x0A, 0x00, 0x00, 0x00, 0x10, 0x00, 0x00, 0x00, 0x11, 0x00, 0x00, 0x00, 0x0A,
  0x00, 0x00, 0x00, 0x00, 0x00, 0x00, 0x00, 0x00, 0x00, 0x00, 0x00, 0x78, 0x00, 0x00, 0x00, 0x0A,
  0x00, 0x00, 0x00, 0x0C, 0x00, 0x00, 0x00, 0x0C, 0x00, 0x00, 0x00, 0x0A, 0x00, 0x00, 0x00, 0x00,
  0x00, 0x00, 0x00, 0x00, 0x00, 0x00, 0x00, 0x79, 0x00, 0x00, 0x00, 0x0E, 0x00, 0x00, 0x00, 0x0C,
  0x00, 0x00, 0x00, 0x0C, 0x00, 0x00, 0x00, 0x0A, 0x00, 0x00, 0x00, 0x00, 0x00, 0x00, 0x00, 0x00,
  0x00, 0x00, 0x00, 0x7A, 0x00, 0x00, 0x00, 0x0A, 0x00, 0x00, 0x00, 0x0A, 0x00, 0x00, 0x00, 0x0A,
  0x00, 0x00, 0x00, 0x0A, 0x00, 0x00, 0x00, 0x00, 0x00, 0x00, 0x00, 0x00, 0x00, 0x00, 0x00, 0x7B,
  0x00, 0x00, 0x00, 0x11, 0x00, 0x00, 0x00, 0x09, 0x00, 0x00, 0x00, 0x0D, 0x00, 0x00, 0x00, 0x0E,
  0x00, 0x00, 0x00, 0x02, 0x00, 0x00, 0x00, 0x00, 0x00, 0x00, 0x00, 0x7C, 0x00, 0x00, 0x00, 0x12,
  0x00, 0x00, 0x00, 0x03, 0x00, 0x00, 0x00, 0x07, 0x00, 0x00, 0x00, 0x0E, 0x00, 0x00, 0x00, 0x02,
  0x00, 0x00, 0x00, 0x00, 0x00, 0x00, 0x00, 0x7D, 0x00, 0x00, 0x00, 0x11, 0x00, 0x00, 0x00, 0x09,
  0x00, 0x00, 0x00, 0x0D, 0x00, 0x00, 0x00, 0x0E, 0x00, 0x00, 0x00, 0x02, 0x00, 0x00, 0x00, 0x00,
  0x00, 0x00, 0x00, 0x7E, 0x00, 0x00, 0x00, 0x05, 0x00, 0x00, 0x00, 0x0D, 0x00, 0x00, 0x00, 0x0F,
  0x00, 0x00, 0x00, 0x08, 0x00, 0x00, 0x00, 0x01, 0x00, 0x00, 0x00, 0x00, 0x00, 0x00, 0x00, 0xA0,
  0x00, 0x00, 0x00, 0x00, 0x00, 0x00, 0x00, 0x00, 0x00, 0x00, 0x00, 0x06, 0x00, 0x00, 0x00, 0x00,
  0x00, 0x00, 0x00, 0x00, 0x00, 0x00, 0x00, 0x00, 0x00, 0x00, 0x00, 0xA1, 0x00, 0x00, 0x00, 0x0D,
  0x00, 0x00, 0x00, 0x04, 0x00, 0x00, 0x00, 0x08, 0x00, 0x00, 0x00, 0x0A, 0x00, 0x00, 0x00, 0x02,
  0x00, 0x00, 0x00, 0x00, 0x00, 0x00, 0x00, 0xA2, 0x00, 0x00, 0x00, 0x10, 0x00, 0x00, 0x00, 0x0A,
  0x00, 0x00, 0x00, 0x0D, 0x00, 0x00, 0x00, 0x0D, 0x00, 0x00, 0x00, 0x01, 0x00, 0x00, 0x00, 0x00,
  0x00, 0x00, 0x00, 0xA3, 0x00, 0x00, 0x00, 0x0D, 0x00, 0x00, 0x00, 0x0B, 0x00, 0x00, 0x00, 0x0D,
  0x00, 0x00, 0x00, 0x0D, 0x00, 0x00, 0x00, 0x01, 0x00, 0x00, 0x00, 0x00, 0x00, 0x00, 0x00, 0xA4,
  0x00, 0x00, 0x00, 0x0A, 0x00, 0x00, 0x00, 0x0B, 0x00, 0x00, 0x00, 0x0B, 0x00, 0x00, 0x00, 0x0A,
  0x00, 0x00, 0x00, 0x00, 0x00, 0x00, 0x00, 0x00, 0x00, 0x00, 0x00, 0xA5, 0x00, 0x00, 0x00, 0x0D,
  0x00, 0x00, 0x00, 0x0D, 0x00, 0x00, 0x00, 0x0D, 0x00, 0x00, 0x00, 0x0D, 0x00, 0x00, 0x00, 0x00,
  0x00, 0x00, 0x00, 0x00, 0x00, 0x00, 0x00, 0xA6, 0x00, 0x00, 0x00, 0x10, 0x00, 0x00, 0x00, 0x03,
  0x00, 0x00, 0x00, 0x07, 0x00, 0x00, 0x00, 0x0D, 0x00, 0x00, 0x00, 0x02, 0x00, 0x00, 0x00, 0x00,
  0x00, 0x00, 0x00, 0xA7, 0x00, 0x00, 0x00, 0x0F, 0x00, 0x00, 0x00, 0x09, 0x00, 0x00, 0x00, 0x09,
  0x00, 0x00, 0x00, 0x0D, 0x00, 0x00, 0x00, 0x00, 0x00, 0x00, 0x00, 0x00, 0x00, 0x00, 0x00, 0xA8,
  0x00, 0x00, 0x00, 0x02, 0x00, 0x00, 0x00, 0x07, 0x00, 0x00, 0x00, 0x09, 0x00, 0x00, 0x00, 0x0E,
  0x00, 0x00, 0x00, 0x01, 0x00, 0x00, 0x00, 0x00, 0x00, 0x00, 0x00, 0xA9, 0x00, 0x00, 0x00, 0x0D,
  0x00, 0x00, 0x00, 0x0E, 0x00, 0x00, 0x00, 0x12, 0x00, 0x00, 0x00, 0x0D, 0x00, 0x00, 0x00, 0x02,
  0x00, 0x00, 0x00, 0x00, 0x00, 0x00, 0x00, 0xAA, 0x00, 0x00, 0x00, 0x0A, 0x00, 0x00, 0x00, 0x08,
  0x00, 0x00, 0x00, 0x0A, 0x00, 0x00, 0x00, 0x0D, 0x00, 0x00, 0x00, 0x01, 0x00, 0x00, 0x00, 0x00,
  0x00, 0x00, 0x00, 0xAB, 0x00, 0x00, 0x00, 0x08, 0x00, 0x00, 0x00, 0x09, 0x00, 0x00, 0x00, 0x0C,
  0x00, 0x00, 0x00, 0x09, 0x00, 0x00, 0x00, 0x01, 0x00, 0x00, 0x00, 0x00, 0x00, 0x00, 0x00, 0xAC,
  0x00, 0x00, 0x00, 0x05, 0x00, 0x00, 0x00, 0x0D, 0x00, 0x00, 0x00, 0x0F, 0x00, 0x00, 0x00, 0x08,
  0x00, 0x00, 0x00, 0x01, 0x00, 0x00, 0x00, 0x00, 0x00, 0x00, 0x00, 0xAD, 0x00, 0x00, 0x00, 0x00,
  0x00, 0x00, 0x00, 0x00, 0x00, 0x00, 0x00, 0x05, 0x00, 0x00, 0x00, 0x00, 0x00, 0x00, 0x00, 0x00,
  0x00, 0x00, 0x00, 0x00, 0x00, 0x00, 0x00, 0xAE, 0x00, 0x00, 0x00, 0x0D, 0x00, 0x00, 0x00, 0x0E,
  0x00, 0x00, 0x00, 0x12, 0x00, 0x00, 0x00, 0x0D, 0x00, 0x00, 0x00, 0x02, 0x00, 0x00, 0x00, 0x00,
  0x00, 0x00, 0x00, 0xAF, 0x00, 0x00, 0x00, 0x02, 0x00, 0x00, 0x00, 0x07, 0x00, 0x00, 0x00, 0x09,
  0x00, 0x00, 0x00, 0x0E, 0x00, 0x00, 0x00, 0x01, 0x00, 0x00, 0x00, 0x00, 0x00, 0x00, 0x00, 0xB0,
  0x00, 0x00, 0x00, 0x06, 0x00, 0x00, 0x00, 0x07, 0x00, 0x00, 0x00, 0x09, 0x00, 0x00, 0x00, 0x0D,
  0x00, 0x00, 0x00, 0x01, 0x00, 0x00, 0x00, 0x00, 0x00, 0x00, 0x00, 0xB1, 0x00, 0x00, 0x00, 0x0B,
  0x00, 0x00, 0x00, 0x0D, 0x00, 0x00, 0x00, 0x0F, 0x00, 0x00, 0x00, 0x0B, 0x00, 0x00, 0x00, 0x01,
  0x00, 0x00, 0x00, 0x00, 0x00, 0x00, 0x00, 0xB2, 0x00, 0x00, 0x00, 0x08, 0x00, 0x00, 0x00, 0x07,
  0x00, 0x00, 0x00, 0x08, 0x00, 0x00, 0x00, 0x0D, 0x00, 0x00, 0x00, 0x00, 0x00, 0x00, 0x00, 0x00,
  0x00, 0x00, 0x00, 0xB3, 0x00, 0x00, 0x00, 0x08, 0x00, 0x00, 0x00, 0x07, 0x00, 0x00, 0x00, 0x08,
  0x00, 0x00, 0x00, 0x0D, 0x00, 0x00, 0x00, 0x00, 0x00, 0x00, 0x00, 0x00, 0x00, 0x00, 0x00, 0xB4,
  0x00, 0x00, 0x00, 0x03, 0x00, 0x00, 0x00, 0x06, 0x00, 0x00, 0x00, 0x09, 0x00, 0x00, 0x00, 0x0E,
  0x00, 0x00, 0x00, 0x03, 0x00, 0x00, 0x00, 0x00, 0x00, 0x00, 0x00, 0xB5, 0x00, 0x00, 0x00, 0x0E,
  0x00, 0x00, 0x00, 0x0C, 0x00, 0x00, 0x00, 0x0D, 0x00, 0x00, 0x00, 0x0A, 0x00, 0x00, 0x00, 0x01,
  0x00, 0x00, 0x00, 0x00, 0x00, 0x00, 0x00, 0xB6, 0x00, 0x00, 0x00, 0x0F, 0x00, 0x00, 0x00, 0x09,
  0x00, 0x00, 0x00, 0x0B, 0x00, 0x00, 0x00, 0x0D, 0x00, 0x00, 0x00, 0x01, 0x00, 0x00, 0x00, 0x00,
  0x00, 0x00, 0x00, 0xB7, 0x00, 0x00, 0x00, 0x03, 0x00, 0x00, 0x00, 0x04, 0x00, 0x00, 0x00, 0x07,
  0x00, 0x00, 0x00, 0x08, 0x00, 0x00, 0x00, 0x01, 0x00, 0x00, 0x00, 0x00, 0x00, 0x00, 0x00, 0xB8,
  0x00, 0x00, 0x00, 0x04, 0x00, 0x00, 0x00, 0x05, 0x00, 0x00, 0x00, 0x09, 0x00, 0x00, 0x00, 0x00,
  0x00, 0x00, 0x00, 0x02, 0x00, 0x00, 0x00, 0x00, 0x00, 0x00, 0x00, 0xB9, 0x00, 0x00, 0x00, 0x08,
  0x00, 0x00, 0x00, 0x06, 0x00, 0x00, 0x00, 0x08, 0x00, 0x00, 0x00, 0x0D, 0x00, 0x00, 0x00, 0x01,
  0x00, 0x00, 0x00, 0x00, 0x00, 0x00, 0x00, 0xBA, 0x00, 0x00, 0x00, 0x0A, 0x00, 0x00, 0x00, 0x09,
  0x00, 0x00, 0x00, 0x0A, 0x00, 0x00, 0x00, 0x0D, 0x00, 0x00, 0x00, 0x01, 0x00, 0x00, 0x00, 0x00,
  0x00, 0x00, 0x00, 0xBB, 0x00, 0x00, 0x00, 0x08, 0x00, 0x00, 0x00, 0x0A, 0x00, 0x00, 0x00, 0x0C,
  0x00, 0x00, 0x00, 0x09, 0x00, 0x00, 0x00, 0x01, 0x00, 0x00, 0x00, 0x00, 0x00, 0x00, 0x00, 0xBC,
  0x00, 0x00, 0x00, 0x0E, 0x00, 0x00, 0x00, 0x12, 0x00, 0x00, 0x00, 0x13, 0x00, 0x00, 0x00, 0x0D,
  0x00, 0x00, 0x00, 0x00, 0x00, 0x00, 0x00, 0x00, 0x00, 0x00, 0x00, 0xBD, 0x00, 0x00, 0x00, 0x0E,
  0x00, 0x00, 0x00, 0x12, 0x00, 0x00, 0x00, 0x13, 0x00, 0x00, 0x00, 0x0D, 0x00, 0x00, 0x00, 0x00,
  0x00, 0x00, 0x00, 0x00, 0x00, 0x00, 0x00, 0xBE, 0x00, 0x00, 0x00, 0x0E, 0x00, 0x00, 0x00, 0x12,
  0x00, 0x00, 0x00, 0x13, 0x00, 0x00, 0x00, 0x0D, 0x00, 0x00, 0x00, 0x00, 0x00, 0x00, 0x00, 0x00,
  0x00, 0x00, 0x00, 0xBF, 0x00, 0x00, 0x00, 0x0E, 0x00, 0x00, 0x00, 0x09, 0x00, 0x00, 0x00, 0x0A,
  0x00, 0x00, 0x00, 0x0A, 0x00, 0x00, 0x00, 0x01, 0x00, 0x00, 0x00, 0x00, 0x00, 0x00, 0x00, 0xC0,
  0x00, 0x00, 0x00, 0x10, 0x00, 0x00, 0x00, 0x0E, 0x00, 0x00, 0x00, 0x0E, 0x00, 0x00, 0x00, 0x10,
  0x00, 0x00, 0x00, 0x00, 0x00, 0x00, 0x00, 0x00, 0x00, 0x00, 0x00, 0xC1, 0x00, 0x00, 0x00, 0x10,
  0x00, 0x00, 0x00, 0x0E, 0x00, 0x00, 0x00, 0x0E, 0x00, 0x00, 0x00, 0x10, 0x00, 0x00, 0x00, 0x00,
  0x00, 0x00, 0x00, 0x00, 0x00, 0x00, 0x00, 0xC2, 0x00, 0x00, 0x00, 0x10, 0x00, 0x00, 0x00, 0x0E,
  0x00, 0x00, 0x00, 0x0E, 0x00, 0x00, 0x00, 0x10, 0x00, 0x00, 0x00, 0x00, 0x00, 0x00, 0x00, 0x00,
  0x00, 0x00, 0x00, 0xC3, 0x00, 0x00, 0x00, 0x11, 0x00, 0x00, 0x00, 0x0E, 0x00, 0x00, 0x00, 0x0E,
  0x00, 0x00, 0x00, 0x11, 0x00, 0x00, 0x00, 0x00, 0x00, 0x00, 0x00, 0x00, 0x00, 0x00, 0x00, 0xC4,
  0x00, 0x00, 0x00, 0x10, 0x00, 0x00, 0x00, 0x0E, 0x00, 0x00, 0x00, 0x0E, 0x00, 0x00, 0x00, 0x10,
  0x00, 0x00, 0x00, 0x00, 0x00, 0x00, 0x00, 0x00, 0x00, 0x00, 0x00, 0xC5, 0x00, 0x00, 0x00, 0x11,
  0x00, 0x00, 0x00, 0x0E, 0x00, 0x00, 0x00, 0x0E, 0x00, 0x00, 0x00, 0x11, 0x00, 0x00, 0x00, 0x00,
  0x00, 0x00, 0x00, 0x00, 0x00, 0x00, 0x00, 0xC6, 0x00, 0x00, 0x00, 0x0D, 0x00, 0x00, 0x00, 0x13,
  0x00, 0x00, 0x00, 0x14, 0x00, 0x00, 0x00, 0x0D, 0x00, 0x00, 0x00, 0x00, 0x00, 0x00, 0x00, 0x00,
  0x00, 0x00, 0x00, 0xC7, 0x00, 0x00, 0x00, 0x11, 0x00, 0x00, 0x00, 0x0D, 0x00, 0x00, 0x00, 0x0D,
  0x00, 0x00, 0x00, 0x0D, 0x00, 0x00, 0x00, 0x00, 0x00, 0x00, 0x00, 0x00, 0x00, 0x00, 0x00, 0xC8,
  0x00, 0x00, 0x00, 0x10, 0x00, 0x00, 0x00, 0x0A, 0x00, 0x00, 0x00, 0x0C, 0x00, 0x00, 0x00, 0x10,
  0x00, 0x00, 0x00, 0x01, 0x00, 0x00, 0x00, 0x00, 0x00, 0x00, 0x00, 0xC9, 0x00, 0x00, 0x00, 0x10,
  0x00, 0x00, 0x00, 0x0A, 0x00, 0x00, 0x00, 0x0C, 0x00, 0x00, 0x00, 0x10, 0x00, 0x00, 0x00, 0x01,
  0x00, 0x00, 0x00, 0x00, 0x00, 0x00, 0x00, 0xCA, 0x00, 0x00, 0x00, 0x10, 0x00, 0x00, 0x00, 0x0A,
  0x00, 0x00, 0x00, 0x0C, 0x00, 0x00, 0x00, 0x10, 0x00, 0x00, 0x00, 0x01, 0x00, 0x00, 0x00, 0x00,
  0x00, 0x00, 0x00, 0xCB, 0x00, 0x00, 0x00, 0x10, 0x00, 0x00, 0x00, 0x0A, 0x00, 0x00, 0x00, 0x0C,
  0x00, 0x00, 0x00, 0x10, 0x00, 0x00, 0x00, 0x01, 0x00, 0x00, 0x00, 0x00, 0x00, 0x00, 0x00, 0xCC,
  0x00, 0x00, 0x00, 0x10, 0x00, 0x00, 0x00, 0x06, 0x00, 0x00, 0x00, 0x07, 0x00, 0x00, 0x00, 0x10,
  0x00, 0x00, 0x00, 0x00, 0x00, 0x00, 0x00, 0x00, 0x00, 0x00, 0x00, 0xCD, 0x00, 0x00, 0x00, 0x10,
  0x00, 0x00, 0x00, 0x05, 0x00, 0x00, 0x00, 0x07, 0x00, 0x00, 0x00, 0x10, 0x00, 0x00, 0x00, 0x01,
  0x00, 0x00, 0x00, 0x00, 0x00, 0x00, 0x00, 0xCE, 0x00, 0x00, 0x00, 0x10, 0x00, 0x00, 0x00, 0x07,
  0x00, 0x00, 0x00, 0x07, 0x00, 0x00, 0x00, 0x10, 0x00, 0x00, 0x00, 0x00, 0x00, 0x00, 0x00, 0x00,
  0x00, 0x00, 0x00, 0xCF, 0x00, 0x00, 0x00, 0x10, 0x00, 0x00, 0x00, 0x07, 0x00, 0x00, 0x00, 0x07,
  0x00, 0x00, 0x00, 0x10, 0x00, 0x00, 0x00, 0x00, 0x00, 0x00, 0x00, 0x00, 0x00, 0x00, 0x00, 0xD0,
  0x00, 0x00, 0x00, 0x0D, 0x00, 0x00, 0x00, 0x0F, 0x00, 0x00, 0x00, 0x0F, 0x00, 0x00, 0x00, 0x0D,
  0x00, 0x00, 0x00, 0x00, 0x00, 0x00, 0x00, 0x00, 0x00, 0x00, 0x00, 0xD1, 0x00, 0x00, 0x00, 0x11,
  0x00, 0x00, 0x00, 0x0D, 0x00, 0x00, 0x00, 0x0F, 0x00, 0x00, 0x00, 0x11, 0x00, 0x00, 0x00, 0x01,
  0x00, 0x00, 0x00, 0x00, 0x00, 0x00, 0x00, 0xD2, 0x00, 0x00, 0x00, 0x10, 0x00, 0x00, 0x00, 0x0F,
  0x00, 0x00, 0x00, 0x0F, 0x00, 0x00, 0x00, 0x10, 0x00, 0x00, 0x00, 0x00, 0x00, 0x00, 0x00, 0x00,
  0x00, 0x00, 0x00, 0xD3, 0x00, 0x00, 0x00, 0x10, 0x00, 0x00, 0x00, 0x0F, 0x00, 0x00, 0x00, 0x0F,
  0x00, 0x00, 0x00, 0x10, 0x00, 0x00, 0x00, 0x00, 0x00, 0x00, 0x00, 0x00, 0x00, 0x00, 0x00, 0xD4,
  0x00, 0x00, 0x00, 0x10, 0x00, 0x00, 0x00, 0x0F, 0x00, 0x00, 0x00, 0x0F, 0x00, 0x00, 0x00, 0x10,
  0x00, 0x00, 0x00, 0x00, 0x00, 0x00, 0x00, 0x00, 0x00, 0x00, 0x00, 0xD5, 0x00, 0x00, 0x00, 0x11,
  0x00, 0x00, 0x00, 0x0F, 0x00, 0x00, 0x00, 0x0F, 0x00, 0x00, 0x00, 0x11, 0x00, 0x00, 0x00, 0x00,
  0x00, 0x00, 0x00, 0x00, 0x00, 0x00, 0x00, 0xD6, 0x00, 0x00, 0x00, 0x10, 0x00, 0x00, 0x00, 0x0F,
  0x00, 0x00, 0x00, 0x0F, 0x00, 0x00, 0x00, 0x10, 0x00, 0x00, 0x00, 0x00, 0x00, 0x00, 0x00, 0x00,
  0x00, 0x00, 0x00, 0xD7, 0x00, 0x00, 0x00, 0x0B, 0x00, 0x00, 0x00, 0x0B, 0x00, 0x00, 0x00, 0x0F,
  0x00, 0x00, 0x00, 0x0B, 0x00, 0x00, 0x00, 0x02, 0x00, 0x00, 0x00, 0x00, 0x00, 0x00, 0x00, 0xD8,
  0x00, 0x00, 0x00, 0x0F, 0x00, 0x00, 0x00, 0x0F, 0x00, 0x00, 0x00, 0x0F, 0x00, 0x00, 0x00, 0x0E,
  0x00, 0x00, 0x00, 0x00, 0x00, 0x00, 0x00, 0x00, 0x00, 0x00, 0x00, 0xD9, 0x00, 0x00, 0x00, 0x10,
  0x00, 0x00, 0x00, 0x0C, 0x00, 0x00, 0x00, 0x0F, 0x00, 0x00, 0x00, 0x10, 0x00, 0x00, 0x00, 0x01,
  0x00, 0x00, 0x00, 0x00, 0x00, 0x00, 0x00, 0xDA, 0x00, 0x00, 0x00, 0x10, 0x00, 0x00, 0x00, 0x0C,
  0x00, 0x00, 0x00, 0x0F, 0x00, 0x00, 0x00, 0x10, 0x00, 0x00, 0x00, 0x01, 0x00, 0x00, 0x00, 0x00,
  0x00, 0x00, 0x00, 0xDB, 0x00, 0x00, 0x00, 0x10, 0x00, 0x00, 0x00, 0x0C, 0x00, 0x00, 0x00, 0x0F,
  0x00, 0x00, 0x00, 0x10, 0x00, 0x00, 0x00, 0x01, 0x00, 0x00, 0x00, 0x00, 0x00, 0x00, 0x00, 0xDC,
  0x00, 0x00, 0x00, 0x10, 0x00, 0x00, 0x00, 0x0C, 0x00, 0x00, 0x00, 0x0F, 0x00, 0x00, 0x00, 0x10,
  0x00, 0x00, 0x00, 0x01, 0x00, 0x00, 0x00, 0x00, 0x00, 0x00, 0x00, 0xDD, 0x00, 0x00, 0x00, 0x10,
  0x00, 0x00, 0x00, 0x0F, 0x00, 0x00, 0x00, 0x0D, 0x00, 0x00, 0x00, 0x10, 0xFF, 0xFF, 0xFF, 0xFF,
  0x00, 0x00, 0x00, 0x00, 0x00, 0x00, 0x00, 0xDE, 0x00, 0x00, 0x00, 0x0D, 0x00, 0x00, 0x00, 0x0C,
  0x00, 0x00, 0x00, 0x0D, 0x00, 0x00, 0x00, 0x0D, 0x00, 0x00, 0x00, 0x01, 0x00, 0x00, 0x00, 0x00,
  0x00, 0x00, 0x00, 0xDF, 0x00, 0x00, 0x00, 0x0E, 0x00, 0x00, 0x00, 0x0C, 0x00, 0x00, 0x00, 0x0D,
  0x00, 0x00, 0x00, 0x0E, 0x00, 0x00, 0x00, 0x01, 0x00, 0x00, 0x00, 0x00, 0x00, 0x00, 0x00, 0xE0,
  0x00, 0x00, 0x00, 0x0E, 0x00, 0x00, 0x00, 0x0B, 0x00, 0x00, 0x00, 0x0C, 0x00, 0x00, 0x00, 0x0E,
  0x00, 0x00, 0x00, 0x00, 0x00, 0x00, 0x00, 0x00, 0x00, 0x00, 0x00, 0xE1, 0x00, 0x00, 0x00, 0x0E,
  0x00, 0x00, 0x00, 0x0B, 0x00, 0x00, 0x00, 0x0C, 0x00, 0x00, 0x00, 0x0E, 0x00, 0x00, 0x00, 0x00,
  0x00, 0x00, 0x00, 0x00, 0x00, 0x00, 0x00, 0xE2, 0x00, 0x00, 0x00, 0x0E, 0x00, 0x00, 0x00, 0x0B,
  0x00, 0x00, 0x00, 0x0C, 0x00, 0x00, 0x00, 0x0E, 0x00, 0x00, 0x00, 0x00, 0x00, 0x00, 0x00, 0x00,
  0x00, 0x00, 0x00, 0xE3, 0x00, 0x00, 0x00, 0x0E, 0x00, 0x00, 0x00, 0x0B, 0x00, 0x00, 0x00, 0x0C,
  0x00, 0x00, 0x00, 0x0E, 0x00, 0x00, 0x00, 0x00, 0x00, 0x00, 0x00, 0x00, 0x00, 0x00, 0x00, 0xE4,
  0x00, 0x00, 0x00, 0x0E, 0x00, 0x00, 0x00, 0x0B, 0x00, 0x00, 0x00, 0x0C, 0x00, 0x00, 0x00, 0x0E,
  0x00, 0x00, 0x00, 0x00, 0x00, 0x00, 0x00, 0x00, 0x00, 0x00, 0x00, 0xE5, 0x00, 0x00, 0x00, 0x10,
  0x00, 0x00, 0x00, 0x0B, 0x00, 0x00, 0x00, 0x0C, 0x00, 0x00, 0x00, 0x10, 0x00, 0x00, 0x00, 0x00,
  0x00, 0x00, 0x00, 0x00, 0x00, 0x00, 0x00, 0xE6, 0x00, 0x00, 0x00, 0x0A, 0x00, 0x00, 0x00, 0x12,
  0x00, 0x00, 0x00, 0x13, 0x00, 0x00, 0x00, 0x0A, 0x00, 0x00, 0x00, 0x00, 0x00, 0x00, 0x00, 0x00,
  0x00, 0x00, 0x00, 0xE7, 0x00, 0x00, 0x00, 0x0E, 0x00, 0x00, 0x00, 0x0A, 0x00, 0x00, 0x00, 0x0B,
  0x00, 0x00, 0x00, 0x0A, 0x00, 0x00, 0x00, 0x00, 0x00, 0x00, 0x00, 0x00, 0x00, 0x00, 0x00, 0xE8,
  0x00, 0x00, 0x00, 0x0E, 0x00, 0x00, 0x00, 0x0C, 0x00, 0x00, 0x00, 0x0C, 0x00, 0x00, 0x00, 0x0E,
  0x00, 0x00, 0x00, 0x00, 0x00, 0x00, 0x00, 0x00, 0x00, 0x00, 0x00, 0xE9, 0x00, 0x00, 0x00, 0x0E,
  0x00, 0x00, 0x00, 0x0C, 0x00, 0x00, 0x00, 0x0C, 0x00, 0x00, 0x00, 0x0E, 0x00, 0x00, 0x00, 0x00,
  0x00, 0x00, 0x00, 0x00, 0x00, 0x00, 0x00, 0xEA, 0x00, 0x00, 0x00, 0x0E, 0x00, 0x00, 0x00, 0x0C,
  0x00, 0x00, 0x00, 0x0C, 0x00, 0x00, 0x00, 0x0E, 0x00, 0x00, 0x00, 0x00, 0x00, 0x00, 0x00, 0x00,
  0x00, 0x00, 0x00, 0xEB, 0x00, 0x00, 0x00, 0x0E, 0x00, 0x00, 0x00, 0x0C, 0x00, 0x00, 0x00, 0x0C,
  0x00, 0x00, 0x00, 0x0E, 0x00, 0x00, 0x00, 0x00, 0x00, 0x00, 0x00, 0x00, 0x00, 0x00, 0x00, 0xEC,
  0x00, 0x00, 0x00, 0x0E, 0x00, 0x00, 0x00, 0x06, 0x00, 0x00, 0x00, 0x06, 0x00, 0x00, 0x00, 0x0E,
  0xFF, 0xFF, 0xFF, 0xFF, 0x00, 0x00, 0x00, 0x00, 0x00, 0x00, 0x00, 0xED, 0x00, 0x00, 0x00, 0x0E,
  0x00, 0x00, 0x00, 0x06, 0x00, 0x00, 0x00, 0x06, 0x00, 0x00, 0x00, 0x0E, 0x00, 0x00, 0x00, 0x01,
  0x00, 0x00, 0x00, 0x00, 0x00, 0x00, 0x00, 0xEE, 0x00, 0x00, 0x00, 0x0E, 0x00, 0x00, 0x00, 0x08,
  0x00, 0x00, 0x00, 0x06, 0x00, 0x00, 0x00, 0x0E, 0xFF, 0xFF, 0xFF, 0xFF, 0x00, 0x00, 0x00, 0x00,
  0x00, 0x00, 0x00, 0xEF, 0x00, 0x00, 0x00, 0x0E, 0x00, 0x00, 0x00, 0x06, 0x00, 0x00, 0x00, 0x06,
  0x00, 0x00, 0x00, 0x0E, 0x00, 0x00, 0x00, 0x00, 0x00, 0x00, 0x00, 0x00, 0x00, 0x00, 0x00, 0xF0,
  0x00, 0x00, 0x00, 0x0E, 0x00, 0x00, 0x00, 0x0C, 0x00, 0x00, 0x00, 0x0C, 0x00, 0x00, 0x00, 0x0E,
  0x00, 0x00, 0x00, 0x00, 0x00, 0x00, 0x00, 0x00, 0x00, 0x00, 0x00, 0xF1, 0x00, 0x00, 0x00, 0x0E,
  0x00, 0x00, 0x00, 0x0B, 0x00, 0x00, 0x00, 0x0D, 0x00, 0x00, 0x00, 0x0E, 0x00, 0x00, 0x00, 0x01,
  0x00, 0x00, 0x00, 0x00, 0x00, 0x00, 0x00, 0xF2, 0x00, 0x00, 0x00, 0x0E, 0x00, 0x00, 0x00, 0x0C,
  0x00, 0x00, 0x00, 0x0C, 0x00, 0x00, 0x00, 0x0E, 0x00, 0x00, 0x00, 0x00, 0x00, 0x00, 0x00, 0x00,
  0x00, 0x00, 0x00, 0xF3, 0x00, 0x00, 0x00, 0x0E, 0x00, 0x00, 0x00, 0x0C, 0x00, 0x00, 0x00, 0x0C,
  0x00, 0x00, 0x00, 0x0E, 0x00, 0x00, 0x00, 0x00, 0x00, 0x00, 0x00, 0x00, 0x00, 0x00, 0x00, 0xF4,
  0x00, 0x00, 0x00, 0x0E, 0x00, 0x00, 0x00, 0x0C, 0x00, 0x00, 0x00, 0x0C, 0x00, 0x00, 0x00, 0x0E,
  0x00, 0x00, 0x00, 0x00, 0x00, 0x00, 0x00, 0x00, 0x00, 0x00, 0x00, 0xF5, 0x00, 0x00, 0x00, 0x0E,
  0x00, 0x00, 0x00, 0x0C, 0x00, 0x00, 0x00, 0x0C, 0x00, 0x00, 0x00, 0x0E, 0x00, 0x00, 0x00, 0x00,
  0x00, 0x00, 0x00, 0x00, 0x00, 0x00, 0x00, 0xF6, 0x00, 0x00, 0x00, 0x0E, 0x00, 0x00, 0x00, 0x0C,
  0x00, 0x00, 0x00, 0x0C, 0x00, 0x00, 0x00, 0x0E, 0x00, 0x00, 0x00, 0x00, 0x00, 0x00, 0x00, 0x00,
  0x00, 0x00, 0x00, 0xF7, 0x00, 0x00, 0x00, 0x0A, 0x00, 0x00, 0x00, 0x0D, 0x00, 0x00, 0x00, 0x0F,
  0x00, 0x00, 0x00, 0x0B, 0x00, 0x00, 0x00, 0x01, 0x00, 0x00, 0x00, 0x00, 0x00, 0x00, 0x00, 0xF8,
  0x00, 0x00, 0x00, 0x0C, 0x00, 0x00, 0x00, 0x0C, 0x00, 0x00, 0x00, 0x0C, 0x00, 0x00, 0x00, 0x0B,
  0x00, 0x00, 0x00, 0x00, 0x00, 0x00, 0x00, 0x00, 0x00, 0x00, 0x00, 0xF9, 0x00, 0x00, 0x00, 0x0E,
  0x00, 0x00, 0x00, 0x0B, 0x00, 0x00, 0x00, 0x0D, 0x00, 0x00, 0x00, 0x0E, 0x00, 0x00, 0x00, 0x01,
  0x00, 0x00, 0x00, 0x00, 0x00, 0x00, 0x00, 0xFA, 0x00, 0x00, 0x00, 0x0E, 0x00, 0x00, 0x00, 0x0B,
  0x00, 0x00, 0x00, 0x0D, 0x00, 0x00, 0x00, 0x0E, 0x00, 0x00, 0x00, 0x01, 0x00, 0x00, 0x00, 0x00,
  0x00, 0x00, 0x00, 0xFB, 0x00, 0x00, 0x00, 0x0E, 0x00, 0x00, 0x00, 0x0B, 0x00, 0x00, 0x00, 0x0D,
  0x00, 0x00, 0x00, 0x0E, 0x00, 0x00, 0x00, 0x01, 0x00, 0x00, 0x00, 0x00, 0x00, 0x00, 0x00, 0xFC,
  0x00, 0x00, 0x00, 0x0E, 0x00, 0x00, 0x00, 0x0B, 0x00, 0x00, 0x00, 0x0D, 0x00, 0x00, 0x00, 0x0E,
  0x00, 0x00, 0x00, 0x01, 0x00, 0x00, 0x00, 0x00, 0x00, 0x00, 0x00, 0xFD, 0x00, 0x00, 0x00, 0x12,
  0x00, 0x00, 0x00, 0x0C, 0x00, 0x00, 0x00, 0x0C, 0x00, 0x00, 0x00, 0x0E, 0x00, 0x00, 0x00, 0x00,
  0x00, 0x00, 0x00, 0x00, 0x00, 0x00, 0x00, 0xFE, 0x00, 0x00, 0x00, 0x12, 0x00, 0x00, 0x00, 0x0C,
  0x00, 0x00, 0x00, 0x0D, 0x00, 0x00, 0x00, 0x0E, 0x00, 0x00, 0x00, 0x01, 0x00, 0x00, 0x00, 0x00,
  0x00, 0x00, 0x00, 0xFF, 0x00, 0x00, 0x00, 0x12, 0x00, 0x00, 0x00, 0x0C, 0x00, 0x00, 0x00, 0x0C,
  0x00, 0x00, 0x00, 0x0E, 0x00, 0x00, 0x00, 0x00, 0x00, 0x00, 0x00, 0x00, 0x00, 0x00, 0x01, 0x00,
  0x00, 0x00, 0x00, 0x11, 0x00, 0x00, 0x00, 0x0E, 0x00, 0x00, 0x00, 0x0E, 0x00, 0x00, 0x00, 0x11,
  0x00, 0x00, 0x00, 0x00, 0x00, 0x00, 0x00, 0x00, 0x00, 0x00, 0x01, 0x01, 0x00, 0x00, 0x00, 0x0E,
  0x00, 0x00, 0x00, 0x0B, 0x00, 0x00, 0x00, 0x0C, 0x00, 0x00, 0x00, 0x0E, 0x00, 0x00, 0x00, 0x00,
  0x00, 0x00, 0x00, 0x00, 0x00, 0x00, 0x01, 0x02, 0x00, 0x00, 0x00, 0x11, 0x00, 0x00, 0x00, 0x0E,
  0x00, 0x00, 0x00, 0x0E, 0x00, 0x00, 0x00, 0x11, 0x00, 0x00, 0x00, 0x00, 0x00, 0x00, 0x00, 0x00,
  0x00, 0x00, 0x01, 0x03, 0x00, 0x00, 0x00, 0x0E, 0x00, 0x00, 0x00, 0x0B, 0x00, 0x00, 0x00, 0x0C,
  0x00, 0x00, 0x00, 0x0E, 0x00, 0x00, 0x00, 0x00, 0x00, 0x00, 0x00, 0x00, 0x00, 0x00, 0x01, 0x04,
  0x00, 0x00, 0x00, 0x11, 0x00, 0x00, 0x00, 0x0E, 0x00, 0x00, 0x00, 0x0E, 0x00, 0x00, 0x00, 0x0D,
  0x00, 0x00, 0x00, 0x00, 0x00, 0x00, 0x00, 0x00, 0x00, 0x00, 0x01, 0x05, 0x00, 0x00, 0x00, 0x0E,
  0x00, 0x00, 0x00, 0x0B, 0x00, 0x00, 0x00, 0x0C, 0x00, 0x00, 0x00, 0x0A, 0x00, 0x00, 0x00, 0x00,
  0x00, 0x00, 0x00, 0x00, 0x00, 0x00, 0x01, 0x06, 0x00, 0x00, 0x00, 0x10, 0x00, 0x00, 0x00, 0x0D,
  0x00, 0x00, 0x00, 0x0D, 0x00, 0x00, 0x00, 0x10, 0x00, 0x00, 0x00, 0x00, 0x00, 0x00, 0x00, 0x00,
  0x00, 0x00, 0x01, 0x07, 0x00, 0x00, 0x00, 0x0E, 0x00, 0x00, 0x00, 0x0A, 0x00, 0x00, 0x00, 0x0B,
  0x00, 0x00, 0x00, 0x0E, 0x00, 0x00, 0x00, 0x00, 0x00, 0x00, 0x00, 0x00, 0x00, 0x00, 0x01, 0x08,
  0x00, 0x00, 0x00, 0x10, 0x00, 0x00, 0x00, 0x0D, 0x00, 0x00, 0x00, 0x0D, 0x00, 0x00, 0x00, 0x10,
  0x00, 0x00, 0x00, 0x00, 0x00, 0x00, 0x00, 0x00, 0x00, 0x00, 0x01, 0x09, 0x00, 0x00, 0x00, 0x0E,
  0x00, 0x00, 0x00, 0x0A, 0x00, 0x00, 0x00, 0x0B, 0x00, 0x00, 0x00, 0x0E, 0x00, 0x00, 0x00, 0x00,
  0x00, 0x00, 0x00, 0x00, 0x00, 0x00, 0x01, 0x0A, 0x00, 0x00, 0x00, 0x10, 0x00, 0x00, 0x00, 0x0D,
  0x00, 0x00, 0x00, 0x0D, 0x00, 0x00, 0x00, 0x10, 0x00, 0x00, 0x00, 0x00, 0x00, 0x00, 0x00, 0x00,
  0x00, 0x00, 0x01, 0x0B, 0x00, 0x00, 0x00, 0x0E, 0x00, 0x00, 0x00, 0x0A, 0x00, 0x00, 0x00, 0x0B,
  0x00, 0x00, 0x00, 0x0E, 0x00, 0x00, 0x00, 0x00, 0x00, 0x00, 0x00, 0x00, 0x00, 0x00, 0x01, 0x0C,
  0x00, 0x00, 0x00, 0x10, 0x00, 0x00, 0x00, 0x0D, 0x00, 0x00, 0x00, 0x0D, 0x00, 0x00, 0x00, 0x10,
  0x00, 0x00, 0x00, 0x00, 0x00, 0x00, 0x00, 0x00, 0x00, 0x00, 0x01, 0x0D, 0x00, 0x00, 0x00, 0x0E,
  0x00, 0x00, 0x00, 0x0A, 0x00, 0x00, 0x00, 0x0B, 0x00, 0x00, 0x00, 0x0E, 0x00, 0x00, 0x00, 0x00,
  0x00, 0x00, 0x00, 0x00, 0x00, 0x00, 0x01, 0x0E, 0x00, 0x00, 0x00, 0x10, 0x00, 0x00, 0x00, 0x0D,
  0x00, 0x00, 0x00, 0x0F, 0x00, 0x00, 0x00, 0x10, 0x00, 0x00, 0x00, 0x01, 0x00, 0x00, 0x00, 0x00,
  0x00, 0x00, 0x01, 0x0F, 0x00, 0x00, 0x00, 0x0E, 0x00, 0x00, 0x00, 0x10, 0x00, 0x00, 0x00, 0x0D,
  0x00, 0x00, 0x00, 0x0E, 0x00, 0x00, 0x00, 0x00, 0x00, 0x00, 0x00, 0x00, 0x00, 0x00, 0x01, 0x10,
  0x00, 0x00, 0x00, 0x0D, 0x00, 0x00, 0x00, 0x0F, 0x00, 0x00, 0x00, 0x0F, 0x00, 0x00, 0x00, 0x0D,
  0x00, 0x00, 0x00, 0x00, 0x00, 0x00, 0x00, 0x00, 0x00, 0x00, 0x01, 0x11, 0x00, 0x00, 0x00, 0x0E,
  0x00, 0x00, 0x00, 0x0D, 0x00, 0x00, 0x00, 0x0D, 0x00, 0x00, 0x00, 0x0E, 0x00, 0x00, 0x00, 0x00,
  0x00, 0x00, 0x00, 0x00, 0x00, 0x00, 0x01, 0x12, 0x00, 0x00, 0x00, 0x11, 0x00, 0x00, 0x00, 0x0A,
  0x00, 0x00, 0x00, 0x0C, 0x00, 0x00, 0x00, 0x11, 0x00, 0x00, 0x00, 0x01, 0x00, 0x00, 0x00, 0x00,
  0x00, 0x00, 0x01, 0x13, 0x00, 0x00, 0x00, 0x0E, 0x00, 0x00, 0x00, 0x0C, 0x00, 0x00, 0x00, 0x0C,
  0x00, 0x00, 0x00, 0x0E, 0x00, 0x00, 0x00, 0x00, 0x00, 0x00, 0x00, 0x00, 0x00, 0x00, 0x01, 0x14,
  0x00, 0x00, 0x00, 0x10, 0x00, 0x00, 0x00, 0x0A, 0x00, 0x00, 0x00, 0x0C, 0x00, 0x00, 0x00, 0x10,
  0x00, 0x00, 0x00, 0x01, 0x00, 0x00, 0x00, 0x00, 0x00, 0x00, 0x01, 0x15, 0x00, 0x00, 0x00, 0x0E,
  0x00, 0x00, 0x00, 0x0C, 0x00, 0x00, 0x00, 0x0C, 0x00, 0x00, 0x00, 0x0E, 0x00, 0x00, 0x00, 0x00,
  0x00, 0x00, 0x00, 0x00, 0x00, 0x00, 0x01, 0x16, 0x00, 0x00, 0x00, 0x10, 0x00, 0x00, 0x00, 0x0A,
  0x00, 0x00, 0x00, 0x0C, 0x00, 0x00, 0x00, 0x10, 0x00, 0x00, 0x00, 0x01, 0x00, 0x00, 0x00, 0x00,
  0x00, 0x00, 0x01, 0x17, 0x00, 0x00, 0x00, 0x0E, 0x00, 0x00, 0x00, 0x0C, 0x00, 0x00, 0x00, 0x0C,
  0x00, 0x00, 0x00, 0x0E, 0x00, 0x00, 0x00, 0x00, 0x00, 0x00, 0x00, 0x00, 0x00, 0x00, 0x01, 0x18,
  0x00, 0x00, 0x00, 0x11, 0x00, 0x00, 0x00, 0x0A, 0x00, 0x00, 0x00, 0x0C, 0x00, 0x00, 0x00, 0x0D,
  0x00, 0x00, 0x00, 0x01, 0x00, 0x00, 0x00, 0x00, 0x00, 0x00, 0x01, 0x19, 0x00, 0x00, 0x00, 0x0E,
  0x00, 0x00, 0x00, 0x0C, 0x00, 0x00, 0x00, 0x0C, 0x00, 0x00, 0x00, 0x0A, 0x00, 0x00, 0x00, 0x00,
  0x00, 0x00, 0x00, 0x00, 0x00, 0x00, 0x01, 0x1A, 0x00, 0x00, 0x00, 0x10, 0x00, 0x00, 0x00, 0x0A,
  0x00, 0x00, 0x00, 0x0C, 0x00, 0x00, 0x00, 0x10, 0x00, 0x00, 0x00, 0x01, 0x00, 0x00, 0x00, 0x00,
  0x00, 0x00, 0x01, 0x1B, 0x00, 0x00, 0x00, 0x0E, 0x00, 0x00, 0x00, 0x0C, 0x00, 0x00, 0x00, 0x0C,
  0x00, 0x00, 0x00, 0x0E, 0x00, 0x00, 0x00, 0x00, 0x00, 0x00, 0x00, 0x00, 0x00, 0x00, 0x01, 0x1C,
  0x00, 0x00, 0x00, 0x10, 0x00, 0x00, 0x00, 0x0E, 0x00, 0x00, 0x00, 0x0F, 0x00, 0x00, 0x00, 0x10,
  0x00, 0x00, 0x00, 0x00, 0x00, 0x00, 0x00, 0x00, 0x00, 0x00, 0x01, 0x1D, 0x00, 0x00, 0x00, 0x12,
  0x00, 0x00, 0x00, 0x0C, 0x00, 0x00, 0x00, 0x0D, 0x00, 0x00, 0x00, 0x0E, 0x00, 0x00, 0x00, 0x00,
  0x00, 0x00, 0x00, 0x00, 0x00, 0x00, 0x01, 0x1E, 0x00, 0x00, 0x00, 0x10, 0x00, 0x00, 0x00, 0x0E,
  0x00, 0x00, 0x00, 0x0F, 0x00, 0x00, 0x00, 0x10, 0x00, 0x00, 0x00, 0x00, 0x00, 0x00, 0x00, 0x00,
  0x00, 0x00, 0x01, 0x1F, 0x00, 0x00, 0x00, 0x12, 0x00, 0x00, 0x00, 0x0C, 0x00, 0x00, 0x00, 0x0D,
  0x00, 0x00, 0x00, 0x0E, 0x00, 0x00, 0x00, 0x00, 0x00, 0x00, 0x00, 0x00, 0x00, 0x00, 0x01, 0x20,
  0x00, 0x00, 0x00, 0x10, 0x00, 0x00, 0x00, 0x0E, 0x00, 0x00, 0x00, 0x0F, 0x00, 0x00, 0x00, 0x10,
  0x00, 0x00, 0x00, 0x00, 0x00, 0x00, 0x00, 0x00, 0x00, 0x00, 0x01, 0x21, 0x00, 0x00, 0x00, 0x12,
  0x00, 0x00, 0x00, 0x0C, 0x00, 0x00, 0x00, 0x0D, 0x00, 0x00, 0x00, 0x0E, 0x00, 0x00, 0x00, 0x00,
  0x00, 0x00, 0x00, 0x00, 0x00, 0x00, 0x01, 0x22, 0x00, 0x00, 0x00, 0x11, 0x00, 0x00, 0x00, 0x0E,
  0x00, 0x00, 0x00, 0x0F, 0x00, 0x00, 0x00, 0x0D, 0x00, 0x00, 0x00, 0x00, 0x00, 0x00, 0x00, 0x00,
  0x00, 0x00, 0x01, 0x23, 0x00, 0x00, 0x00, 0x13, 0x00, 0x00, 0x00, 0x0C, 0x00, 0x00, 0x00, 0x0D,
  0x00, 0x00, 0x00, 0x0F, 0x00, 0x00, 0x00, 0x00, 0x00, 0x00, 0x00, 0x00, 0x00, 0x00, 0x01, 0x24,
  0x00, 0x00, 0x00, 0x10, 0x00, 0x00, 0x00, 0x0D, 0x00, 0x00, 0x00, 0x0F, 0x00, 0x00, 0x00, 0x10,
  0x00, 0x00, 0x00, 0x01, 0x00, 0x00, 0x00, 0x00, 0x00, 0x00, 0x01, 0x25, 0x00, 0x00, 0x00, 0x10,
  0x00, 0x00, 0x00, 0x0D, 0x00, 0x00, 0x00, 0x0D, 0x00, 0x00, 0x00, 0x10, 0xFF, 0xFF, 0xFF, 0xFF,
  0x00, 0x00, 0x00, 0x00, 0x00, 0x00, 0x01, 0x26, 0x00, 0x00, 0x00, 0x0D, 0x00, 0x00, 0x00, 0x0F,
  0x00, 0x00, 0x00, 0x12, 0x00, 0x00, 0x00, 0x0D, 0x00, 0x00, 0x00, 0x01, 0x00, 0x00, 0x00, 0x00,
  0x00, 0x00, 0x01, 0x27, 0x00, 0x00, 0x00, 0x0E, 0x00, 0x00, 0x00, 0x0C, 0x00, 0x00, 0x00, 0x0E,
  0x00, 0x00, 0x00, 0x0E, 0x00, 0x00, 0x00, 0x01, 0x00, 0x00, 0x00, 0x00, 0x00, 0x00, 0x01, 0x28,
  0x00, 0x00, 0x00, 0x11, 0x00, 0x00, 0x00, 0x07, 0x00, 0x00, 0x00, 0x07, 0x00, 0x00, 0x00, 0x11,
  0x00, 0x00, 0x00, 0x00, 0x00, 0x00, 0x00, 0x00, 0x00, 0x00, 0x01, 0x29, 0x00, 0x00, 0x00, 0x0E,
  0x00, 0x00, 0x00, 0x07, 0x00, 0x00, 0x00, 0x06, 0x00, 0x00, 0x00, 0x0E, 0x00, 0x00, 0x00, 0x00,
  0x00, 0x00, 0x00, 0x00, 0x00, 0x00, 0x01, 0x2A, 0x00, 0x00, 0x00, 0x11, 0x00, 0x00, 0x00, 0x07,
  0x00, 0x00, 0x00, 0x07, 0x00, 0x00, 0x00, 0x11, 0x00, 0x00, 0x00, 0x00, 0x00, 0x00, 0x00, 0x00,
  0x00, 0x00, 0x01, 0x2B, 0x00, 0x00, 0x00, 0x0E, 0x00, 0x00, 0x00, 0x06, 0x00, 0x00, 0x00, 0x06,
  0x00, 0x00, 0x00, 0x0E, 0x00, 0x00, 0x00, 0x00, 0x00, 0x00, 0x00, 0x00, 0x00, 0x00, 0x01, 0x2C,
  0x00, 0x00, 0x00, 0x10, 0x00, 0x00, 0x00, 0x07, 0x00, 0x00, 0x00, 0x07, 0x00, 0x00, 0x00, 0x10,
  0x00, 0x00, 0x00, 0x00, 0x00, 0x00, 0x00, 0x00, 0x00, 0x00, 0x01, 0x2D, 0x00, 0x00, 0x00, 0x0E,
  0x00, 0x00, 0x00, 0x06, 0x00, 0x00, 0x00, 0x06, 0x00, 0x00, 0x00, 0x0E, 0x00, 0x00, 0x00, 0x00,
  0x00, 0x00, 0x00, 0x00, 0x00, 0x00, 0x01, 0x2E, 0x00, 0x00, 0x00, 0x11, 0x00, 0x00, 0x00, 0x06,
  0x00, 0x00, 0x00, 0x07, 0x00, 0x00, 0x00, 0x0D, 0x00, 0x00, 0x00, 0x01, 0x00, 0x00, 0x00, 0x00,
  0x00, 0x00, 0x01, 0x2F, 0x00, 0x00, 0x00, 0x12, 0x00, 0x00, 0x00, 0x06, 0x00, 0x00, 0x00, 0x06,
  0x00, 0x00, 0x00, 0x0E, 0x00, 0x00, 0x00, 0x01, 0x00, 0x00, 0x00, 0x00, 0x00, 0x00, 0x01, 0x30,
  0x00, 0x00, 0x00, 0x10, 0x00, 0x00, 0x00, 0x05, 0x00, 0x00, 0x00, 0x07, 0x00, 0x00, 0x00, 0x10,
  0x00, 0x00, 0x00, 0x01, 0x00, 0x00, 0x00, 0x00, 0x00, 0x00, 0x01, 0x31, 0x00, 0x00, 0x00, 0x0A,
  0x00, 0x00, 0x00, 0x04, 0x00, 0x00, 0x00, 0x06, 0x00, 0x00, 0x00, 0x0A, 0x00, 0x00, 0x00, 0x01,
  0x00, 0x00, 0x00, 0x00, 0x00, 0x00, 0x01, 0x32, 0x00, 0x00, 0x00, 0x11, 0x00, 0x00, 0x00, 0x0B,
  0x00, 0x00, 0x00, 0x0D, 0x00, 0x00, 0x00, 0x0D, 0x00, 0x00, 0x00, 0x01, 0x00, 0x00, 0x00, 0x00,
  0x00, 0x00, 0x01, 0x33, 0x00, 0x00, 0x00, 0x12, 0x00, 0x00, 0x00, 0x0A, 0x00, 0x00, 0x00, 0x0C,
  0x00, 0x00, 0x00, 0x0E, 0x00, 0x00, 0x00, 0x01, 0x00, 0x00, 0x00, 0x00, 0x00, 0x00, 0x01, 0x34,
  0x00, 0x00, 0x00, 0x14, 0x00, 0x00, 0x00, 0x09, 0x00, 0x00, 0x00, 0x07, 0x00, 0x00, 0x00, 0x10,
  0xFF, 0xFF, 0xFF, 0xFE, 0x00, 0x00, 0x00, 0x00, 0x00, 0x00, 0x01, 0x35, 0x00, 0x00, 0x00, 0x12,
  0x00, 0x00, 0x00, 0x08, 0x00, 0x00, 0x00, 0x06, 0x00, 0x00, 0x00, 0x0E, 0xFF, 0xFF, 0xFF, 0xFF,
  0x00, 0x00, 0x00, 0x00, 0x00, 0x00, 0x01, 0x36, 0x00, 0x00, 0x00, 0x10, 0x00, 0x00, 0x00, 0x0E,
  0x00, 0x00, 0x00, 0x0E, 0x00, 0x00, 0x00, 0x0D, 0x00, 0x00, 0x00, 0x01, 0x00, 0x00, 0x00, 0x00,
  0x00, 0x00, 0x01, 0x37, 0x00, 0x00, 0x00, 0x11, 0x00, 0x00, 0x00, 0x0C, 0x00, 0x00, 0x00, 0x0C,
  0x00, 0x00, 0x00, 0x0E, 0x00, 0x00, 0x00, 0x01, 0x00, 0x00, 0x00, 0x00, 0x00, 0x00, 0x01, 0x38,
  0x00, 0x00, 0x00, 0x0A, 0x00, 0x00, 0x00, 0x0C, 0x00, 0x00, 0x00, 0x0C, 0x00, 0x00, 0x00, 0x0A,
  0x00, 0x00, 0x00, 0x01, 0x00, 0x00, 0x00, 0x00, 0x00, 0x00, 0x01, 0x39, 0x00, 0x00, 0x00, 0x10,
  0x00, 0x00, 0x00, 0x0A, 0x00, 0x00, 0x00, 0x0B, 0x00, 0x00, 0x00, 0x10, 0x00, 0x00, 0x00, 0x01,
  0x00, 0x00, 0x00, 0x00, 0x00, 0x00, 0x01, 0x3A, 0x00, 0x00, 0x00, 0x11, 0x00, 0x00, 0x00, 0x06,
  0x00, 0x00, 0x00, 0x06, 0x00, 0x00, 0x00, 0x11, 0x00, 0x00, 0x00, 0x01, 0x00, 0x00, 0x00, 0x00,
  0x00, 0x00, 0x01, 0x3B, 0x00, 0x00, 0x00, 0x11, 0x00, 0x00, 0x00, 0x0A, 0x00, 0x00, 0x00, 0x0B,
  0x00, 0x00, 0x00, 0x0D, 0x00, 0x00, 0x00, 0x01, 0x00, 0x00, 0x00, 0x00, 0x00, 0x00, 0x01, 0x3C,
  0x00, 0x00, 0x00, 0x11, 0x00, 0x00, 0x00, 0x04, 0x00, 0x00, 0x00, 0x06, 0x00, 0x00, 0x00, 0x0E,
  0x00, 0x00, 0x00, 0x01, 0x00, 0x00, 0x00, 0x00, 0x00, 0x00, 0x01, 0x3D, 0x00, 0x00, 0x00, 0x0D,
  0x00, 0x00, 0x00, 0x0A, 0x00, 0x00, 0x00, 0x0B, 0x00, 0x00, 0x00, 0x0D, 0x00, 0x00, 0x00, 0x01,
  0x00, 0x00, 0x00, 0x00, 0x00, 0x00, 0x01, 0x3E, 0x00, 0x00, 0x00, 0x0E, 0x00, 0x00, 0x00, 0x08,
  0x00, 0x00, 0x00, 0x09, 0x00, 0x00, 0x00, 0x0E, 0x00, 0x00, 0x00, 0x01, 0x00, 0x00, 0x00, 0x00,
  0x00, 0x00, 0x01, 0x3F, 0x00, 0x00, 0x00, 0x0D, 0x00, 0x00, 0x00, 0x0A, 0x00, 0x00, 0x00, 0x0B,
  0x00, 0x00, 0x00, 0x0D, 0x00, 0x00, 0x00, 0x01, 0x00, 0x00, 0x00, 0x00, 0x00, 0x00, 0x01, 0x40,
  0x00, 0x00, 0x00, 0x0E, 0x00, 0x00, 0x00, 0x08, 0x00, 0x00, 0x00, 0x0A, 0x00, 0x00, 0x00, 0x0E,
  0x00, 0x00, 0x00, 0x01, 0x00, 0x00, 0x00, 0x00, 0x00, 0x00, 0x01, 0x41, 0x00, 0x00, 0x00, 0x0D,
  0x00, 0x00, 0x00, 0x0D, 0x00, 0x00, 0x00, 0x0C, 0x00, 0x00, 0x00, 0x0D, 0xFF, 0xFF, 0xFF, 0xFF,
  0x00, 0x00, 0x00, 0x00, 0x00, 0x00, 0x01, 0x42, 0x00, 0x00, 0x00, 0x0E, 0x00, 0x00, 0x00, 0x08,
  0x00, 0x00, 0x00, 0x07, 0x00, 0x00, 0x00, 0x0E, 0xFF, 0xFF, 0xFF, 0xFF, 0x00, 0x00, 0x00, 0x00,
  0x00, 0x00, 0x01, 0x43, 0x00, 0x00, 0x00, 0x10, 0x00, 0x00, 0x00, 0x0D, 0x00, 0x00, 0x00, 0x0F,
  0x00, 0x00, 0x00, 0x10, 0x00, 0x00, 0x00, 0x01, 0x00, 0x00, 0x00, 0x00, 0x00, 0x00, 0x01, 0x44,
  0x00, 0x00, 0x00, 0x0E, 0x00, 0x00, 0x00, 0x0B, 0x00, 0x00, 0x00, 0x0D, 0x00, 0x00, 0x00, 0x0E,
  0x00, 0x00, 0x00, 0x01, 0x00, 0x00, 0x00, 0x00, 0x00, 0x00, 0x01, 0x45, 0x00, 0x00, 0x00, 0x10,
  0x00, 0x00, 0x00, 0x0D, 0x00, 0x00, 0x00, 0x0F, 0x00, 0x00, 0x00, 0x0D, 0x00, 0x00, 0x00, 0x01,
  0x00, 0x00, 0x00, 0x00, 0x00, 0x00, 0x01, 0x46, 0x00, 0x00, 0x00, 0x0D, 0x00, 0x00, 0x00, 0x0B,
  0x00, 0x00, 0x00, 0x0D, 0x00, 0x00, 0x00, 0x0A, 0x00, 0x00, 0x00, 0x01, 0x00, 0x00, 0x00, 0x00,
  0x00, 0x00, 0x01, 0x47, 0x00, 0x00, 0x00, 0x10, 0x00, 0x00, 0x00, 0x0D, 0x00, 0x00, 0x00, 0x0F,
  0x00, 0x00, 0x00, 0x10, 0x00, 0x00, 0x00, 0x01, 0x00, 0x00, 0x00, 0x00, 0x00, 0x00, 0x01, 0x48,
  0x00, 0x00, 0x00, 0x0E, 0x00, 0x00, 0x00, 0x0B, 0x00, 0x00, 0x00, 0x0D, 0x00, 0x00, 0x00, 0x0E,
  0x00, 0x00, 0x00, 0x01, 0x00, 0x00, 0x00, 0x00, 0x00, 0x00, 0x01, 0x49, 0x00, 0x00, 0x00, 0x0D,
  0x00, 0x00, 0x00, 0x11, 0x00, 0x00, 0x00, 0x12, 0x00, 0x00, 0x00, 0x0D, 0x00, 0x00, 0x00, 0x00,
  0x00, 0x00, 0x00, 0x00, 0x00, 0x00, 0x01, 0x4A, 0x00, 0x00, 0x00, 0x11, 0x00, 0x00, 0x00, 0x0D,
  0x00, 0x00, 0x00, 0x0F, 0x00, 0x00, 0x00, 0x0D, 0x00, 0x00, 0x00, 0x01, 0x00, 0x00, 0x00, 0x00,
  0x00, 0x00, 0x01, 0x4B, 0x00, 0x00, 0x00, 0x0E, 0x00, 0x00, 0x00, 0x0B, 0x00, 0x00, 0x00, 0x0D,
  0x00, 0x00, 0x00, 0x0A, 0x00, 0x00, 0x00, 0x01, 0x00, 0x00, 0x00, 0x00, 0x00, 0x00, 0x01, 0x4C,
  0x00, 0x00, 0x00, 0x11, 0x00, 0x00, 0x00, 0x0F, 0x00, 0x00, 0x00, 0x0F, 0x00, 0x00, 0x00, 0x11,
  0x00, 0x00, 0x00, 0x00, 0x00, 0x00, 0x00, 0x00, 0x00, 0x00, 0x01, 0x4D, 0x00, 0x00, 0x00, 0x0E,
  0x00, 0x00, 0x00, 0x0C, 0x00, 0x00, 0x00, 0x0C, 0x00, 0x00, 0x00, 0x0E, 0x00, 0x00, 0x00, 0x00,
  0x00, 0x00, 0x00, 0x00, 0x00, 0x00, 0x01, 0x4E, 0x00, 0x00, 0x00, 0x10, 0x00, 0x00, 0x00, 0x0F,
  0x00, 0x00, 0x00, 0x0F, 0x00, 0x00, 0x00, 0x10, 0x00, 0x00, 0x00, 0x00, 0x00, 0x00, 0x00, 0x00,
  0x00, 0x00, 0x01, 0x4F, 0x00, 0x00, 0x00, 0x0E, 0x00, 0x00, 0x00, 0x0C, 0x00, 0x00, 0x00, 0x0C,
  0x00, 0x00, 0x00, 0x0E, 0x00, 0x00, 0x00, 0x00, 0x00, 0x00, 0x00, 0x00, 0x00, 0x00, 0x01, 0x50,
  0x00, 0x00, 0x00, 0x10, 0x00, 0x00, 0x00, 0x0F, 0x00, 0x00, 0x00, 0x0F, 0x00, 0x00, 0x00, 0x10,
  0x00, 0x00, 0x00, 0x00, 0x00, 0x00, 0x00, 0x00, 0x00, 0x00, 0x01, 0x51, 0x00, 0x00, 0x00, 0x0E,
  0x00, 0x00, 0x00, 0x0C, 0x00, 0x00, 0x00, 0x0C, 0x00, 0x00, 0x00, 0x0E, 0x00, 0x00, 0x00, 0x00,
  0x00, 0x00, 0x00, 0x00, 0x00, 0x00, 0x01, 0x52, 0x00, 0x00, 0x00, 0x0E, 0x00, 0x00, 0x00, 0x14,
  0x00, 0x00, 0x00, 0x15, 0x00, 0x00, 0x00, 0x0D, 0x00, 0x00, 0x00, 0x00, 0x00, 0x00, 0x00, 0x00,
  0x00, 0x00, 0x01, 0x53, 0x00, 0x00, 0x00, 0x0A, 0x00, 0x00, 0x00, 0x13, 0x00, 0x00, 0x00, 0x14,
  0x00, 0x00, 0x00, 0x0A, 0x00, 0x00, 0x00, 0x00, 0x00, 0x00, 0x00, 0x00, 0x00, 0x00, 0x01, 0x54,
  0x00, 0x00, 0x00, 0x10, 0x00, 0x00, 0x00, 0x0D, 0x00, 0x00, 0x00, 0x0E, 0x00, 0x00, 0x00, 0x10,
  0x00, 0x00, 0x00, 0x01, 0x00, 0x00, 0x00, 0x00, 0x00, 0x00, 0x01, 0x55, 0x00, 0x00, 0x00, 0x0E,
  0x00, 0x00, 0x00, 0x09, 0x00, 0x00, 0x00, 0x09, 0x00, 0x00, 0x00, 0x0E, 0x00, 0x00, 0x00, 0x01,
  0x00, 0x00, 0x00, 0x00, 0x00, 0x00, 0x01, 0x56, 0x00, 0x00, 0x00, 0x10, 0x00, 0x00, 0x00, 0x0D,
  0x00, 0x00, 0x00, 0x0E, 0x00, 0x00, 0x00, 0x0D, 0x00, 0x00, 0x00, 0x01, 0x00, 0x00, 0x00, 0x00,
  0x00, 0x00, 0x01, 0x57, 0x00, 0x00, 0x00, 0x0D, 0x00, 0x00, 0x00, 0x08, 0x00, 0x00, 0x00, 0x09,
  0x00, 0x00, 0x00, 0x0A, 0x00, 0x00, 0x00, 0x01, 0x00, 0x00, 0x00, 0x00, 0x00, 0x00, 0x01, 0x58,
  0x00, 0x00, 0x00, 0x10, 0x00, 0x00, 0x00, 0x0D, 0x00, 0x00, 0x00, 0x0E, 0x00, 0x00, 0x00, 0x10,
  0x00, 0x00, 0x00, 0x01, 0x00, 0x00, 0x00, 0x00, 0x00, 0x00, 0x01, 0x59, 0x00, 0x00, 0x00, 0x0E,
  0x00, 0x00, 0x00, 0x08, 0x00, 0x00, 0x00, 0x09, 0x00, 0x00, 0x00, 0x0E, 0x00, 0x00, 0x00, 0x01,
  0x00, 0x00, 0x00, 0x00, 0x00, 0x00, 0x01, 0x5A, 0x00, 0x00, 0x00, 0x10, 0x00, 0x00, 0x00, 0x0B,
  0x00, 0x00, 0x00, 0x0D, 0x00, 0x00, 0x00, 0x10, 0x00, 0x00, 0x00, 0x01, 0x00, 0x00, 0x00, 0x00,
  0x00, 0x00, 0x01, 0x5B, 0x00, 0x00, 0x00, 0x0E, 0x00, 0x00, 0x00, 0x0A, 0x00, 0x00, 0x00, 0x0B,
  0x00, 0x00, 0x00, 0x0E, 0x00, 0x00, 0x00, 0x00, 0x00, 0x00, 0x00, 0x00, 0x00, 0x00, 0x01, 0x5C,
  0x00, 0x00, 0x00, 0x10, 0x00, 0x00, 0x00, 0x0B, 0x00, 0x00, 0x00, 0x0D, 0x00, 0x00, 0x00, 0x10,
  0x00, 0x00, 0x00, 0x01, 0x00, 0x00, 0x00, 0x00, 0x00, 0x00, 0x01, 0x5D, 0x00, 0x00, 0x00, 0x0E,
  0x00, 0x00, 0x00, 0x0A, 0x00, 0x00, 0x00, 0x0B, 0x00, 0x00, 0x00, 0x0E, 0x00, 0x00, 0x00, 0x00,
  0x00, 0x00, 0x00, 0x00, 0x00, 0x00, 0x01, 0x5E, 0x00, 0x00, 0x00, 0x11, 0x00, 0x00, 0x00, 0x0B,
  0x00, 0x00, 0x00, 0x0D, 0x00, 0x00, 0x00, 0x0D, 0x00, 0x00, 0x00, 0x01, 0x00, 0x00, 0x00, 0x00,
  0x00, 0x00, 0x01, 0x5F, 0x00, 0x00, 0x00, 0x0E, 0x00, 0x00, 0x00, 0x0A, 0x00, 0x00, 0x00, 0x0B,
  0x00, 0x00, 0x00, 0x0A, 0x00, 0x00, 0x00, 0x00, 0x00, 0x00, 0x00, 0x00, 0x00, 0x00, 0x01, 0x60,
  0x00, 0x00, 0x00, 0x10, 0x00, 0x00, 0x00, 0x0B, 0x00, 0x00, 0x00, 0x0D, 0x00, 0x00, 0x00, 0x10,
  0x00, 0x00, 0x00, 0x01, 0x00, 0x00, 0x00, 0x00, 0x00, 0x00, 0x01, 0x61, 0x00, 0x00, 0x00, 0x0E,
  0x00, 0x00, 0x00, 0x0A, 0x00, 0x00, 0x00, 0x0B, 0x00, 0x00, 0x00, 0x0E, 0x00, 0x00, 0x00, 0x00,
  0x00, 0x00, 0x00, 0x00, 0x00, 0x00, 0x01, 0x62, 0x00, 0x00, 0x00, 0x11, 0x00, 0x00, 0x00, 0x0D,
  0x00, 0x00, 0x00, 0x0C, 0x00, 0x00, 0x00, 0x0D, 0x00, 0x00, 0x00, 0x00, 0x00, 0x00, 0x00, 0x00,
  0x00, 0x00, 0x01, 0x63, 0x00, 0x00, 0x00, 0x11, 0x00, 0x00, 0x00, 0x09, 0x00, 0x00, 0x00, 0x09,
  0x00, 0x00, 0x00, 0x0D, 0x00, 0x00, 0x00, 0x00, 0x00, 0x00, 0x00, 0x00, 0x00, 0x00, 0x01, 0x64,
  0x00, 0x00, 0x00, 0x10, 0x00, 0x00, 0x00, 0x0D, 0x00, 0x00, 0x00, 0x0C, 0x00, 0x00, 0x00, 0x10,
  0x00, 0x00, 0x00, 0x00, 0x00, 0x00, 0x00, 0x00, 0x00, 0x00, 0x01, 0x65, 0x00, 0x00, 0x00, 0x0E,
  0x00, 0x00, 0x00, 0x0A, 0x00, 0x00, 0x00, 0x09, 0x00, 0x00, 0x00, 0x0E, 0x00, 0x00, 0x00, 0x00,
  0x00, 0x00, 0x00, 0x00, 0x00, 0x00, 0x01, 0x66, 0x00, 0x00, 0x00, 0x0D, 0x00, 0x00, 0x00, 0x0D,
  0x00, 0x00, 0x00, 0x0C, 0x00, 0x00, 0x00, 0x0D, 0x00, 0x00, 0x00, 0x00, 0x00, 0x00, 0x00, 0x00,
  0x00, 0x00, 0x01, 0x67, 0x00, 0x00, 0x00, 0x0D, 0x00, 0x00, 0x00, 0x09, 0x00, 0x00, 0x00, 0x09,
  0x00, 0x00, 0x00, 0x0D, 0x00, 0x00, 0x00, 0x00, 0x00, 0x00, 0x00, 0x00, 0x00, 0x00, 0x01, 0x68,
  0x00, 0x00, 0x00, 0x11, 0x00, 0x00, 0x00, 0x0C, 0x00, 0x00, 0x00, 0x0F, 0x00, 0x00, 0x00, 0x11,
  0x00, 0x00, 0x00, 0x01, 0x00, 0x00, 0x00, 0x00, 0x00, 0x00, 0x01, 0x69, 0x00, 0x00, 0x00, 0x0E,
  0x00, 0x00, 0x00, 0x0B, 0x00, 0x00, 0x00, 0x0D, 0x00, 0x00, 0x00, 0x0E, 0x00, 0x00, 0x00, 0x01,
  0x00, 0x00, 0x00, 0x00, 0x00, 0x00, 0x01, 0x6A, 0x00, 0x00, 0x00, 0x11, 0x00, 0x00, 0x00, 0x0C,
  0x00, 0x00, 0x00, 0x0F, 0x00, 0x00, 0x00, 0x11, 0x00, 0x00, 0x00, 0x01, 0x00, 0x00, 0x00, 0x00,
  0x00, 0x00, 0x01, 0x6B, 0x00, 0x00, 0x00, 0x0E, 0x00, 0x00, 0x00, 0x0B, 0x00, 0x00, 0x00, 0x0D,
  0x00, 0x00, 0x00, 0x0E, 0x00, 0x00, 0x00, 0x01, 0x00, 0x00, 0x00, 0x00, 0x00, 0x00, 0x01, 0x6C,
  0x00, 0x00, 0x00, 0x10, 0x00, 0x00, 0x00, 0x0C, 0x00, 0x00, 0x00, 0x0F, 0x00, 0x00, 0x00, 0x10,
  0x00, 0x00, 0x00, 0x01, 0x00, 0x00, 0x00, 0x00, 0x00, 0x00, 0x01, 0x6D, 0x00, 0x00, 0x00, 0x0E,
  0x00, 0x00, 0x00, 0x0B, 0x00, 0x00, 0x00, 0x0D, 0x00, 0x00, 0x00, 0x0E, 0x00, 0x00, 0x00, 0x01,
  0x00, 0x00, 0x00, 0x00, 0x00, 0x00, 0x01, 0x6E, 0x00, 0x00, 0x00, 0x11, 0x00, 0x00, 0x00, 0x0C,
  0x00, 0x00, 0x00, 0x0F, 0x00, 0x00, 0x00, 0x11, 0x00, 0x00, 0x00, 0x01, 0x00, 0x00, 0x00, 0x00,
  0x00, 0x00, 0x01, 0x6F, 0x00, 0x00, 0x00, 0x10, 0x00, 0x00, 0x00, 0x0B, 0x00, 0x00, 0x00, 0x0D,
  0x00, 0x00, 0x00, 0x10, 0x00, 0x00, 0x00, 0x01, 0x00, 0x00, 0x00, 0x00, 0x00, 0x00, 0x01, 0x70,
  0x00, 0x00, 0x00, 0x10, 0x00, 0x00, 0x00, 0x0C, 0x00, 0x00, 0x00, 0x0F, 0x00, 0x00, 0x00, 0x10,
  0x00, 0x00, 0x00, 0x01, 0x00, 0x00, 0x00, 0x00, 0x00, 0x00, 0x01, 0x71, 0x00, 0x00, 0x00, 0x0E,
  0x00, 0x00, 0x00, 0x0B, 0x00, 0x00, 0x00, 0x0D, 0x00, 0x00, 0x00, 0x0E, 0x00, 0x00, 0x00, 0x01,
  0x00, 0x00, 0x00, 0x00, 0x00, 0x00, 0x01, 0x72, 0x00, 0x00, 0x00, 0x11, 0x00, 0x00, 0x00, 0x0C,
  0x00, 0x00, 0x00, 0x0F, 0x00, 0x00, 0x00, 0x0D, 0x00, 0x00, 0x00, 0x01, 0x00, 0x00, 0x00, 0x00,
  0x00, 0x00, 0x01, 0x73, 0x00, 0x00, 0x00, 0x0E, 0x00, 0x00, 0x00, 0x0C, 0x00, 0x00, 0x00, 0x0D,
  0x00, 0x00, 0x00, 0x0A, 0x00, 0x00, 0x00, 0x01, 0x00, 0x00, 0x00, 0x00, 0x00, 0x00, 0x01, 0x74,
  0x00, 0x00, 0x00, 0x10, 0x00, 0x00, 0x00, 0x14, 0x00, 0x00, 0x00, 0x14, 0x00, 0x00, 0x00, 0x10,
  0x00, 0x00, 0x00, 0x00, 0x00, 0x00, 0x00, 0x00, 0x00, 0x00, 0x01, 0x75, 0x00, 0x00, 0x00, 0x0E,
  0x00, 0x00, 0x00, 0x10, 0x00, 0x00, 0x00, 0x11, 0x00, 0x00, 0x00, 0x0E, 0x00, 0x00, 0x00, 0x00,
  0x00, 0x00, 0x00, 0x00, 0x00, 0x00, 0x01, 0x76, 0x00, 0x00, 0x00, 0x10, 0x00, 0x00, 0x00, 0x0F,
  0x00, 0x00, 0x00, 0x0D, 0x00, 0x00, 0x00, 0x10, 0xFF, 0xFF, 0xFF, 0xFF, 0x00, 0x00, 0x00, 0x00,
  0x00, 0x00, 0x01, 0x77, 0x00, 0x00, 0x00, 0x12, 0x00, 0x00, 0x00, 0x0C, 0x00, 0x00, 0x00, 0x0C,
  0x00, 0x00, 0x00, 0x0E, 0x00, 0x00, 0x00, 0x00, 0x00, 0x00, 0x00, 0x00, 0x00, 0x00, 0x01, 0x78,
  0x00, 0x00, 0x00, 0x10, 0x00, 0x00, 0x00, 0x0F, 0x00, 0x00, 0x00, 0x0D, 0x00, 0x00, 0x00, 0x10,
  0xFF, 0xFF, 0xFF, 0xFF, 0x00, 0x00, 0x00, 0x00, 0x00, 0x00, 0x01, 0x79, 0x00, 0x00, 0x00, 0x10,
  0x00, 0x00, 0x00, 0x0D, 0x00, 0x00, 0x00, 0x0D, 0x00, 0x00, 0x00, 0x10, 0x00, 0x00, 0x00, 0x00,
  0x00, 0x00, 0x00, 0x00, 0x00, 0x00, 0x01, 0x7A, 0x00, 0x00, 0x00, 0x0E, 0x00, 0x00, 0x00, 0x0A,
  0x00, 0x00, 0x00, 0x0A, 0x00, 0x00, 0x00, 0x0E, 0x00, 0x00, 0x00, 0x00, 0x00, 0x00, 0x00, 0x00,
  0x00, 0x00, 0x01, 0x7B, 0x00, 0x00, 0x00, 0x10, 0x00, 0x00, 0x00, 0x0D, 0x00, 0x00, 0x00, 0x0D,
  0x00, 0x00, 0x00, 0x10, 0x00, 0x00, 0x00, 0x00, 0x00, 0x00, 0x00, 0x00, 0x00, 0x00, 0x01, 0x7C,
  0x00, 0x00, 0x00, 0x0E, 0x00, 0x00, 0x00, 0x0A, 0x00, 0x00, 0x00, 0x0A, 0x00, 0x00, 0x00, 0x0E,
  0x00, 0x00, 0x00, 0x00, 0x00, 0x00, 0x00, 0x00, 0x00, 0x00, 0x01, 0x7D, 0x00, 0x00, 0x00, 0x10,
  0x00, 0x00, 0x00, 0x0D, 0x00, 0x00, 0x00, 0x0D, 0x00, 0x00, 0x00, 0x10, 0x00, 0x00, 0x00, 0x00,
  0x00, 0x00, 0x00, 0x00, 0x00, 0x00, 0x01, 0x7E, 0x00, 0x00, 0x00, 0x0E, 0x00, 0x00, 0x00, 0x0A,
  0x00, 0x00, 0x00, 0x0A, 0x00, 0x00, 0x00, 0x0E, 0x00, 0x00, 0x00, 0x00, 0x00, 0x00, 0x00, 0x00,
  0x00, 0x00, 0x01, 0x7F, 0x00, 0x00, 0x00, 0x0E, 0x00, 0x00, 0x00, 0x08, 0x00, 0x00, 0x00, 0x08,
  0x00, 0x00, 0x00, 0x0E, 0x00, 0x00, 0x00, 0x00, 0x00, 0x00, 0x00, 0x00, 0x00, 0x00, 0x03, 0xA9,
  0x00, 0x00, 0x00, 0x0D, 0x00, 0x00, 0x00, 0x0F, 0x00, 0x00, 0x00, 0x0F, 0x00, 0x00, 0x00, 0x0D,
  0x00, 0x00, 0x00, 0x00, 0x00, 0x00, 0x00, 0x00, 0x00, 0x00, 0x03, 0xC0, 0x00, 0x00, 0x00, 0x0A,
  0x00, 0x00, 0x00, 0x0E, 0x00, 0x00, 0x00, 0x0E, 0x00, 0x00, 0x00, 0x0A, 0x00, 0x00, 0x00, 0x00,
  0x00, 0x00, 0x00, 0x00, 0x00, 0x00, 0x20, 0x11, 0x00, 0x00, 0x00, 0x03, 0x00, 0x00, 0x00, 0x07,
  0x00, 0x00, 0x00, 0x07, 0x00, 0x00, 0x00, 0x07, 0x00, 0x00, 0x00, 0x00, 0x00, 0x00, 0x00, 0x00,
  0x00, 0x00, 0x20, 0x13, 0x00, 0x00, 0x00, 0x02, 0x00, 0x00, 0x00, 0x09, 0x00, 0x00, 0x00, 0x09,
  0x00, 0x00, 0x00, 0x07, 0x00, 0x00, 0x00, 0x00, 0x00, 0x00, 0x00, 0x00, 0x00, 0x00, 0x20, 0x14,
  0x00, 0x00, 0x00, 0x02, 0x00, 0x00, 0x00, 0x12, 0x00, 0x00, 0x00, 0x12, 0x00, 0x00, 0x00, 0x07,
  0x00, 0x00, 0x00, 0x00, 0x00, 0x00, 0x00, 0x00, 0x00, 0x00, 0x20, 0x18, 0x00, 0x00, 0x00, 0x06,
  0x00, 0x00, 0x00, 0x05, 0x00, 0x00, 0x00, 0x07, 0x00, 0x00, 0x00, 0x0D, 0x00, 0x00, 0x00, 0x01,
  0x00, 0x00, 0x00, 0x00, 0x00, 0x00, 0x20, 0x19, 0x00, 0x00, 0x00, 0x06, 0x00, 0x00, 0x00, 0x04,
  0x00, 0x00, 0x00, 0x07, 0x00, 0x00, 0x00, 0x0D, 0x00, 0x00, 0x00, 0x01, 0x00, 0x00, 0x00, 0x00,
  0x00, 0x00, 0x20, 0x1C, 0x00, 0x00, 0x00, 0x06, 0x00, 0x00, 0x00, 0x0A, 0x00, 0x00, 0x00, 0x0C,
  0x00, 0x00, 0x00, 0x0D, 0x00, 0x00, 0x00, 0x01, 0x00, 0x00, 0x00, 0x00, 0x00, 0x00, 0x20, 0x1D,
  0x00, 0x00, 0x00, 0x06, 0x00, 0x00, 0x00, 0x09, 0x00, 0x00, 0x00, 0x0C, 0x00, 0x00, 0x00, 0x0D,
  0x00, 0x00, 0x00, 0x01, 0x00, 0x00, 0x00, 0x00, 0x00, 0x00, 0x20, 0x22, 0x00, 0x00, 0x00, 0x06,
  0x00, 0x00, 0x00, 0x07, 0x00, 0x00, 0x00, 0x0C, 0x00, 0x00, 0x00, 0x0A, 0x00, 0x00, 0x00, 0x02,
  0x00, 0x00, 0x00, 0x00, 0x00, 0x00, 0x20, 0x26, 0x00, 0x00, 0x00, 0x03, 0x00, 0x00, 0x00, 0x10,
  0x00, 0x00, 0x00, 0x12, 0x00, 0x00, 0x00, 0x03, 0x00, 0x00, 0x00, 0x01, 0x00, 0x00, 0x00, 0x00,
  0x00, 0x00, 0x20, 0x70, 0x00, 0x00, 0x00, 0x09, 0x00, 0x00, 0x00, 0x08, 0x00, 0x00, 0x00, 0x08,
  0x00, 0x00, 0x00, 0x0E, 0x00, 0x00, 0x00, 0x00, 0x00, 0x00, 0x00, 0x00, 0x00, 0x00, 0x20, 0x71,
  0x00, 0x00, 0x00, 0x09, 0x00, 0x00, 0x00, 0x03, 0x00, 0x00, 0x00, 0x04, 0x00, 0x00, 0x00, 0x0E,
  0x00, 0x00, 0x00, 0x00, 0x00, 0x00, 0x00, 0x00, 0x00, 0x00, 0x20, 0x72, 0x00, 0x00, 0x00, 0x10,
  0x00, 0x00, 0x00, 0x0A, 0x00, 0x00, 0x00, 0x0B, 0x00, 0x00, 0x00, 0x0D, 0x00, 0x00, 0x00, 0x00,
  0x00, 0x00, 0x00, 0x00, 0x00, 0x00, 0x20, 0x73, 0x00, 0x00, 0x00, 0x10, 0x00, 0x00, 0x00, 0x0A,
  0x00, 0x00, 0x00, 0x0B, 0x00, 0x00, 0x00, 0x0D, 0x00, 0x00, 0x00, 0x00, 0x00, 0x00, 0x00, 0x00,
  0x00, 0x00, 0x20, 0x74, 0x00, 0x00, 0x00, 0x09, 0x00, 0x00, 0x00, 0x08, 0x00, 0x00, 0x00, 0x08,
  0x00, 0x00, 0x00, 0x0E, 0x00, 0x00, 0x00, 0x00, 0x00, 0x00, 0x00, 0x00, 0x00, 0x00, 0x20, 0x75,
  0x00, 0x00, 0x00, 0x09, 0x00, 0x00, 0x00, 0x07, 0x00, 0x00, 0x00, 0x08, 0x00, 0x00, 0x00, 0x0E,
  0x00, 0x00, 0x00, 0x00, 0x00, 0x00, 0x00, 0x00, 0x00, 0x00, 0x20, 0x76, 0x00, 0x00, 0x00, 0x09,
  0x00, 0x00, 0x00, 0x08, 0x00, 0x00, 0x00, 0x08, 0x00, 0x00, 0x00, 0x0E, 0x00, 0x00, 0x00, 0x00,
  0x00, 0x00, 0x00, 0x00, 0x00, 0x00, 0x20, 0x77, 0x00, 0x00, 0x00, 0x09, 0x00, 0x00, 0x00, 0x07,
  0x00, 0x00, 0x00, 0x08, 0x00, 0x00, 0x00, 0x0E, 0x00, 0x00, 0x00, 0x00, 0x00, 0x00, 0x00, 0x00,
  0x00, 0x00, 0x20, 0x78, 0x00, 0x00, 0x00, 0x09, 0x00, 0x00, 0x00, 0x07, 0x00, 0x00, 0x00, 0x08,
  0x00, 0x00, 0x00, 0x0E, 0x00, 0x00, 0x00, 0x00, 0x00, 0x00, 0x00, 0x00, 0x00, 0x00, 0x20, 0x79,
  0x00, 0x00, 0x00, 0x09, 0x00, 0x00, 0x00, 0x07, 0x00, 0x00, 0x00, 0x08, 0x00, 0x00, 0x00, 0x0E,
  0x00, 0x00, 0x00, 0x00, 0x00, 0x00, 0x00, 0x00, 0x00, 0x00, 0x20, 0x7A, 0x00, 0x00, 0x00, 0x08,
  0x00, 0x00, 0x00, 0x08, 0x00, 0x00, 0x00, 0x0A, 0x00, 0x00, 0x00, 0x0D, 0x00, 0x00, 0x00, 0x01,
  0x00, 0x00, 0x00, 0x00, 0x00, 0x00, 0x20, 0x7B, 0x00, 0x00, 0x00, 0x02, 0x00, 0x00, 0x00, 0x08,
  0x00, 0x00, 0x00, 0x0A, 0x00, 0x00, 0x00, 0x0A, 0x00, 0x00, 0x00, 0x01, 0x00, 0x00, 0x00, 0x00,
  0x00, 0x00, 0x20, 0x7C, 0x00, 0x00, 0x00, 0x04, 0x00, 0x00, 0x00, 0x08, 0x00, 0x00, 0x00, 0x0A,
  0x00, 0x00, 0x00, 0x0B, 0x00, 0x00, 0x00, 0x01, 0x00, 0x00, 0x00, 0x00, 0x00, 0x00, 0x20, 0x7D,
  0x00, 0x00, 0x00, 0x0A, 0x00, 0x00, 0x00, 0x05, 0x00, 0x00, 0x00, 0x05, 0x00, 0x00, 0x00, 0x0E,
  0x00, 0x00, 0x00, 0x00, 0x00, 0x00, 0x00, 0x00, 0x00, 0x00, 0x20, 0x7E, 0x00, 0x00, 0x00, 0x0A,
  0x00, 0x00, 0x00, 0x05, 0x00, 0x00, 0x00, 0x05, 0x00, 0x00, 0x00, 0x0E, 0x00, 0x00, 0x00, 0x00,
  0x00, 0x00, 0x00, 0x00, 0x00, 0x00, 0x20, 0x7F, 0x00, 0x00, 0x00, 0x07, 0x00, 0x00, 0x00, 0x08,
  0x00, 0x00, 0x00, 0x08, 0x00, 0x00, 0x00, 0x0C, 0x00, 0x00, 0x00, 0x00, 0x00, 0x00, 0x00, 0x00,
  0x00, 0x00, 0x20, 0xAC, 0x00, 0x00, 0x00, 0x0D, 0x00, 0x00, 0x00, 0x0D, 0x00, 0x00, 0x00, 0x0D,
  0x00, 0x00, 0x00, 0x0D, 0xFF, 0xFF, 0xFF, 0xFF, 0x00, 0x00, 0x00, 0x00, 0x7C, 0xFF, 0xFF, 0xB0,
  0x7C, 0xFF, 0xFF, 0xB0, 0x7C, 0xFF, 0xFF, 0xB0, 0x7C, 0xFF, 0xFF, 0xB0, 0x7C, 0xFF, 0xFF, 0xB0,
  0x72, 0xFF, 0xFF, 0xA6, 0x55, 0xFF, 0xFF, 0x88, 0x36, 0xFF, 0xFF, 0x69, 0x17, 0xFF, 0xFF, 0x4B,
  0x00, 0x00, 0x00, 0x00, 0x7C, 0xFF, 0xFF, 0xB0, 0x7C, 0xFF, 0xFF, 0xB0, 0x7C, 0xFF, 0xFF, 0xB0,
  0x48, 0xFF, 0xCC, 0x00, 0x6C, 0xFF, 0xAC, 0x48, 0xFF, 0xCC, 0x00, 0x6C, 0xFF, 0xAC, 0x48, 0xFF,
  0xCC, 0x00, 0x6C, 0xFF, 0xAC, 0x48, 0xFF, 0xCC, 0x00, 0x6C, 0xFF, 0xAC, 0x48, 0xFF, 0xCC, 0x00,
  0x6C, 0xFF, 0xAC, 0x00, 0x00, 0x00, 0x00, 0x10, 0xFE, 0xE4, 0x00, 0x00, 0xC4, 0xFF, 0x2B, 0x00,
  0x00, 0x00, 0x00, 0x00, 0x46, 0xFF, 0xAE, 0x00, 0x04, 0xF6, 0xF2, 0x02, 0x00, 0x00, 0x00, 0x00,
  0x00, 0x7C, 0xFF, 0x78, 0x00, 0x32, 0xFF, 0xBD, 0x00, 0x00, 0x00, 0x00, 0x00, 0x00, 0xB1, 0xFF,
  0x42, 0x00, 0x69, 0xFF, 0x87, 0x00, 0x00, 0x00, 0xC4, 0xFF, 0xFF, 0xFF, 0xFF, 0xFF, 0xFF, 0xFF,
  0xFF, 0xFF, 0xFF, 0xDC, 0x00, 0xC4, 0xFF, 0xFF, 0xFF, 0xFF, 0xFF, 0xFF, 0xFF, 0xFF, 0xFF, 0xFF,
  0xDC, 0x00, 0x00, 0x00, 0x70, 0xFF, 0x87, 0x00, 0x27, 0xFF, 0xCD, 0x00, 0x00, 0x00, 0x00, 0x00,
  0x00, 0xBD, 0xFF, 0x37, 0x00, 0x75, 0xFF, 0x81, 0x00, 0x00, 0x00, 0xC8, 0xFF, 0xFF, 0xFF, 0xFF,
  0xFF, 0xFF, 0xFF, 0xFF, 0xFF, 0xFF, 0xD8, 0x00, 0xC8, 0xFF, 0xFF, 0xFF, 0xFF, 0xFF, 0xFF, 0xFF,
  0xFF, 0xFF, 0xFF, 0xD8, 0x00, 0x00, 0x00, 0x79, 0xFF, 0x7F, 0x00, 0x31, 0xFF, 0xBF, 0x00, 0x00,
  0x00, 0x00, 0x00, 0x00, 0xC1, 0xFF, 0x37, 0x00, 0x79, 0xFF, 0x77, 0x00, 0x00, 0x00, 0x00, 0x00,
  0x0D, 0xFA, 0xED, 0x02, 0x00, 0xC0, 0xFF, 0x2F, 0x00, 0x00, 0x00, 0x00, 0x00, 0x00, 0x00, 0x00,
  0x70, 0xFC, 0x00, 0x00, 0x00, 0x00, 0x00, 0x00, 0x00, 0x00, 0x00, 0x70, 0xFC, 0x00, 0x00, 0x00,
  0x00, 0x00, 0x00, 0x09, 0x79, 0xC2, 0xF0, 0xFF, 0xE4, 0xAE, 0x5D, 0x0C, 0x00, 0x0B, 0xD4, 0xFF,
  0xFF, 0xFF, 0xFF, 0xFF, 0xFF, 0xFF, 0x84, 0x00, 0x69, 0xFF, 0xFF, 0x90, 0x7C, 0xFC, 0x16, 0x43,
  0x99, 0x76, 0x00, 0x91, 0xFF, 0xFF, 0x40, 0x70, 0xFC, 0x00, 0x00, 0x00, 0x00, 0x00, 0x75, 0xFF,
  0xFF, 0xDA, 0xB8, 0xFC, 0x1F, 0x00, 0x00, 0x00, 0x00, 0x1D, 0xF2, 0xFF, 0xFF, 0xFF, 0xFF, 0xFF,
  0xE4, 0x88, 0x0C, 0x00, 0x00, 0x35, 0xBD, 0xFE, 0xFF, 0xFF, 0xFF, 0xFF, 0xFF, 0xB5, 0x00, 0x00,
  0x00, 0x00, 0x13, 0x93, 0xFE, 0xAF, 0xFC, 0xFF, 0xFF, 0x24, 0x00, 0x00, 0x00, 0x00, 0x70, 0xFC,
  0x00, 0x93, 0xFF, 0xFF, 0x43, 0x83, 0x9A, 0x45, 0x1C, 0x71, 0xFC, 0x13, 0xBE, 0xFF, 0xFF, 0x24,
  0x94, 0xFF, 0xFF, 0xFF, 0xFF, 0xFF, 0xFF, 0xFF, 0xFF, 0xA3, 0x00, 0x0F, 0x62, 0xB2, 0xDB, 0xFA,
  0xFF, 0xEE, 0xC2, 0x67, 0x03, 0x00, 0x00, 0x00, 0x00, 0x00, 0x70, 0xFC, 0x00, 0x00, 0x00, 0x00,
  0x00, 0x00, 0x00, 0x00, 0x00, 0x70, 0xFC, 0x00, 0x00, 0x00, 0x00, 0x00, 0x00, 0x00, 0x00, 0x00,
  0x70, 0xFC, 0x00, 0x00, 0x00, 0x00, 0x00, 0x00, 0x1A, 0xA6, 0xE7, 0xEE, 0xB9, 0x2D, 0x00, 0x00,
  0x00, 0x00, 0x30, 0xFC, 0xC5, 0x01, 0x00, 0x00, 0x00, 0x05, 0xD2, 0xFF, 0x4D, 0x2F, 0xF6, 0xED,
  0x15, 0x00, 0x00, 0x02, 0xCB, 0xFA, 0x2B, 0x00, 0x00, 0x00, 0x00, 0x42, 0xFF, 0xDE, 0x00, 0x00,
  0xB6, 0xFF, 0x6E, 0x00, 0x00, 0x6F, 0xFF, 0x83, 0x00, 0x00, 0x00, 0x00, 0x00, 0x62, 0xFF, 0xC9,
  0x00, 0x00, 0xA1, 0xFF, 0x8D, 0x00, 0x1C, 0xF3, 0xDA, 0x08, 0x00, 0x00, 0x00, 0x00, 0x00, 0x42,
  0xFF, 0xDF, 0x00, 0x00, 0xB7, 0xFF, 0x6E, 0x00, 0xB1, 0xFF, 0x41, 0x00, 0x00, 0x00, 0x00, 0x00,
  0x00, 0x05, 0xD2, 0xFF, 0x4D, 0x2F, 0xF6, 0xED, 0x15, 0x53, 0xFF, 0x9F, 0x00, 0x00, 0x00, 0x00,
  0x00, 0x00, 0x00, 0x00, 0x1B, 0xA7, 0xE8, 0xEE, 0xB9, 0x2D, 0x0E, 0xE5, 0xEA, 0x13, 0x2B, 0xB6,
  0xED, 0xE9, 0xAB, 0x1F, 0x00, 0x00, 0x00, 0x00, 0x00, 0x00, 0x00, 0x00, 0x95, 0xFF, 0x5C, 0x14,
  0xEB, 0xF9, 0x34, 0x49, 0xFF, 0xDB, 0x08, 0x00, 0x00, 0x00, 0x00, 0x00, 0x00, 0x38, 0xFD, 0xBA,
  0x00, 0x6B, 0xFF, 0xBE, 0x00, 0x00, 0xDB, 0xFF, 0x4E, 0x00, 0x00, 0x00, 0x00, 0x00, 0x05, 0xD2,
  0xF6, 0x22, 0x00, 0x89, 0xFF, 0xA8, 0x00, 0x00, 0xC5, 0xFF, 0x6D, 0x00, 0x00, 0x00, 0x00, 0x00,
  0x79, 0xFF, 0x77, 0x00, 0x00, 0x6A, 0xFF, 0xBC, 0x00, 0x00, 0xDA, 0xFF, 0x4D, 0x00, 0x00, 0x00,
  0x00, 0x23, 0xF6, 0xD1, 0x04, 0x00, 0x00, 0x13, 0xEB, 0xF7, 0x31, 0x47, 0xFF, 0xDA, 0x07, 0x00,
  0x00, 0x00, 0x00, 0xBB, 0xFD, 0x37, 0x00, 0x00, 0x00, 0x00, 0x2B, 0xB7, 0xED, 0xEA, 0xAC, 0x1F,
  0x00, 0x00, 0x00, 0x00, 0x5A, 0xC4, 0xEC, 0xF0, 0xC9, 0x73, 0x12, 0x00, 0x00, 0x00, 0x00, 0x00,
  0x00, 0x80, 0xFF, 0xFF, 0xFF, 0xFF, 0xFF, 0xFF, 0x98, 0x00, 0x00, 0x00, 0x00, 0x00, 0x00, 0xE6,
  0xFF, 0xFF, 0x6C, 0x08, 0x29, 0x71, 0x7F, 0x00, 0x00, 0x00, 0x00, 0x00, 0x00, 0xD5, 0xFF, 0xFF,
  0x68, 0x00, 0x00, 0x00, 0x00, 0x00, 0x00, 0x00, 0x00, 0x00, 0x00, 0x74, 0xFF, 0xFF, 0xF5, 0x38,
  0x00, 0x00, 0x00, 0x00, 0x00, 0x00, 0x00, 0x00, 0x5A, 0xF6, 0xFF, 0xFF, 0xFF, 0xEE, 0x2D, 0x00,
  0x00, 0x79, 0xFF, 0xFF, 0x45, 0x3D, 0xFB, 0xFF, 0xED, 0xB0, 0xFF, 0xFF, 0xE7, 0x23, 0x00, 0xA3,
  0xFF, 0xFF, 0x1D, 0xB4, 0xFF, 0xFF, 0x5D, 0x04, 0xB7, 0xFF, 0xFF, 0xDF, 0x30, 0xF3, 0xFF, 0xD7,
  0x00, 0xE1, 0xFF, 0xFF, 0x29, 0x00, 0x0C, 0xCD, 0xFF, 0xFF, 0xF9, 0xFF, 0xFF, 0x6F, 0x00, 0xD5,
  0xFF, 0xFF, 0x62, 0x00, 0x00, 0x18, 0xE0, 0xFF, 0xFF, 0xFF, 0xD0, 0x07, 0x00, 0x82, 0xFF, 0xFF,
  0xED, 0x52, 0x0C, 0x25, 0xB2, 0xFF, 0xFF, 0xFF, 0xAE, 0x02, 0x00, 0x0A, 0xC0, 0xFF, 0xFF, 0xFF,
  0xFF, 0xFF, 0xFF, 0xFF, 0xFF, 0xFF, 0xFF, 0x93, 0x00, 0x00, 0x04, 0x6B, 0xC7, 0xF2, 0xF8, 0xDE,
  0xB6, 0x5D, 0x4C, 0xF9, 0xFF, 0xFF, 0x7B, 0x48, 0xFF, 0xCC, 0x48, 0xFF, 0xCC, 0x48, 0xFF, 0xCC,
  0x48, 0xFF, 0xCC, 0x48, 0xFF, 0xCC, 0x00, 0x00, 0x21, 0xF9, 0xFF, 0x8A, 0x00, 0x00, 0xA7, 0xFF,
  0xF7, 0x18, 0x00, 0x27, 0xFE, 0xFF, 0xA3, 0x00, 0x00, 0x8F, 0xFF, 0xFF, 0x4A, 0x00, 0x00, 0xE6,
  0xFF, 0xF9, 0x06, 0x00, 0x26, 0xFF, 0xFF, 0xC8, 0x00, 0x00, 0x53, 0xFF, 0xFF, 0xA3, 0x00, 0x00,
  0x69, 0xFF, 0xFF, 0x90, 0x00, 0x00, 0x6A, 0xFF, 0xFF, 0x91, 0x00, 0x00, 0x54, 0xFF, 0xFF, 0xA3,
  0x00, 0x00, 0x28, 0xFF, 0xFF, 0xC8, 0x00, 0x00, 0x00, 0xE7, 0xFF, 0xF8, 0x05, 0x00, 0x00, 0x90,
  0xFF, 0xFF, 0x48, 0x00, 0x00, 0x28, 0xFE, 0xFF, 0xA2, 0x00, 0x00, 0x00, 0xA8, 0xFF, 0xF7, 0x17,
  0x00, 0x00, 0x21, 0xF9, 0xFF, 0x8A, 0x53, 0xFF, 0xFF, 0x52, 0x00, 0x00, 0x01, 0xD6, 0xFF, 0xDA,
  0x05, 0x00, 0x00, 0x6C, 0xFF, 0xFF, 0x5F, 0x00, 0x00, 0x16, 0xFC, 0xFF, 0xC7, 0x00, 0x00, 0x00,
  0xC8, 0xFF, 0xFF, 0x1F, 0x00, 0x00, 0x91, 0xFF, 0xFF, 0x60, 0x00, 0x00, 0x6B, 0xFF, 0xFF, 0x8E,
  0x00, 0x00, 0x59, 0xFF, 0xFF, 0xA4, 0x00, 0x00, 0x5A, 0xFF, 0xFF, 0xA5, 0x00, 0x00, 0x6C, 0xFF,
  0xFF, 0x8F, 0x00, 0x00, 0x92, 0xFF, 0xFF, 0x61, 0x00, 0x00, 0xC9, 0xFF, 0xFF, 0x20, 0x00, 0x17,
  0xFC, 0xFF, 0xC7, 0x00, 0x00, 0x6D, 0xFF, 0xFF, 0x5E, 0x00, 0x02, 0xD7, 0xFF, 0xDA, 0x05, 0x00,
  0x53, 0xFF, 0xFF, 0x52, 0x00, 0x00, 0x00, 0x00, 0x00, 0x08, 0xFF, 0x74, 0x00, 0x00, 0x00, 0x38,
  0xB8, 0x27, 0x08, 0xFF, 0x74, 0x06, 0x78, 0x96, 0x4E, 0xEC, 0xFA, 0x90, 0xFF, 0xAF, 0xDB, 0xFF,
  0xA4, 0x00, 0x10, 0x8D, 0xF9, 0xFF, 0xFF, 0xCC, 0x3B, 0x00, 0x00, 0x10, 0x8C, 0xF9, 0xFF, 0xFF,
  0xCB, 0x3B, 0x00, 0x4E, 0xEC, 0xF9, 0x8D, 0xFF, 0xAD, 0xD9, 0xFF, 0xA3, 0x38, 0xB8, 0x26, 0x08,
  0xFF, 0x74, 0x06, 0x78, 0x96, 0x00, 0x00, 0x00, 0x08, 0xFF, 0x74, 0x00, 0x00, 0x00, 0x00, 0x00,
  0x00, 0x00, 0x00, 0x80, 0xFF, 0x98, 0x00, 0x00, 0x00, 0x00, 0x00, 0x00, 0x00, 0x00, 0x00, 0x00,
  0x80, 0xFF, 0x98, 0x00, 0x00, 0x00, 0x00, 0x00, 0x00, 0x00, 0x00, 0x00, 0x00, 0x80, 0xFF, 0x98,
  0x00, 0x00, 0x00, 0x00, 0x00, 0x00, 0x00, 0x00, 0x00, 0x00, 0x80, 0xFF, 0x98, 0x00, 0x00, 0x00,
  0x00, 0x00, 0x00, 0x00, 0x00, 0x00, 0x00, 0x80, 0xFF, 0x98, 0x00, 0x00, 0x00, 0x00, 0x00, 0x18,
  0xFF, 0xFF, 0xFF, 0xFF, 0xFF, 0xFF, 0xFF, 0xFF, 0xFF, 0xFF, 0xFF, 0x2C, 0x18, 0xFF, 0xFF, 0xFF,
  0xFF, 0xFF, 0xFF, 0xFF, 0xFF, 0xFF, 0xFF, 0xFF, 0x2C, 0x00, 0x00, 0x00, 0x00, 0x00, 0x80, 0xFF,
  0x98, 0x00, 0x00, 0x00, 0x00, 0x00, 0x00, 0x00, 0x00, 0x00, 0x00, 0x80, 0xFF, 0x98, 0x00, 0x00,
  0x00, 0x00, 0x00, 0x00, 0x00, 0x00, 0x00, 0x00, 0x80, 0xFF, 0x98, 0x00, 0x00, 0x00, 0x00, 0x00,
  0x00, 0x00, 0x00, 0x00, 0x00, 0x80, 0xFF, 0x98, 0x00, 0x00, 0x00, 0x00, 0x00, 0x00, 0x00, 0x00,
  0x00, 0x00, 0x80, 0xFF, 0x98, 0x00, 0x00, 0x00, 0x00, 0x00, 0x00, 0x28, 0xFF, 0xFF, 0xFF, 0x00,
  0x28, 0xFF, 0xFF, 0xFF, 0x00, 0x2B, 0xFF, 0xFF, 0xF8, 0x00, 0x5F, 0xFF, 0xFF, 0x79, 0x00, 0xA4,
  0xFF, 0xCC, 0x04, 0x01, 0xE8, 0xFA, 0x2E, 0x00, 0x08, 0xFF, 0xFF, 0xFF, 0xFF, 0xFF, 0x80, 0x08,
  0xFF, 0xFF, 0xFF, 0xFF, 0xFF, 0x80, 0x08, 0xFF, 0xFF, 0xFF, 0xFF, 0xFF, 0x80, 0x28, 0xFF, 0xFF,
  0xFF, 0x28, 0xFF, 0xFF, 0xFF, 0x28, 0xFF, 0xFF, 0xFF, 0x00, 0x00, 0x00, 0x00, 0x88, 0xFF, 0x6B,
  0x00, 0x00, 0x00, 0x00, 0xD6, 0xFF, 0x1D, 0x00, 0x00, 0x00, 0x25, 0xFF, 0xCD, 0x00, 0x00, 0x00,
  0x00, 0x74, 0xFF, 0x7E, 0x00, 0x00, 0x00, 0x00, 0xC3, 0xFF, 0x2F, 0x00, 0x00, 0x00, 0x15, 0xFD,
  0xDF, 0x00, 0x00, 0x00, 0x00, 0x61, 0xFF, 0x90, 0x00, 0x00, 0x00, 0x00, 0xB0, 0xFF, 0x41, 0x00,
  0x00, 0x00, 0x09, 0xF5, 0xEE, 0x04, 0x00, 0x00, 0x00, 0x4E, 0xFF, 0xA3, 0x00, 0x00, 0x00, 0x00,
  0x9D, 0xFF, 0x53, 0x00, 0x00, 0x00, 0x02, 0xE9, 0xF8, 0x0C, 0x00, 0x00, 0x00, 0x3B, 0xFF, 0xB5,
  0x00, 0x00, 0x00, 0x00, 0x8A, 0xFF, 0x66, 0x00, 0x00, 0x00, 0x00, 0xD9, 0xFE, 0x19, 0x00, 0x00,
  0x00, 0x00, 0x00, 0x00, 0x00, 0x4F, 0xBB, 0xEE, 0xF8, 0xDD, 0x90, 0x16, 0x00, 0x00, 0x00, 0x00,
  0x84, 0xFF, 0xFF, 0xFF, 0xFF, 0xFF, 0xFF, 0xE4, 0x23, 0x00, 0x00, 0x41, 0xFF, 0xFF, 0xF0, 0x38,
  0x0C, 0x96, 0xFF, 0xFF, 0xC3, 0x00, 0x00, 0xB1, 0xFF, 0xFF, 0x8F, 0x00, 0x00, 0x0D, 0xFA, 0xFF,
  0xFF, 0x34, 0x01, 0xF0, 0xFF, 0xFF, 0x5C, 0x00, 0x00, 0x00, 0xD5, 0xFF, 0xFF, 0x75, 0x15, 0xFF,
  0xFF, 0xFF, 0x46, 0x00, 0x00, 0x00, 0xC0, 0xFF, 0xFF, 0x98, 0x20, 0xFF, 0xFF, 0xFF, 0x41, 0x00,
  0x00, 0x00, 0xBA, 0xFF, 0xFF, 0xA4, 0x15, 0xFF, 0xFF, 0xFF, 0x47, 0x00, 0x00, 0x00, 0xC0, 0xFF,
  0xFF, 0x98, 0x01, 0xF0, 0xFF, 0xFF, 0x5D, 0x00, 0x00, 0x00, 0xD6, 0xFF, 0xFF, 0x75, 0x00, 0xB1,
  0xFF, 0xFF, 0x90, 0x00, 0x00, 0x0E, 0xFA, 0xFF, 0xFF, 0x34, 0x00, 0x41, 0xFF, 0xFF, 0xF0, 0x37,
  0x0B, 0x96, 0xFF, 0xFF, 0xC3, 0x00, 0x00, 0x00, 0x84, 0xFF, 0xFF, 0xFF, 0xFF, 0xFF, 0xFF, 0xE4,
  0x23, 0x00, 0x00, 0x00, 0x00, 0x4F, 0xBC, 0xEF, 0xF9, 0xDD, 0x90, 0x17, 0x00, 0x00, 0x27, 0x7B,
  0xCF, 0xFF, 0xFF, 0xFF, 0x4C, 0x00, 0x00, 0x00, 0xF8, 0xFF, 0xFF, 0xFF, 0xFF, 0xFF, 0x4C, 0x00,
  0x00, 0x00, 0xD1, 0x86, 0x32, 0xE8, 0xFF, 0xFF, 0x4C, 0x00, 0x00, 0x00, 0x00, 0x00, 0x00, 0xE8,
  0xFF, 0xFF, 0x4C, 0x00, 0x00, 0x00, 0x00, 0x00, 0x00, 0xE8, 0xFF, 0xFF, 0x4C, 0x00, 0x00, 0x00,
  0x00, 0x00, 0x00, 0xE8, 0xFF, 0xFF, 0x4C, 0x00, 0x00, 0x00, 0x00, 0x00, 0x00, 0xE8, 0xFF, 0xFF,
  0x4C, 0x00, 0x00, 0x00, 0x00, 0x00, 0x00, 0xE8, 0xFF, 0xFF, 0x4C, 0x00, 0x00, 0x00, 0x00, 0x00,
  0x00, 0xE8, 0xFF, 0xFF, 0x4C, 0x00, 0x00, 0x00, 0x00, 0x00, 0x00, 0xE8, 0xFF, 0xFF, 0x4C, 0x00,
  0x00, 0x00, 0x00, 0x00, 0x00, 0xE8, 0xFF, 0xFF, 0x4C, 0x00, 0x00, 0x00, 0xE4, 0xFF, 0xFF, 0xFF,
  0xFF, 0xFF, 0xFF, 0xFF, 0xFF, 0x48, 0xE4, 0xFF, 0xFF, 0xFF, 0xFF, 0xFF, 0xFF, 0xFF, 0xFF, 0x48,
  0x0C, 0x57, 0xA9, 0xDF, 0xF9, 0xF6, 0xD5, 0x89, 0x11, 0x00, 0x8C, 0xFF, 0xFF, 0xFF, 0xFF, 0xFF,
  0xFF, 0xFF, 0xDF, 0x18, 0x8C, 0xF8, 0x83, 0x1F, 0x0F, 0x6C, 0xFF, 0xFF, 0xFF, 0x95, 0x6C, 0x2D,
  0x00, 0x00, 0x00, 0x00, 0xB3, 0xFF, 0xFF, 0xD3, 0x00, 0x00, 0x00, 0x00, 0x00, 0x00, 0x91, 0xFF,
  0xFF, 0xCF, 0x00, 0x00, 0x00, 0x00, 0x00, 0x01, 0xCF, 0xFF, 0xFF, 0x8E, 0x00, 0x00, 0x00, 0x00,
  0x00, 0x71, 0xFF, 0xFF, 0xE9, 0x18, 0x00, 0x00, 0x00, 0x00, 0x7A, 0xFE, 0xFF, 0xF0, 0x33, 0x00,
  0x00, 0x00, 0x06, 0xA0, 0xFF, 0xFF, 0xE7, 0x31, 0x00, 0x00, 0x00, 0x12, 0xC0, 0xFF, 0xFF, 0xD2,
  0x1E, 0x00, 0x00, 0x00, 0x24, 0xD9, 0xFF, 0xFF, 0xB8, 0x0E, 0x00, 0x00, 0x00, 0x00, 0x94, 0xFF,
  0xFF, 0xFF, 0xFF, 0xFF, 0xFF, 0xFF, 0xFF, 0xF4, 0x94, 0xFF, 0xFF, 0xFF, 0xFF, 0xFF, 0xFF, 0xFF,
  0xFF, 0xF4, 0x02, 0x46, 0xA5, 0xD8, 0xF7, 0xF6, 0xDC, 0xA3, 0x35, 0x00, 0x00, 0x3C, 0xFF, 0xFF,
  0xFF, 0xFF, 0xFF, 0xFF, 0xFF, 0xFC, 0x47, 0x00, 0x38, 0xAB, 0x43, 0x17, 0x0B, 0x49, 0xED, 0xFF,
  0xFF, 0xB3, 0x00, 0x00, 0x00, 0x00, 0x00, 0x00, 0x00, 0xA7, 0xFF, 0xFF, 0xB5, 0x00, 0x00, 0x00,
  0x00, 0x00, 0x0D, 0x4A, 0xED, 0xFF, 0xFE, 0x51, 0x00, 0x00, 0x00, 0x8C, 0xFF, 0xFF, 0xFF, 0xFF,
  0xDC, 0x40, 0x00, 0x00, 0x00, 0x00, 0x8C, 0xFF, 0xFF, 0xFF, 0xFF, 0xFF, 0xCD, 0x1E, 0x00, 0x00,
  0x00, 0x00, 0x00, 0x12, 0x51, 0xE9, 0xFF, 0xFF, 0xBA, 0x00, 0x00, 0x00, 0x00, 0x00, 0x00, 0x00,
  0x69, 0xFF, 0xFF, 0xFD, 0x06, 0x00, 0x00, 0x00, 0x00, 0x00, 0x00, 0x68, 0xFF, 0xFF, 0xFF, 0x0B,
  0xAB, 0x7A, 0x31, 0x0E, 0x0F, 0x4D, 0xE8, 0xFF, 0xFF, 0xCB, 0x00, 0xCC, 0xFF, 0xFF, 0xFF, 0xFF,
  0xFF, 0xFF, 0xFF, 0xED, 0x33, 0x00, 0x1E, 0x7C, 0xC7, 0xE9, 0xFB, 0xEE, 0xC9, 0x83, 0x17, 0x00,
  0x00, 0x00, 0x00, 0x00, 0x00, 0x00, 0x4C, 0xFF, 0xFF, 0xFF, 0xD4, 0x00, 0x00, 0x00, 0x00, 0x00,
  0x00, 0x19, 0xEB, 0xFF, 0xFF, 0xFF, 0xD4, 0x00, 0x00, 0x00, 0x00, 0x00, 0x01, 0xBB, 0xFF, 0xF7,
  0xFF, 0xFF, 0xD4, 0x00, 0x00, 0x00, 0x00, 0x00, 0x75, 0xFF, 0xF0, 0x7E, 0xFF, 0xFF, 0xD4, 0x00,
  0x00, 0x00, 0x00, 0x32, 0xF9, 0xFF, 0x5C, 0x60, 0xFF, 0xFF, 0xD4, 0x00, 0x00, 0x00, 0x0B, 0xD9,
  0xFF, 0xA9, 0x00, 0x60, 0xFF, 0xFF, 0xD4, 0x00, 0x00, 0x00, 0x9E, 0xFF, 0xE5, 0x12, 0x00, 0x60,
  0xFF, 0xFF, 0xD4, 0x00, 0x00, 0x27, 0xFF, 0xFE, 0x46, 0x00, 0x00, 0x60, 0xFF, 0xFF, 0xD4, 0x00,
  0x00, 0x30, 0xFF, 0xFF, 0xFF, 0xFF, 0xFF, 0xFF, 0xFF, 0xFF, 0xFF, 0xFF, 0xB4, 0x30, 0xFF, 0xFF,
  0xFF, 0xFF, 0xFF, 0xFF, 0xFF, 0xFF, 0xFF, 0xFF, 0xB4, 0x00, 0x00, 0x00, 0x00, 0x00, 0x00, 0x60,
  0xFF, 0xFF, 0xD4, 0x00, 0x00, 0x00, 0x00, 0x00, 0x00, 0x00, 0x00, 0x60, 0xFF, 0xFF, 0xD4, 0x00,
  0x00, 0x00, 0x00, 0x00, 0x00, 0x00, 0x00, 0x60, 0xFF, 0xFF, 0xD4, 0x00, 0x00, 0x18, 0xFF, 0xFF,
  0xFF, 0xFF, 0xFF, 0xFF, 0xFF, 0xFF, 0x50, 0x00, 0x18, 0xFF, 0xFF, 0xFF, 0xFF, 0xFF, 0xFF, 0xFF,
  0xFF, 0x50, 0x00, 0x18, 0xFF, 0xFF, 0x9C, 0x00, 0x00, 0x00, 0x00, 0x00, 0x00, 0x00, 0x18, 0xFF,
  0xFF, 0x9C, 0x00, 0x00, 0x00, 0x00, 0x00, 0x00, 0x00, 0x18, 0xFF, 0xFF, 0xF0, 0xF2, 0xF9, 0xE0,
  0x9E, 0x26, 0x00, 0x00, 0x18, 0xFF, 0xFF, 0xFF, 0xFF, 0xFF, 0xFF, 0xFF, 0xF4, 0x3B, 0x00, 0x17,
  0xB7, 0x53, 0x1F, 0x0C, 0x4B, 0xE5, 0xFF, 0xFF, 0xD8, 0x00, 0x00, 0x00, 0x00, 0x00, 0x00, 0x00,
  0x56, 0xFF, 0xFF, 0xFF, 0x27, 0x00, 0x00, 0x00, 0x00, 0x00, 0x00, 0x27, 0xFF, 0xFF, 0xFF, 0x3E,
  0x00, 0x00, 0x00, 0x00, 0x00, 0x00, 0x56, 0xFF, 0xFF, 0xFF, 0x24, 0x8A, 0x96, 0x42, 0x19, 0x0B,
  0x4A, 0xE5, 0xFF, 0xFF, 0xCF, 0x00, 0x9C, 0xFF, 0xFF, 0xFF, 0xFF, 0xFF, 0xFF, 0xFF, 0xEB, 0x2E,
  0x00, 0x10, 0x62, 0xB5, 0xDB, 0xF7, 0xF5, 0xD3, 0x89, 0x16, 0x00, 0x00, 0x00, 0x00, 0x08, 0x70,
  0xC6, 0xEF, 0xF4, 0xD1, 0x87, 0x1B, 0x00, 0x00, 0x19, 0xD0, 0xFF, 0xFF, 0xFF, 0xFF, 0xFF, 0xFF,
  0xB4, 0x00, 0x01, 0xC4, 0xFF, 0xFF, 0xA6, 0x2D, 0x0A, 0x24, 0x66, 0x91, 0x00, 0x4D, 0xFF, 0xFF,
  0xC1, 0x01, 0x00, 0x00, 0x00, 0x00, 0x00, 0x00, 0xA0, 0xFF, 0xFF, 0xA8, 0xB9, 0xEB, 0xF7, 0xCD,
  0x64, 0x00, 0x00, 0xCF, 0xFF, 0xFF, 0xFF, 0xFF, 0xFF, 0xFF, 0xFF, 0xFF, 0x94, 0x00, 0xDF, 0xFF,
  0xFF, 0xFF, 0x65, 0x0D, 0x60, 0xFF, 0xFF, 0xFF, 0x33, 0xD7, 0xFF, 0xFF, 0xDC, 0x00, 0x00, 0x00,
  0xD5, 0xFF, 0xFF, 0x7A, 0xB8, 0xFF, 0xFF, 0xC2, 0x00, 0x00, 0x00, 0xBB, 0xFF, 0xFF, 0x89, 0x78,
  0xFF, 0xFF, 0xDC, 0x00, 0x00, 0x00, 0xD5, 0xFF, 0xFF, 0x69, 0x17, 0xF2, 0xFF, 0xFF, 0x65, 0x0C,
  0x60, 0xFF, 0xFF, 0xF5, 0x18, 0x00, 0x53, 0xFB, 0xFF, 0xFF, 0xFF, 0xFF, 0xFF, 0xFC, 0x5C, 0x00,
  0x00, 0x00, 0x33, 0xAB, 0xE9, 0xFB, 0xE9, 0xAC, 0x36, 0x00, 0x00, 0xCC, 0xFF, 0xFF, 0xFF, 0xFF,
  0xFF, 0xFF, 0xFF, 0xFF, 0xFF, 0x18, 0xCC, 0xFF, 0xFF, 0xFF, 0xFF, 0xFF, 0xFF, 0xFF, 0xFF, 0xFF,
  0x17, 0x00, 0x00, 0x00, 0x00, 0x00, 0x00, 0xB1, 0xFF, 0xFF, 0xCF, 0x00, 0x00, 0x00, 0x00, 0x00,
  0x00, 0x23, 0xFD, 0xFF, 0xFF, 0x5A, 0x00, 0x00, 0x00, 0x00, 0x00, 0x00, 0x92, 0xFF, 0xFF, 0xE0,
  0x04, 0x00, 0x00, 0x00, 0x00, 0x00, 0x0F, 0xF3, 0xFF, 0xFF, 0x6E, 0x00, 0x00, 0x00, 0x00, 0x00,
  0x00, 0x73, 0xFF, 0xFF, 0xED, 0x0B, 0x00, 0x00, 0x00, 0x00, 0x00, 0x03, 0xE0, 0xFF, 0xFF, 0x83,
  0x00, 0x00, 0x00, 0x00, 0x00, 0x00, 0x55, 0xFF, 0xFF, 0xF7, 0x16, 0x00, 0x00, 0x00, 0x00, 0x00,
  0x00, 0xC6, 0xFF, 0xFF, 0x97, 0x00, 0x00, 0x00, 0x00, 0x00, 0x00, 0x36, 0xFF, 0xFF, 0xFD, 0x24,
  0x00, 0x00, 0x00, 0x00, 0x00, 0x00, 0xA7, 0xFF, 0xFF, 0xAC, 0x00, 0x00, 0x00, 0x00, 0x00, 0x00,
  0x1C, 0xFB, 0xFF, 0xFF, 0x36, 0x00, 0x00, 0x00, 0x00, 0x00, 0x00, 0x20, 0x95, 0xD8, 0xF6, 0xFC,
  0xEB, 0xBE, 0x5F, 0x01, 0x00, 0x20, 0xEE, 0xFF, 0xFF, 0xFF, 0xFF, 0xFF, 0xFF, 0xFF, 0x90, 0x00,
  0x84, 0xFF, 0xFF, 0xE4, 0x2B, 0x0B, 0x83, 0xFF, 0xFF, 0xFB, 0x0B, 0x8D, 0xFF, 0xFF, 0xA2, 0x00,
  0x00, 0x1F, 0xFF, 0xFF, 0xFF, 0x11, 0x3E, 0xFF, 0xFF, 0xE4, 0x2B, 0x0A, 0x83, 0xFF, 0xFF, 0xC1,
  0x00, 0x00, 0x50, 0xD5, 0xFF, 0xFF, 0xFF, 0xFF, 0xF8, 0x9E, 0x11, 0x00, 0x00, 0x72, 0xE8, 0xFF,
  0xFF, 0xFF, 0xFF, 0xFE, 0xB8, 0x22, 0x00, 0x70, 0xFF, 0xFF, 0xD1, 0x28, 0x0C, 0x6F, 0xFF, 0xFF,
  0xE2, 0x0A, 0xCF, 0xFF, 0xFF, 0x5F, 0x00, 0x00, 0x00, 0xDF, 0xFF, 0xFF, 0x4D, 0xE0, 0xFF, 0xFF,
  0x5F, 0x00, 0x00, 0x00, 0xE0, 0xFF, 0xFF, 0x5F, 0xAE, 0xFF, 0xFF, 0xD1, 0x28, 0x0B, 0x6F, 0xFF,
  0xFF, 0xFF, 0x2E, 0x2D, 0xF0, 0xFF, 0xFF, 0xFF, 0xFF, 0xFF, 0xFF, 0xFF, 0x9C, 0x00, 0x00, 0x20,
  0x95, 0xD8, 0xF6, 0xFC, 0xEB, 0xBD, 0x5F, 0x01, 0x00, 0x00, 0x00, 0x09, 0x7B, 0xD1, 0xF5, 0xF4,
  0xCE, 0x72, 0x06, 0x00, 0x00, 0x00, 0x0E, 0xCD, 0xFF, 0xFF, 0xFF, 0xFF, 0xFF, 0xFF, 0xBF, 0x07,
  0x00, 0x00, 0x90, 0xFF, 0xFF, 0xC9, 0x1C, 0x20, 0xD1, 0xFF, 0xFF, 0x82, 0x00, 0x00, 0xEA, 0xFF,
  0xFF, 0x51, 0x00, 0x00, 0x5E, 0xFF, 0xFF, 0xED, 0x05, 0x09, 0xFF, 0xFF, 0xFF, 0x36, 0x00, 0x00,
  0x43, 0xFF, 0xFF, 0xFF, 0x32, 0x02, 0xF9, 0xFF, 0xFF, 0x51, 0x00, 0x00, 0x5D, 0xFF, 0xFF, 0xFF,
  0x52, 0x00, 0xB4, 0xFF, 0xFF, 0xC7, 0x1C, 0x1F, 0xCF, 0xFF, 0xFF, 0xFF, 0x5A, 0x00, 0x29, 0xEF,
  0xFF, 0xFF, 0xFF, 0xFF, 0xFF, 0xFF, 0xFF, 0xFF, 0x49, 0x00, 0x00, 0x23, 0xA4, 0xEA, 0xF9, 0xDB,
  0x86, 0xF5, 0xFF, 0xFF, 0x1B, 0x00, 0x00, 0x00, 0x00, 0x00, 0x00, 0x00, 0x46, 0xFF, 0xFF, 0xC9,
  0x00, 0x00, 0x31, 0xA8, 0x3D, 0x0E, 0x16, 0x5D, 0xE9, 0xFF, 0xFE, 0x43, 0x00, 0x00, 0x34, 0xFF,
  0xFF, 0xFF, 0xFF, 0xFF, 0xFF, 0xFC, 0x69, 0x00, 0x00, 0x00, 0x02, 0x52, 0xB9, 0xE6, 0xF8, 0xE0,
  0xA0, 0x2F, 0x00, 0x00, 0x00, 0xFC, 0xFF, 0xFF, 0x30, 0xFC, 0xFF, 0xFF, 0x30, 0xFC, 0xFF, 0xFF,
  0x30, 0x00, 0x00, 0x00, 0x00, 0x00, 0x00, 0x00, 0x00, 0x00, 0x00, 0x00, 0x00, 0x00, 0x00, 0x00,
  0x00, 0xFC, 0xFF, 0xFF, 0x30, 0xFC, 0xFF, 0xFF, 0x30, 0xFC, 0xFF, 0xFF, 0x30, 0x00, 0xFC, 0xFF,
  0xFF, 0x30, 0x00, 0xFC, 0xFF, 0xFF, 0x30, 0x00, 0xFC, 0xFF, 0xFF, 0x30, 0x00, 0x00, 0x00, 0x00,
  0x00, 0x00, 0x00, 0x00, 0x00, 0x00, 0x00, 0x00, 0x00, 0x00, 0x00, 0x00, 0x00, 0x00, 0x00, 0x00,
  0x00, 0xFC, 0xFF, 0xFF, 0x30, 0x00, 0xFC, 0xFF, 0xFF, 0x30, 0x01, 0xFD, 0xFF, 0xFF, 0x28, 0x33,
  0xFF, 0xFF, 0xA8, 0x00, 0x77, 0xFF, 0xEA, 0x14, 0x00, 0xBA, 0xFF, 0x54, 0x00, 0x00, 0x00, 0x00,
  0x00, 0x00, 0x00, 0x00, 0x00, 0x00, 0x00, 0x13, 0x68, 0xC2, 0x2A, 0x00, 0x00, 0x00, 0x00, 0x00,
  0x00, 0x0A, 0x58, 0xB3, 0xFA, 0xFF, 0xFF, 0x2C, 0x00, 0x00, 0x00, 0x04, 0x49, 0xA3, 0xF3, 0xFF,
  0xFF, 0xFB, 0xB9, 0x62, 0x08, 0x00, 0x39, 0x94, 0xEA, 0xFF, 0xFF, 0xFC, 0xBC, 0x66, 0x13, 0x00,
  0x00, 0x00, 0x18, 0xFF, 0xFF, 0xFD, 0xBF, 0x69, 0x16, 0x00, 0x00, 0x00, 0x00, 0x00, 0x00, 0x18,
  0xFF, 0xFF, 0xFB, 0xB7, 0x62, 0x11, 0x00, 0x00, 0x00, 0x00, 0x00, 0x00, 0x00, 0x3A, 0x95, 0xEA,
  0xFF, 0xFF, 0xFA, 0xB7, 0x61, 0x11, 0x00, 0x00, 0x00, 0x00, 0x00, 0x00, 0x04, 0x4A, 0xA4, 0xF4,
  0xFF, 0xFF, 0xFA, 0xB6, 0x61, 0x08, 0x00, 0x00, 0x00, 0x00, 0x00, 0x00, 0x0A, 0x59, 0xB4, 0xFA,
  0xFF, 0xFF, 0x2C, 0x00, 0x00, 0x00, 0x00, 0x00, 0x00, 0x00, 0x00, 0x00, 0x13, 0x69, 0xC3, 0x2A,
  0x18, 0xFF, 0xFF, 0xFF, 0xFF, 0xFF, 0xFF, 0xFF, 0xFF, 0xFF, 0xFF, 0xFF, 0x2C, 0x18, 0xFF, 0xFF,
  0xFF, 0xFF, 0xFF, 0xFF, 0xFF, 0xFF, 0xFF, 0xFF, 0xFF, 0x2C, 0x00, 0x00, 0x00, 0x00, 0x00, 0x00,
  0x00, 0x00, 0x00, 0x00, 0x00, 0x00, 0x00, 0x00, 0x00, 0x00, 0x00, 0x00, 0x00, 0x00, 0x00, 0x00,
  0x00, 0x00, 0x00, 0x00, 0x18, 0xFF, 0xFF, 0xFF, 0xFF, 0xFF, 0xFF, 0xFF, 0xFF, 0xFF, 0xFF, 0xFF,
  0x2C, 0x18, 0xFF, 0xFF, 0xFF, 0xFF, 0xFF, 0xFF, 0xFF, 0xFF, 0xFF, 0xFF, 0xFF, 0x2C, 0x17, 0xC9,
  0x6F, 0x18, 0x00, 0x00, 0x00, 0x00, 0x00, 0x00, 0x00, 0x00, 0x00, 0x18, 0xFF, 0xFF, 0xFC, 0xBA,
  0x5F, 0x0D, 0x00, 0x00, 0x00, 0x00, 0x00, 0x00, 0x04, 0x5C, 0xB2, 0xF8, 0xFF, 0xFF, 0xF7, 0xAA,
  0x50, 0x06, 0x00, 0x00, 0x00, 0x00, 0x00, 0x00, 0x0F, 0x5E, 0xB5, 0xFA, 0xFF, 0xFF, 0xEE, 0x9B,
  0x40, 0x01, 0x00, 0x00, 0x00, 0x00, 0x00, 0x00, 0x10, 0x61, 0xB8, 0xFB, 0xFF, 0xFF, 0x2C, 0x00,
  0x00, 0x00, 0x00, 0x00, 0x00, 0x0D, 0x5A, 0xAF, 0xF7, 0xFF, 0xFF, 0x2C, 0x00, 0x00, 0x00, 0x0D,
  0x5A, 0xAF, 0xF7, 0xFF, 0xFF, 0xEF, 0x9C, 0x41, 0x02, 0x04, 0x5A, 0xAF, 0xF7, 0xFF, 0xFF, 0xF7,
  0xAB, 0x51, 0x06, 0x00, 0x00, 0x00, 0x18, 0xFF, 0xFF, 0xFC, 0xBB, 0x60, 0x0E, 0x00, 0x00, 0x00,
  0x00, 0x00, 0x00, 0x17, 0xCA, 0x70, 0x18, 0x00, 0x00, 0x00, 0x00, 0x00, 0x00, 0x00, 0x00, 0x00,
  0x20, 0x86, 0xCB, 0xF1, 0xF6, 0xD3, 0x7D, 0x09, 0x00, 0xC4, 0xFF, 0xFF, 0xFF, 0xFF, 0xFF, 0xFF,
  0xB6, 0x00, 0xA3, 0x72, 0x2A, 0x09, 0x50, 0xFF, 0xFF, 0xFF, 0x27, 0x00, 0x00, 0x00, 0x00, 0x04,
  0xF7, 0xFF, 0xFF, 0x3C, 0x00, 0x00, 0x00, 0x00, 0x6B, 0xFF, 0xFF, 0xF7, 0x11, 0x00, 0x00, 0x00,
  0x5B, 0xFD, 0xFF, 0xFF, 0x6F, 0x00, 0x00, 0x00, 0x3E, 0xFB, 0xFF, 0xFF, 0x82, 0x00, 0x00, 0x00,
  0x00, 0xC4, 0xFF, 0xFF, 0xA0, 0x00, 0x00, 0x00, 0x00, 0x00, 0xEC, 0xFF, 0xFF, 0x45, 0x00, 0x00,
  0x00, 0x00, 0x00, 0x00, 0x00, 0x00, 0x00, 0x00, 0x00, 0x00, 0x00, 0x00, 0xF0, 0xFF, 0xFF, 0x3C,
  0x00, 0x00, 0x00, 0x00, 0x00, 0xF0, 0xFF, 0xFF, 0x3C, 0x00, 0x00, 0x00, 0x00, 0x00, 0xF0, 0xFF,
  0xFF, 0x3C, 0x00, 0x00, 0x00, 0x00, 0x00, 0x00, 0x00, 0x1E, 0x85, 0xCE, 0xEF, 0xF5, 0xDB, 0xA3,
  0x48, 0x00, 0x00, 0x00, 0x00, 0x00, 0x00, 0x01, 0x7F, 0xF8, 0xFF, 0xFF, 0xFF, 0xFF, 0xFF, 0xFF,
  0xFF, 0xBA, 0x1C, 0x00, 0x00, 0x00, 0x00, 0xA4, 0xFF, 0xF7, 0x9D, 0x3C, 0x0E, 0x07, 0x22, 0x67,
  0xD6, 0xFF, 0xDB, 0x1A, 0x00, 0x00, 0x71, 0xFF, 0xD7, 0x25, 0x00, 0x00, 0x00, 0x00, 0x00, 0x00,
  0x04, 0x90, 0xFF, 0xBD, 0x00, 0x11, 0xF0, 0xEC, 0x1B, 0x00, 0x30, 0xC3, 0xF7, 0xD2, 0x4A, 0xFF,
  0xC0, 0x00, 0xA9, 0xFF, 0x3C, 0x65, 0xFF, 0x69, 0x00, 0x0F, 0xEA, 0xFF, 0xFF, 0xFF, 0xE9, 0xFF,
  0xC0, 0x00, 0x2C, 0xFF, 0x8A, 0xA8, 0xFD, 0x0E, 0x00, 0x74, 0xFF, 0xCD, 0x1E, 0x1D, 0xC9, 0xFF,
  0xC0, 0x00, 0x00, 0xF5, 0xAE, 0xC4, 0xE3, 0x00, 0x00, 0xA1, 0xFF, 0x5E, 0x00, 0x00, 0x57, 0xFF,
  0xC0, 0x00, 0x04, 0xFB, 0xAC, 0xC4, 0xDF, 0x00, 0x00, 0xA2, 0xFF, 0x5F, 0x00, 0x00, 0x58, 0xFF,
  0xC0, 0x00, 0x49, 0xFF, 0x83, 0xAA, 0xFB, 0x0E, 0x00, 0x74, 0xFF, 0xCD, 0x1E, 0x1C, 0xCA, 0xFF,
  0xC2, 0x45, 0xE5, 0xFC, 0x27, 0x6B, 0xFF, 0x63, 0x00, 0x0F, 0xEB, 0xFF, 0xFF, 0xFF, 0xE7, 0xFF,
  0xFF, 0xFF, 0xFD, 0x69, 0x00, 0x16, 0xF4, 0xE5, 0x17, 0x00, 0x31, 0xC4, 0xF8, 0xD2, 0x49, 0xFB,
  0xE5, 0xA9, 0x39, 0x00, 0x00, 0x00, 0x7C, 0xFF, 0xD0, 0x1F, 0x00, 0x00, 0x00, 0x00, 0x00, 0x00,
  0x58, 0x70, 0x00, 0x00, 0x00, 0x00, 0x01, 0xAC, 0xFF, 0xF2, 0x88, 0x35, 0x0D, 0x0C, 0x3E, 0xA8,
  0xFF, 0xEB, 0x08, 0x00, 0x00, 0x00, 0x00, 0x03, 0x88, 0xFB, 0xFF, 0xFF, 0xFF, 0xFF, 0xFF, 0xFF,
  0xF4, 0x61, 0x00, 0x00, 0x00, 0x00, 0x00, 0x00, 0x00, 0x26, 0x8D, 0xD2, 0xF2, 0xF6, 0xD4, 0x87,
  0x18, 0x00, 0x00, 0x00, 0x00, 0x00, 0x00, 0x00, 0x00, 0x3C, 0xFF, 0xFF, 0xFF, 0xFF, 0x2B, 0x00,
  0x00, 0x00, 0x00, 0x00, 0x00, 0x00, 0x00, 0x9C, 0xFF, 0xFF, 0xFF, 0xFF, 0x8B, 0x00, 0x00, 0x00,
  0x00, 0x00, 0x00, 0x00, 0x09, 0xF1, 0xFF, 0xFF, 0xFF, 0xFF, 0xE7, 0x03, 0x00, 0x00, 0x00, 0x00,
  0x00, 0x00, 0x5B, 0xFF, 0xFF, 0xC7, 0xD7, 0xFF, 0xFF, 0x4A, 0x00, 0x00, 0x00, 0x00, 0x00, 0x00,
  0xBB, 0xFF, 0xFF, 0x6B, 0x7C, 0xFF, 0xFF, 0xAA, 0x00, 0x00, 0x00, 0x00, 0x00, 0x1D, 0xFD, 0xFF,
  0xFB, 0x15, 0x21, 0xFF, 0xFF, 0xF8, 0x11, 0x00, 0x00, 0x00, 0x00, 0x7A, 0xFF, 0xFF, 0xB4, 0x00,
  0x00, 0xC5, 0xFF, 0xFF, 0x69, 0x00, 0x00, 0x00, 0x00, 0xD9, 0xFF, 0xFF, 0x59, 0x00, 0x00, 0x6A,
  0xFF, 0xFF, 0xC9, 0x00, 0x00, 0x00, 0x3A, 0xFF, 0xFF, 0xFF, 0xFF, 0xFF, 0xFF, 0xFF, 0xFF, 0xFF,
  0xFF, 0x29, 0x00, 0x00, 0x99, 0xFF, 0xFF, 0xFF, 0xFF, 0xFF, 0xFF, 0xFF, 0xFF, 0xFF, 0xFF, 0x88,
  0x00, 0x08, 0xF0, 0xFF, 0xFF, 0x2F, 0x00, 0x00, 0x00, 0x00, 0x41, 0xFF, 0xFF, 0xE5, 0x03, 0x59,
  0xFF, 0xFF, 0xE6, 0x00, 0x00, 0x00, 0x00, 0x00, 0x06, 0xF4, 0xFF, 0xFF, 0x48, 0xB8, 0xFF, 0xFF,
  0x9F, 0x00, 0x00, 0x00, 0x00, 0x00, 0x00, 0xB3, 0xFF, 0xFF, 0xA8, 0x58, 0xFF, 0xFF, 0xFF, 0xFF,
  0xFF, 0xF8, 0xE1, 0xAF, 0x47, 0x00, 0x00, 0x58, 0xFF, 0xFF, 0xFF, 0xFF, 0xFF, 0xFF, 0xFF, 0xFF,
  0xFF, 0x5E, 0x00, 0x58, 0xFF, 0xFF, 0xFF, 0x08, 0x00, 0x1E, 0xCF, 0xFF, 0xFF, 0xCE, 0x00, 0x58,
  0xFF, 0xFF, 0xFF, 0x08, 0x00, 0x00, 0x82, 0xFF, 0xFF, 0xE3, 0x00, 0x58, 0xFF, 0xFF, 0xFF, 0x08,
  0x00, 0x1C, 0xCD, 0xFF, 0xFF, 0xAA, 0x00, 0x58, 0xFF, 0xFF, 0xFF, 0xFF, 0xFF, 0xFF, 0xFF, 0xFF,
  0xBD, 0x15, 0x00, 0x58, 0xFF, 0xFF, 0xFF, 0xFF, 0xFF, 0xFF, 0xFF, 0xFF, 0xEA, 0x4D, 0x00, 0x58,
  0xFF, 0xFF, 0xFF, 0x08, 0x00, 0x11, 0x8C, 0xFF, 0xFF, 0xF6, 0x16, 0x58, 0xFF, 0xFF, 0xFF, 0x08,
  0x00, 0x00, 0x05, 0xFA, 0xFF, 0xFF, 0x5C, 0x58, 0xFF, 0xFF, 0xFF, 0x08, 0x00, 0x00, 0x05, 0xFB,
  0xFF, 0xFF, 0x6B, 0x58, 0xFF, 0xFF, 0xFF, 0x08, 0x00, 0x11, 0x8C, 0xFF, 0xFF, 0xFF, 0x3D, 0x58,
  0xFF, 0xFF, 0xFF, 0xFF, 0xFF, 0xFF, 0xFF, 0xFF, 0xFF, 0xB2, 0x00, 0x58, 0xFF, 0xFF, 0xFF, 0xFF,
  0xFF, 0xFD, 0xED, 0xC2, 0x6B, 0x05, 0x00, 0x00, 0x00, 0x00, 0x02, 0x4F, 0xAA, 0xE0, 0xF6, 0xF3,
  0xDA, 0xAC, 0x5F, 0x03, 0x00, 0x00, 0x17, 0xC1, 0xFF, 0xFF, 0xFF, 0xFF, 0xFF, 0xFF, 0xFF, 0xFF,
  0x10, 0x00, 0x09, 0xCF, 0xFF, 0xFF, 0xF0, 0x68, 0x16, 0x09, 0x29, 0x5A, 0xBB, 0x0F, 0x00, 0x76,
  0xFF, 0xFF, 0xFD, 0x3C, 0x00, 0x00, 0x00, 0x00, 0x00, 0x00, 0x00, 0x00, 0xD4, 0xFF, 0xFF, 0xB6,
  0x00, 0x00, 0x00, 0x00, 0x00, 0x00, 0x00, 0x00, 0x07, 0xFF, 0xFF, 0xFF, 0x79, 0x00, 0x00, 0x00,
  0x00, 0x00, 0x00, 0x00, 0x00, 0x17, 0xFF, 0xFF, 0xFF, 0x67, 0x00, 0x00, 0x00, 0x00, 0x00, 0x00,
  0x00, 0x00, 0x07, 0xFF, 0xFF, 0xFF, 0x78, 0x00, 0x00, 0x00, 0x00, 0x00, 0x00, 0x00, 0x00, 0x00,
  0xD4, 0xFF, 0xFF, 0xB5, 0x00, 0x00, 0x00, 0x00, 0x00, 0x00, 0x00, 0x00, 0x00, 0x76, 0xFF, 0xFF,
  0xFD, 0x3A, 0x00, 0x00, 0x00, 0x00, 0x00, 0x00, 0x00, 0x00, 0x09, 0xCF, 0xFF, 0xFF, 0xEF, 0x66,
  0x15, 0x08, 0x25, 0x56, 0xBA, 0x0F, 0x00, 0x00, 0x18, 0xC1, 0xFF, 0xFF, 0xFF, 0xFF, 0xFF, 0xFF,
  0xFF, 0xFF, 0x10, 0x00, 0x00, 0x00, 0x02, 0x50, 0xAB, 0xE1, 0xF7, 0xF4, 0xDB, 0xAD, 0x60, 0x03,
  0x58, 0xFF, 0xFF, 0xFF, 0xFE, 0xF8, 0xE9, 0xCD, 0x9A, 0x3A, 0x00, 0x00, 0x00, 0x58, 0xFF, 0xFF,
  0xFF, 0xFF, 0xFF, 0xFF, 0xFF, 0xFF, 0xFF, 0xA7, 0x0C, 0x00, 0x58, 0xFF, 0xFF, 0xFF, 0x08, 0x05,
  0x25, 0x80, 0xFA, 0xFF, 0xFF, 0xB7, 0x01, 0x58, 0xFF, 0xFF, 0xFF, 0x08, 0x00, 0x00, 0x00, 0x55,
  0xFF, 0xFF, 0xFF, 0x57, 0x58, 0xFF, 0xFF, 0xFF, 0x08, 0x00, 0x00, 0x00, 0x00, 0xCE, 0xFF, 0xFF,
  0xB7, 0x58, 0xFF, 0xFF, 0xFF, 0x08, 0x00, 0x00, 0x00, 0x00, 0x91, 0xFF, 0xFF, 0xEA, 0x58, 0xFF,
  0xFF, 0xFF, 0x08, 0x00, 0x00, 0x00, 0x00, 0x80, 0xFF, 0xFF, 0xFA, 0x58, 0xFF, 0xFF, 0xFF, 0x08,
  0x00, 0x00, 0x00, 0x00, 0x92, 0xFF, 0xFF, 0xEA, 0x58, 0xFF, 0xFF, 0xFF, 0x08, 0x00, 0x00, 0x00,
  0x00, 0xCF, 0xFF, 0xFF, 0xB6, 0x58, 0xFF, 0xFF, 0xFF, 0x08, 0x00, 0x00, 0x00, 0x55, 0xFF, 0xFF,
  0xFF, 0x57, 0x58, 0xFF, 0xFF, 0xFF, 0x08, 0x04, 0x24, 0x80, 0xFA, 0xFF, 0xFF, 0xB7, 0x01, 0x58,
  0xFF, 0xFF, 0xFF, 0xFF, 0xFF, 0xFF, 0xFF, 0xFF, 0xFF, 0xA6, 0x0C, 0x00, 0x58, 0xFF, 0xFF, 0xFF,
  0xFE, 0xF9, 0xEA, 0xCE, 0x99, 0x39, 0x00, 0x00, 0x00, 0x58, 0xFF, 0xFF, 0xFF, 0xFF, 0xFF, 0xFF,
  0xFF, 0xFF, 0xC8, 0x58, 0xFF, 0xFF, 0xFF, 0xFF, 0xFF, 0xFF, 0xFF, 0xFF, 0xC8, 0x58, 0xFF, 0xFF,
  0xFF, 0x08, 0x00, 0x00, 0x00, 0x00, 0x00, 0x58, 0xFF, 0xFF, 0xFF, 0x08, 0x00, 0x00, 0x00, 0x00,
  0x00, 0x58, 0xFF, 0xFF, 0xFF, 0x08, 0x00, 0x00, 0x00, 0x00, 0x00, 0x58, 0xFF, 0xFF, 0xFF, 0xFF,
  0xFF, 0xFF, 0xFF, 0xFF, 0x70, 0x58, 0xFF, 0xFF, 0xFF, 0xFF, 0xFF, 0xFF, 0xFF, 0xFF, 0x70, 0x58,
  0xFF, 0xFF, 0xFF, 0x08, 0x00, 0x00, 0x00, 0x00, 0x00, 0x58, 0xFF, 0xFF, 0xFF, 0x08, 0x00, 0x00,
  0x00, 0x00, 0x00, 0x58, 0xFF, 0xFF, 0xFF, 0x08, 0x00, 0x00, 0x00, 0x00, 0x00, 0x58, 0xFF, 0xFF,
  0xFF, 0x08, 0x00, 0x00, 0x00, 0x00, 0x00, 0x58, 0xFF, 0xFF, 0xFF, 0xFF, 0xFF, 0xFF, 0xFF, 0xFF,
  0xFC, 0x58, 0xFF, 0xFF, 0xFF, 0xFF, 0xFF, 0xFF, 0xFF, 0xFF, 0xFC, 0x58, 0xFF, 0xFF, 0xFF, 0xFF,
  0xFF, 0xFF, 0xFF, 0xFF, 0xC8, 0x58, 0xFF, 0xFF, 0xFF, 0xFF, 0xFF, 0xFF, 0xFF, 0xFF, 0xC8, 0x58,
  0xFF, 0xFF, 0xFF, 0x08, 0x00, 0x00, 0x00, 0x00, 0x00, 0x58, 0xFF, 0xFF, 0xFF, 0x08, 0x00, 0x00,
  0x00, 0x00, 0x00, 0x58, 0xFF, 0xFF, 0xFF, 0x08, 0x00, 0x00, 0x00, 0x00, 0x00, 0x58, 0xFF, 0xFF,
  0xFF, 0xFF, 0xFF, 0xFF, 0xFF, 0xFF, 0x70, 0x58, 0xFF, 0xFF, 0xFF, 0xFF, 0xFF, 0xFF, 0xFF, 0xFF,
  0x70, 0x58, 0xFF, 0xFF, 0xFF, 0x08, 0x00, 0x00, 0x00, 0x00, 0x00, 0x58, 0xFF, 0xFF, 0xFF, 0x08,
  0x00, 0x00, 0x00, 0x00, 0x00, 0x58, 0xFF, 0xFF, 0xFF, 0x08, 0x00, 0x00, 0x00, 0x00, 0x00, 0x58,
  0xFF, 0xFF, 0xFF, 0x08, 0x00, 0x00, 0x00, 0x00, 0x00, 0x58, 0xFF, 0xFF, 0xFF, 0x08, 0x00, 0x00,
  0x00, 0x00, 0x00, 0x58, 0xFF, 0xFF, 0xFF, 0x08, 0x00, 0x00, 0x00, 0x00, 0x00, 0x00, 0x00, 0x00,
  0x01, 0x47, 0xA4, 0xDB, 0xF3, 0xF8, 0xE4, 0xCD, 0x96, 0x51, 0x00, 0x00, 0x00, 0x15, 0xBA, 0xFF,
  0xFF, 0xFF, 0xFF, 0xFF, 0xFF, 0xFF, 0xFF, 0xF8, 0x00, 0x00, 0x08, 0xCC, 0xFF, 0xFF, 0xF5, 0x75,
  0x20, 0x06, 0x1A, 0x39, 0x7F, 0xCE, 0x00, 0x00, 0x74, 0xFF, 0xFF, 0xFE, 0x42, 0x00, 0x00, 0x00,
  0x00, 0x00, 0x00, 0x00, 0x00, 0x00, 0xD4, 0xFF, 0xFF, 0xB7, 0x00, 0x00, 0x00, 0x00, 0x00, 0x00,
  0x00, 0x00, 0x00, 0x07, 0xFF, 0xFF, 0xFF, 0x79, 0x00, 0x00, 0x00, 0x00, 0x00, 0x00, 0x00, 0x00,
  0x00, 0x17, 0xFF, 0xFF, 0xFF, 0x67, 0x00, 0x00, 0x00, 0xD4, 0xFF, 0xFF, 0xFF, 0xFF, 0x74, 0x07,
  0xFF, 0xFF, 0xFF, 0x78, 0x00, 0x00, 0x00, 0xD4, 0xFF, 0xFF, 0xFF, 0xFF, 0x74, 0x00, 0xD4, 0xFF,
  0xFF, 0xB4, 0x00, 0x00, 0x00, 0x00, 0x00, 0xC4, 0xFF, 0xFF, 0x74, 0x00, 0x76, 0xFF, 0xFF, 0xFC,
  0x39, 0x00, 0x00, 0x00, 0x00, 0xC4, 0xFF, 0xFF, 0x74, 0x00, 0x09, 0xCF, 0xFF, 0xFF, 0xF0, 0x6A,
  0x19, 0x04, 0x1A, 0xD3, 0xFF, 0xFF, 0x74, 0x00, 0x00, 0x18, 0xC1, 0xFF, 0xFF, 0xFF, 0xFF, 0xFF,
  0xFF, 0xFF, 0xFF, 0xFF, 0x74, 0x00, 0x00, 0x00, 0x02, 0x50, 0xAB, 0xE1, 0xF7, 0xF5, 0xDE, 0xC6,
  0x8E, 0x45, 0x07, 0x58, 0xFF, 0xFF, 0xFF, 0x08, 0x00, 0x00, 0x00, 0x00, 0xF8, 0xFF, 0xFF, 0x68,
  0x58, 0xFF, 0xFF, 0xFF, 0x08, 0x00, 0x00, 0x00, 0x00, 0xF8, 0xFF, 0xFF, 0x68, 0x58, 0xFF, 0xFF,
  0xFF, 0x08, 0x00, 0x00, 0x00, 0x00, 0xF8, 0xFF, 0xFF, 0x68, 0x58, 0xFF, 0xFF, 0xFF, 0x08, 0x00,
  0x00, 0x00, 0x00, 0xF8, 0xFF, 0xFF, 0x68, 0x58, 0xFF, 0xFF, 0xFF, 0x08, 0x00, 0x00, 0x00, 0x00,
  0xF8, 0xFF, 0xFF, 0x68, 0x58, 0xFF, 0xFF, 0xFF, 0xFF, 0xFF, 0xFF, 0xFF, 0xFF, 0xFF, 0xFF, 0xFF,
  0x68, 0x58, 0xFF, 0xFF, 0xFF, 0xFF, 0xFF, 0xFF, 0xFF, 0xFF, 0xFF, 0xFF, 0xFF, 0x68, 0x58, 0xFF,
  0xFF, 0xFF, 0x08, 0x00, 0x00, 0x00, 0x00, 0xF8, 0xFF, 0xFF, 0x68, 0x58, 0xFF, 0xFF, 0xFF, 0x08,
  0x00, 0x00, 0x00, 0x00, 0xF8, 0xFF, 0xFF, 0x68, 0x58, 0xFF, 0xFF, 0xFF, 0x08, 0x00, 0x00, 0x00,
  0x00, 0xF8, 0xFF, 0xFF, 0x68, 0x58, 0xFF, 0xFF, 0xFF, 0x08, 0x00, 0x00, 0x00, 0x00, 0xF8, 0xFF,
  0xFF, 0x68, 0x58, 0xFF, 0xFF, 0xFF, 0x08, 0x00, 0x00, 0x00, 0x00, 0xF8, 0xFF, 0xFF, 0x68, 0x58,
  0xFF, 0xFF, 0xFF, 0x08, 0x00, 0x00, 0x00, 0x00, 0xF8, 0xFF, 0xFF, 0x68, 0x58, 0xFF, 0xFF, 0xFF,
  0x08, 0x58, 0xFF, 0xFF, 0xFF, 0x08, 0x58, 0xFF, 0xFF, 0xFF, 0x08, 0x58, 0xFF, 0xFF, 0xFF, 0x08,
  0x58, 0xFF, 0xFF, 0xFF, 0x08, 0x58, 0xFF, 0xFF, 0xFF, 0x08, 0x58, 0xFF, 0xFF, 0xFF, 0x08, 0x58,
  0xFF, 0xFF, 0xFF, 0x08, 0x58, 0xFF, 0xFF, 0xFF, 0x08, 0x58, 0xFF, 0xFF, 0xFF, 0x08, 0x58, 0xFF,
  0xFF, 0xFF, 0x08, 0x58, 0xFF, 0xFF, 0xFF, 0x08, 0x58, 0xFF, 0xFF, 0xFF, 0x08, 0x00, 0x00, 0x00,
  0x58, 0xFF, 0xFF, 0xFF, 0x08, 0x00, 0x00, 0x00, 0x58, 0xFF, 0xFF, 0xFF, 0x08, 0x00, 0x00, 0x00,
  0x58, 0xFF, 0xFF, 0xFF, 0x08, 0x00, 0x00, 0x00, 0x58, 0xFF, 0xFF, 0xFF, 0x08, 0x00, 0x00, 0x00,
  0x58, 0xFF, 0xFF, 0xFF, 0x08, 0x00, 0x00, 0x00, 0x58, 0xFF, 0xFF, 0xFF, 0x08, 0x00, 0x00, 0x00,
  0x58, 0xFF, 0xFF, 0xFF, 0x08, 0x00, 0x00, 0x00, 0x58, 0xFF, 0xFF, 0xFF, 0x08, 0x00, 0x00, 0x00,
  0x58, 0xFF, 0xFF, 0xFF, 0x08, 0x00, 0x00, 0x00, 0x58, 0xFF, 0xFF, 0xFF, 0x08, 0x00, 0x00, 0x00,
  0x58, 0xFF, 0xFF, 0xFF, 0x08, 0x00, 0x00, 0x00, 0x58, 0xFF, 0xFF, 0xFF, 0x08, 0x00, 0x00, 0x00,
  0x5B, 0xFF, 0xFF, 0xFF, 0x05, 0x00, 0x00, 0x00, 0x7F, 0xFF, 0xFF, 0xEF, 0x00, 0x00, 0x04, 0x3F,
  0xEA, 0xFF, 0xFF, 0xAA, 0x00, 0x04, 0xFF, 0xFF, 0xFF, 0xFF, 0xE9, 0x23, 0x00, 0x04, 0xFF, 0xF5,
  0xD3, 0x8C, 0x17, 0x00, 0x00, 0x58, 0xFF, 0xFF, 0xFF, 0x08, 0x00, 0x00, 0x01, 0x99, 0xFF, 0xFF,
  0xFB, 0x58, 0x00, 0x58, 0xFF, 0xFF, 0xFF, 0x08, 0x00, 0x02, 0x9F, 0xFF, 0xFF, 0xFA, 0x53, 0x00,
  0x00, 0x58, 0xFF, 0xFF, 0xFF, 0x08, 0x03, 0xA5, 0xFF, 0xFF, 0xF9, 0x4E, 0x00, 0x00, 0x00, 0x58,
  0xFF, 0xFF, 0xFF, 0x0C, 0xAA, 0xFF, 0xFF, 0xF7, 0x49, 0x00, 0x00, 0x00, 0x00, 0x58, 0xFF, 0xFF,
  0xFF, 0xB6, 0xFF, 0xFF, 0xF6, 0x45, 0x00, 0x00, 0x00, 0x00, 0x00, 0x58, 0xFF, 0xFF, 0xFF, 0xFF,
  0xFF, 0xF4, 0x3F, 0x00, 0x00, 0x00, 0x00, 0x00, 0x00, 0x58, 0xFF, 0xFF, 0xFF, 0xFF, 0xFF, 0xD4,
  0x12, 0x00, 0x00, 0x00, 0x00, 0x00, 0x00, 0x58, 0xFF, 0xFF, 0xFF, 0xFE, 0xFF, 0xFF, 0xD0, 0x14,
  0x00, 0x00, 0x00, 0x00, 0x00, 0x58, 0xFF, 0xFF, 0xFF, 0x61, 0xFB, 0xFF, 0xFF, 0xD3, 0x16, 0x00,
  0x00, 0x00, 0x00, 0x58, 0xFF, 0xFF, 0xFF, 0x08, 0x54, 0xFB, 0xFF, 0xFF, 0xD6, 0x18, 0x00, 0x00,
  0x00, 0x58, 0xFF, 0xFF, 0xFF, 0x08, 0x00, 0x50, 0xF9, 0xFF, 0xFF, 0xD8, 0x1A, 0x00, 0x00, 0x58,
  0xFF, 0xFF, 0xFF, 0x08, 0x00, 0x00, 0x4B, 0xF8, 0xFF, 0xFF, 0xDB, 0x1D, 0x00, 0x58, 0xFF, 0xFF,
  0xFF, 0x08, 0x00, 0x00, 0x00, 0x47, 0xF7, 0xFF, 0xFF, 0xDD, 0x1F, 0x58, 0xFF, 0xFF, 0xFF, 0x08,
  0x00, 0x00, 0x00, 0x00, 0x00, 0x58, 0xFF, 0xFF, 0xFF, 0x08, 0x00, 0x00, 0x00, 0x00, 0x00, 0x58,
  0xFF, 0xFF, 0xFF, 0x08, 0x00, 0x00, 0x00, 0x00, 0x00, 0x58, 0xFF, 0xFF, 0xFF, 0x08, 0x00, 0x00,
  0x00, 0x00, 0x00, 0x58, 0xFF, 0xFF, 0xFF, 0x08, 0x00, 0x00, 0x00, 0x00, 0x00, 0x58, 0xFF, 0xFF,
  0xFF, 0x08, 0x00, 0x00, 0x00, 0x00, 0x00, 0x58, 0xFF, 0xFF, 0xFF, 0x08, 0x00, 0x00, 0x00, 0x00,
  0x00, 0x58, 0xFF, 0xFF, 0xFF, 0x08, 0x00, 0x00, 0x00, 0x00, 0x00, 0x58, 0xFF, 0xFF, 0xFF, 0x08,
  0x00, 0x00, 0x00, 0x00, 0x00, 0x58, 0xFF, 0xFF, 0xFF, 0x08, 0x00, 0x00, 0x00, 0x00, 0x00, 0x58,
  0xFF, 0xFF, 0xFF, 0x08, 0x00, 0x00, 0x00, 0x00, 0x00, 0x58, 0xFF, 0xFF, 0xFF, 0xFF, 0xFF, 0xFF,
  0xFF, 0xFF, 0xFC, 0x58, 0xFF, 0xFF, 0xFF, 0xFF, 0xFF, 0xFF, 0xFF, 0xFF, 0xFC, 0x58, 0xFF, 0xFF,
  0xFF, 0xFF, 0x2E, 0x00, 0x00, 0x00, 0x00, 0x46, 0xFF, 0xFF, 0xFF, 0xFF, 0x40, 0x58, 0xFF, 0xFF,
  0xFF, 0xFF, 0xA1, 0x00, 0x00, 0x00, 0x00, 0xBA, 0xFF, 0xFF, 0xFF, 0xFF, 0x40, 0x58, 0xFF, 0xFF,
  0xFF, 0xFF, 0xFA, 0x1B, 0x00, 0x00, 0x2E, 0xFF, 0xFF, 0xFF, 0xFF, 0xFF, 0x40, 0x58, 0xFF, 0xFF,
  0xED, 0xF8, 0xFF, 0x89, 0x00, 0x00, 0xA2, 0xFF, 0xED, 0xF8, 0xFF, 0xFF, 0x40, 0x58, 0xFF, 0xFF,
  0xDC, 0x9C, 0xFF, 0xF0, 0x0D, 0x1B, 0xFA, 0xFF, 0x84, 0xF4, 0xFF, 0xFF, 0x40, 0x58, 0xFF, 0xFF,
  0xDC, 0x29, 0xFE, 0xFF, 0x71, 0x8A, 0xFF, 0xF8, 0x17, 0xF4, 0xFF, 0xFF, 0x40, 0x58, 0xFF, 0xFF,
  0xDC, 0x00, 0xB3, 0xFF, 0xE2, 0xF0, 0xFF, 0x9C, 0x00, 0xF4, 0xFF, 0xFF, 0x40, 0x58, 0xFF, 0xFF,
  0xDC, 0x00, 0x3F, 0xFF, 0xFF, 0xFF, 0xFE, 0x2A, 0x00, 0xF4, 0xFF, 0xFF, 0x40, 0x58, 0xFF, 0xFF,
  0xDC, 0x00, 0x00, 0xCA, 0xFF, 0xFF, 0xB5, 0x00, 0x00, 0xF4, 0xFF, 0xFF, 0x40, 0x58, 0xFF, 0xFF,
  0xDC, 0x00, 0x00, 0x56, 0xFF, 0xFF, 0x41, 0x00, 0x00, 0xF4, 0xFF, 0xFF, 0x40, 0x58, 0xFF, 0xFF,
  0xDC, 0x00, 0x00, 0x00, 0x00, 0x00, 0x00, 0x00, 0x00, 0xF4, 0xFF, 0xFF, 0x40, 0x58, 0xFF, 0xFF,
  0xDC, 0x00, 0x00, 0x00, 0x00, 0x00, 0x00, 0x00, 0x00, 0xF4, 0xFF, 0xFF, 0x40, 0x58, 0xFF, 0xFF,
  0xDC, 0x00, 0x00, 0x00, 0x00, 0x00, 0x00, 0x00, 0x00, 0xF4, 0xFF, 0xFF, 0x40, 0x58, 0xFF, 0xFF,
  0xFF, 0xB3, 0x00, 0x00, 0x00, 0x00, 0xCC, 0xFF, 0xFF, 0x68, 0x58, 0xFF, 0xFF, 0xFF, 0xFF, 0x3C,
  0x00, 0x00, 0x00, 0xCC, 0xFF, 0xFF, 0x68, 0x58, 0xFF, 0xFF, 0xFF, 0xFF, 0xC5, 0x00, 0x00, 0x00,
  0xCC, 0xFF, 0xFF, 0x68, 0x58, 0xFF, 0xFF, 0xFF, 0xFF, 0xFF, 0x4E, 0x00, 0x00, 0xCC, 0xFF, 0xFF,
  0x68, 0x58, 0xFF, 0xFF, 0xE3, 0xE2, 0xFF, 0xD3, 0x02, 0x00, 0xCC, 0xFF, 0xFF, 0x68, 0x58, 0xFF,
  0xFF, 0xDC, 0x61, 0xFF, 0xFF, 0x5F, 0x00, 0xCC, 0xFF, 0xFF, 0x68, 0x58, 0xFF, 0xFF, 0xDC, 0x03,
  0xD5, 0xFF, 0xE1, 0x07, 0xCC, 0xFF, 0xFF, 0x68, 0x58, 0xFF, 0xFF, 0xDC, 0x00, 0x4F, 0xFF, 0xFF,
  0x71, 0xCC, 0xFF, 0xFF, 0x68, 0x58, 0xFF, 0xFF, 0xDC, 0x00, 0x00, 0xC5, 0xFF, 0xEB, 0xD9, 0xFF,
  0xFF, 0x68, 0x58, 0xFF, 0xFF, 0xDC, 0x00, 0x00, 0x3C, 0xFF, 0xFF, 0xFF, 0xFF, 0xFF, 0x68, 0x58,
  0xFF, 0xFF, 0xDC, 0x00, 0x00, 0x00, 0xB3, 0xFF, 0xFF, 0xFF, 0xFF, 0x68, 0x58, 0xFF, 0xFF, 0xDC,
  0x00, 0x00, 0x00, 0x2C, 0xFD, 0xFF, 0xFF, 0xFF, 0x68, 0x58, 0xFF, 0xFF, 0xDC, 0x00, 0x00, 0x00,
  0x00, 0xA1, 0xFF, 0xFF, 0xFF, 0x68, 0x00, 0x00, 0x00, 0x08, 0x68, 0xBB, 0xEA, 0xFA, 0xEF, 0xCC,
  0x86, 0x1A, 0x00, 0x00, 0x00, 0x00, 0x00, 0x26, 0xD7, 0xFF, 0xFF, 0xFF, 0xFF, 0xFF, 0xFF, 0xFF,
  0xF3, 0x52, 0x00, 0x00, 0x00, 0x10, 0xDE, 0xFF, 0xFF, 0xD2, 0x3A, 0x07, 0x22, 0xA5, 0xFF, 0xFF,
  0xFA, 0x3B, 0x00, 0x00, 0x82, 0xFF, 0xFF, 0xFB, 0x1F, 0x00, 0x00, 0x00, 0x02, 0xCF, 0xFF, 0xFF,
  0xCA, 0x00, 0x00, 0xDA, 0xFF, 0xFF, 0xAC, 0x00, 0x00, 0x00, 0x00, 0x00, 0x62, 0xFF, 0xFF, 0xFF,
  0x20, 0x08, 0xFF, 0xFF, 0xFF, 0x80, 0x00, 0x00, 0x00, 0x00, 0x00, 0x35, 0xFF, 0xFF, 0xFF, 0x4F,
  0x17, 0xFF, 0xFF, 0xFF, 0x6B, 0x00, 0x00, 0x00, 0x00, 0x00, 0x1F, 0xFF, 0xFF, 0xFF, 0x5E, 0x08,
  0xFF, 0xFF, 0xFF, 0x80, 0x00, 0x00, 0x00, 0x00, 0x00, 0x35, 0xFF, 0xFF, 0xFF, 0x4F, 0x00, 0xDA,
  0xFF, 0xFF, 0xAB, 0x00, 0x00, 0x00, 0x00, 0x00, 0x61, 0xFF, 0xFF, 0xFF, 0x21, 0x00, 0x83, 0xFF,
  0xFF, 0xFA, 0x1D, 0x00, 0x00, 0x00, 0x01, 0xCE, 0xFF, 0xFF, 0xCA, 0x00, 0x00, 0x11, 0xE0, 0xFF,
  0xFF, 0xD1, 0x39, 0x06, 0x21, 0xA3, 0xFF, 0xFF, 0xFB, 0x3D, 0x00, 0x00, 0x00, 0x28, 0xDA, 0xFF,
  0xFF, 0xFF, 0xFF, 0xFF, 0xFF, 0xFF, 0xF4, 0x55, 0x00, 0x00, 0x00, 0x00, 0x00, 0x09, 0x6B, 0xBD,
  0xEB, 0xFB, 0xF1, 0xCE, 0x88, 0x1C, 0x00, 0x00, 0x00, 0x58, 0xFF, 0xFF, 0xFF, 0xFF, 0xFF, 0xFB,
  0xE5, 0xAC, 0x3B, 0x00, 0x00, 0x58, 0xFF, 0xFF, 0xFF, 0xFF, 0xFF, 0xFF, 0xFF, 0xFF, 0xFE, 0x66,
  0x00, 0x58, 0xFF, 0xFF, 0xFF, 0x08, 0x00, 0x20, 0xC1, 0xFF, 0xFF, 0xF6, 0x15, 0x58, 0xFF, 0xFF,
  0xFF, 0x08, 0x00, 0x00, 0x32, 0xFF, 0xFF, 0xFF, 0x58, 0x58, 0xFF, 0xFF, 0xFF, 0x08, 0x00, 0x00,
  0x10, 0xFF, 0xFF, 0xFF, 0x6E, 0x58, 0xFF, 0xFF, 0xFF, 0x08, 0x00, 0x00, 0x33, 0xFF, 0xFF, 0xFF,
  0x58, 0x58, 0xFF, 0xFF, 0xFF, 0x08, 0x00, 0x20, 0xC1, 0xFF, 0xFF, 0xF6, 0x16, 0x58, 0xFF, 0xFF,
  0xFF, 0xFF, 0xFF, 0xFF, 0xFF, 0xFF, 0xFE, 0x69, 0x00, 0x58, 0xFF, 0xFF, 0xFF, 0xFF, 0xFF, 0xFB,
  0xE7, 0xAE, 0x3E, 0x00, 0x00, 0x58, 0xFF, 0xFF, 0xFF, 0x08, 0x00, 0x00, 0x00, 0x00, 0x00, 0x00,
  0x00, 0x58, 0xFF, 0xFF, 0xFF, 0x08, 0x00, 0x00, 0x00, 0x00, 0x00, 0x00, 0x00, 0x58, 0xFF, 0xFF,
  0xFF, 0x08, 0x00, 0x00, 0x00, 0x00, 0x00, 0x00, 0x00, 0x58, 0xFF, 0xFF, 0xFF, 0x08, 0x00, 0x00,
  0x00, 0x00, 0x00, 0x00, 0x00, 0x00, 0x00, 0x00, 0x08, 0x68, 0xBB, 0xEA, 0xFA, 0xEF, 0xCD, 0x87,
  0x1B, 0x00, 0x00, 0x00, 0x00, 0x00, 0x26, 0xD7, 0xFF, 0xFF, 0xFF, 0xFF, 0xFF, 0xFF, 0xFF, 0xF4,
  0x55, 0x00, 0x00, 0x00, 0x10, 0xDE, 0xFF, 0xFF, 0xD2, 0x3A, 0x07, 0x22, 0xA5, 0xFF, 0xFF, 0xFB,
  0x3D, 0x00, 0x00, 0x81, 0xFF, 0xFF, 0xFB, 0x1F, 0x00, 0x00, 0x00, 0x02, 0xCF, 0xFF, 0xFF, 0xCA,
  0x00, 0x00, 0xD9, 0xFF, 0xFF, 0xAC, 0x00, 0x00, 0x00, 0x00, 0x00, 0x62, 0xFF, 0xFF, 0xFF, 0x20,
  0x08, 0xFF, 0xFF, 0xFF, 0x80, 0x00, 0x00, 0x00, 0x00, 0x00, 0x35, 0xFF, 0xFF, 0xFF, 0x4E, 0x17,
  0xFF, 0xFF, 0xFF, 0x69, 0x00, 0x00, 0x00, 0x00, 0x00, 0x1F, 0xFF, 0xFF, 0xFF, 0x5D, 0x09, 0xFF,
  0xFF, 0xFF, 0x73, 0x00, 0x00, 0x00, 0x00, 0x00, 0x35, 0xFF, 0xFF, 0xFF, 0x46, 0x00, 0xDC, 0xFF,
  0xFF, 0xA2, 0x00, 0x00, 0x00, 0x00, 0x00, 0x61, 0xFF, 0xFF, 0xFF, 0x1F, 0x00, 0x86, 0xFF, 0xFF,
  0xF1, 0x16, 0x00, 0x00, 0x00, 0x01, 0xCE, 0xFF, 0xFF, 0xBD, 0x00, 0x00, 0x13, 0xE2, 0xFF, 0xFF,
  0xCC, 0x36, 0x06, 0x21, 0xA3, 0xFF, 0xFF, 0xF8, 0x37, 0x00, 0x00, 0x00, 0x2A, 0xDA, 0xFF, 0xFF,
  0xFF, 0xFF, 0xFF, 0xFF, 0xFF, 0xF2, 0x53, 0x00, 0x00, 0x00, 0x00, 0x00, 0x09, 0x69, 0xBA, 0xE9,
  0xFB, 0xFF, 0xFF, 0xEE, 0x1C, 0x00, 0x00, 0x00, 0x00, 0x00, 0x00, 0x00, 0x00, 0x00, 0x00, 0x00,
  0xA1, 0xFF, 0xFF, 0x78, 0x00, 0x00, 0x00, 0x00, 0x00, 0x00, 0x00, 0x00, 0x00, 0x00, 0x00, 0x0D,
  0xDD, 0xFF, 0xFC, 0x3F, 0x00, 0x00, 0x00, 0x00, 0x00, 0x00, 0x00, 0x00, 0x00, 0x00, 0x00, 0x37,
  0xFB, 0xFF, 0xE6, 0x17, 0x00, 0x58, 0xFF, 0xFF, 0xFF, 0xFF, 0xFF, 0xF8, 0xDE, 0xA5, 0x31, 0x00,
  0x00, 0x00, 0x58, 0xFF, 0xFF, 0xFF, 0xFF, 0xFF, 0xFF, 0xFF, 0xFF, 0xF8, 0x38, 0x00, 0x00, 0x58,
  0xFF, 0xFF, 0xFF, 0x08, 0x04, 0x38, 0xED, 0xFF, 0xFF, 0xAA, 0x00, 0x00, 0x58, 0xFF, 0xFF, 0xFF,
  0x08, 0x00, 0x00, 0x9C, 0xFF, 0xFF, 0xCC, 0x00, 0x00, 0x58, 0xFF, 0xFF, 0xFF, 0x08, 0x00, 0x00,
  0x9D, 0xFF, 0xFF, 0xB5, 0x00, 0x00, 0x58, 0xFF, 0xFF, 0xFF, 0x08, 0x04, 0x38, 0xED, 0xFF, 0xFF,
  0x53, 0x00, 0x00, 0x58, 0xFF, 0xFF, 0xFF, 0xFF, 0xFF, 0xFF, 0xFF, 0xE4, 0x62, 0x00, 0x00, 0x00,
  0x58, 0xFF, 0xFF, 0xFF, 0xFF, 0xFF, 0xFF, 0xFF, 0xE9, 0x55, 0x00, 0x00, 0x00, 0x58, 0xFF, 0xFF,
  0xFF, 0x08, 0x12, 0x95, 0xFF, 0xFF, 0xFB, 0x35, 0x00, 0x00, 0x58, 0xFF, 0xFF, 0xFF, 0x08, 0x00,
  0x03, 0xD2, 0xFF, 0xFF, 0xC6, 0x00, 0x00, 0x58, 0xFF, 0xFF, 0xFF, 0x08, 0x00, 0x00, 0x53, 0xFF,
  0xFF, 0xFF, 0x45, 0x00, 0x58, 0xFF, 0xFF, 0xFF, 0x08, 0x00, 0x00, 0x01, 0xD5, 0xFF, 0xFF, 0xC2,
  0x00, 0x58, 0xFF, 0xFF, 0xFF, 0x08, 0x00, 0x00, 0x00, 0x5A, 0xFF, 0xFF, 0xFF, 0x41, 0x00, 0x09,
  0x7C, 0xCF, 0xF4, 0xFA, 0xEA, 0xD6, 0xAE, 0x6A, 0x00, 0x08, 0xCB, 0xFF, 0xFF, 0xFF, 0xFF, 0xFF,
  0xFF, 0xFF, 0xC8, 0x00, 0x6B, 0xFF, 0xFF, 0xC6, 0x2B, 0x07, 0x19, 0x3D, 0x8B, 0xAC, 0x00, 0xA7,
  0xFF, 0xFF, 0x69, 0x00, 0x00, 0x00, 0x00, 0x00, 0x00, 0x00, 0xA2, 0xFF, 0xFF, 0xD8, 0x4E, 0x0C,
  0x00, 0x00, 0x00, 0x00, 0x00, 0x69, 0xFF, 0xFF, 0xFF, 0xFF, 0xFC, 0xD1, 0x94, 0x3C, 0x00, 0x00,
  0x04, 0xC3, 0xFF, 0xFF, 0xFF, 0xFF, 0xFF, 0xFF, 0xFF, 0xA4, 0x00, 0x00, 0x05, 0x65, 0xC0, 0xF9,
  0xFF, 0xFF, 0xFF, 0xFF, 0xFF, 0x57, 0x00, 0x00, 0x00, 0x00, 0x08, 0x40, 0x8E, 0xFB, 0xFF, 0xFF,
  0x92, 0x00, 0x00, 0x00, 0x00, 0x00, 0x00, 0x00, 0xAD, 0xFF, 0xFF, 0x96, 0x89, 0xA9, 0x5B, 0x2D,
  0x11, 0x09, 0x3F, 0xE8, 0xFF, 0xFF, 0x5E, 0x98, 0xFF, 0xFF, 0xFF, 0xFF, 0xFF, 0xFF, 0xFF, 0xFF,
  0xC7, 0x05, 0x2E, 0x7D, 0xB8, 0xDB, 0xEE, 0xFC, 0xF0, 0xC8, 0x75, 0x09, 0x00, 0xE8, 0xFF, 0xFF,
  0xFF, 0xFF, 0xFF, 0xFF, 0xFF, 0xFF, 0xFF, 0xFF, 0xFF, 0x30, 0xE8, 0xFF, 0xFF, 0xFF, 0xFF, 0xFF,
  0xFF, 0xFF, 0xFF, 0xFF, 0xFF, 0xFF, 0x30, 0x00, 0x00, 0x00, 0x00, 0x8C, 0xFF, 0xFF, 0xD4, 0x00,
  0x00, 0x00, 0x00, 0x00, 0x00, 0x00, 0x00, 0x00, 0x8C, 0xFF, 0xFF, 0xD4, 0x00, 0x00, 0x00, 0x00,
  0x00, 0x00, 0x00, 0x00, 0x00, 0x8C, 0xFF, 0xFF, 0xD4, 0x00, 0x00, 0x00, 0x00, 0x00, 0x00, 0x00,
  0x00, 0x00, 0x8C, 0xFF, 0xFF, 0xD4, 0x00, 0x00, 0x00, 0x00, 0x00, 0x00, 0x00, 0x00, 0x00, 0x8C,
  0xFF, 0xFF, 0xD4, 0x00, 0x00, 0x00, 0x00, 0x00, 0x00, 0x00, 0x00, 0x00, 0x8C, 0xFF, 0xFF, 0xD4,
  0x00, 0x00, 0x00, 0x00, 0x00, 0x00, 0x00, 0x00, 0x00, 0x8C, 0xFF, 0xFF, 0xD4, 0x00, 0x00, 0x00,
  0x00, 0x00, 0x00, 0x00, 0x00, 0x00, 0x8C, 0xFF, 0xFF, 0xD4, 0x00, 0x00, 0x00, 0x00, 0x00, 0x00,
  0x00, 0x00, 0x00, 0x8C, 0xFF, 0xFF, 0xD4, 0x00, 0x00, 0x00, 0x00, 0x00, 0x00, 0x00, 0x00, 0x00,
  0x8C, 0xFF, 0xFF, 0xD4, 0x00, 0x00, 0x00, 0x00, 0x00, 0x00, 0x00, 0x00, 0x00, 0x8C, 0xFF, 0xFF,
  0xD4, 0x00, 0x00, 0x00, 0x00, 0x00, 0x58, 0xFF, 0xFF, 0xFF, 0x08, 0x00, 0x00, 0x00, 0x6C, 0xFF,
  0xFF, 0xF8, 0x58, 0xFF, 0xFF, 0xFF, 0x08, 0x00, 0x00, 0x00, 0x6C, 0xFF, 0xFF, 0xF8, 0x58, 0xFF,
  0xFF, 0xFF, 0x08, 0x00, 0x00, 0x00, 0x6C, 0xFF, 0xFF, 0xF8, 0x58, 0xFF, 0xFF, 0xFF, 0x08, 0x00,
  0x00, 0x00, 0x6C, 0xFF, 0xFF, 0xF8, 0x58, 0xFF, 0xFF, 0xFF, 0x08, 0x00, 0x00, 0x00, 0x6C, 0xFF,
  0xFF, 0xF8, 0x58, 0xFF, 0xFF, 0xFF, 0x08, 0x00, 0x00, 0x00, 0x6C, 0xFF, 0xFF, 0xF8, 0x58, 0xFF,
  0xFF, 0xFF, 0x08, 0x00, 0x00, 0x00, 0x6C, 0xFF, 0xFF, 0xF8, 0x58, 0xFF, 0xFF, 0xFF, 0x08, 0x00,
  0x00, 0x00, 0x6C, 0xFF, 0xFF, 0xF7, 0x4E, 0xFF, 0xFF, 0xFF, 0x15, 0x00, 0x00, 0x00, 0x7A, 0xFF,
  0xFF, 0xED, 0x2A, 0xFF, 0xFF, 0xFF, 0x3E, 0x00, 0x00, 0x00, 0xA2, 0xFF, 0xFF, 0xC9, 0x00, 0xD3,
  0xFF, 0xFF, 0xC7, 0x27, 0x0C, 0x53, 0xF7, 0xFF, 0xFF, 0x72, 0x00, 0x35, 0xF1, 0xFF, 0xFF, 0xFF,
  0xFF, 0xFF, 0xFF, 0xFF, 0xBC, 0x06, 0x00, 0x00, 0x1E, 0x8F, 0xD3, 0xF4, 0xFB, 0xEC, 0xBE, 0x66,
  0x03, 0x00, 0xB9, 0xFF, 0xFF, 0xA9, 0x00, 0x00, 0x00, 0x00, 0x00, 0x00, 0xBF, 0xFF, 0xFF, 0xA7,
  0x59, 0xFF, 0xFF, 0xF7, 0x0F, 0x00, 0x00, 0x00, 0x00, 0x1D, 0xFD, 0xFF, 0xFF, 0x48, 0x08, 0xF0,
  0xFF, 0xFF, 0x63, 0x00, 0x00, 0x00, 0x00, 0x78, 0xFF, 0xFF, 0xE5, 0x03, 0x00, 0x99, 0xFF, 0xFF,
  0xC0, 0x00, 0x00, 0x00, 0x00, 0xD4, 0xFF, 0xFF, 0x88, 0x00, 0x00, 0x3A, 0xFF, 0xFF, 0xFE, 0x1F,
  0x00, 0x00, 0x31, 0xFF, 0xFF, 0xFF, 0x29, 0x00, 0x00, 0x00, 0xD9, 0xFF, 0xFF, 0x7A, 0x00, 0x00,
  0x8D, 0xFF, 0xFF, 0xC9, 0x00, 0x00, 0x00, 0x00, 0x7A, 0xFF, 0xFF, 0xD7, 0x00, 0x03, 0xE6, 0xFF,
  0xFF, 0x69, 0x00, 0x00, 0x00, 0x00, 0x1D, 0xFD, 0xFF, 0xFF, 0x34, 0x46, 0xFF, 0xFF, 0xF8, 0x11,
  0x00, 0x00, 0x00, 0x00, 0x00, 0xBB, 0xFF, 0xFF, 0x91, 0xA3, 0xFF, 0xFF, 0xAA, 0x00, 0x00, 0x00,
  0x00, 0x00, 0x00, 0x5B, 0xFF, 0xFF, 0xEA, 0xF4, 0xFF, 0xFF, 0x4A, 0x00, 0x00, 0x00, 0x00, 0x00,
  0x00, 0x09, 0xF1, 0xFF, 0xFF, 0xFF, 0xFF, 0xE7, 0x03, 0x00, 0x00, 0x00, 0x00, 0x00, 0x00, 0x00,
  0x9C, 0xFF, 0xFF, 0xFF, 0xFF, 0x8B, 0x00, 0x00, 0x00, 0x00, 0x00, 0x00, 0x00, 0x00, 0x3C, 0xFF,
  0xFF, 0xFF, 0xFF, 0x2B, 0x00, 0x00, 0x00, 0x00, 0x5A, 0xFF, 0xFF, 0xE5, 0x00, 0x00, 0x00, 0x00,
  0xD3, 0xFF, 0xFF, 0xAD, 0x00, 0x00, 0x00, 0x0E, 0xFC, 0xFF, 0xFF, 0x2D, 0x1C, 0xFF, 0xFF, 0xFF,
  0x23, 0x00, 0x00, 0x11, 0xFE, 0xFF, 0xFF, 0xEA, 0x00, 0x00, 0x00, 0x48, 0xFF, 0xFF, 0xEE, 0x01,
  0x00, 0xDE, 0xFF, 0xFF, 0x61, 0x00, 0x00, 0x4C, 0xFF, 0xFF, 0xFF, 0xFF, 0x27, 0x00, 0x00, 0x86,
  0xFF, 0xFF, 0xB3, 0x00, 0x00, 0xA1, 0xFF, 0xFF, 0x9E, 0x00, 0x00, 0x89, 0xFF, 0xDA, 0xF6, 0xFF,
  0x64, 0x00, 0x00, 0xC3, 0xFF, 0xFF, 0x76, 0x00, 0x00, 0x63, 0xFF, 0xFF, 0xDB, 0x00, 0x00, 0xC6,
  0xFF, 0x97, 0xC0, 0xFF, 0xA1, 0x00, 0x07, 0xF8, 0xFF, 0xFF, 0x39, 0x00, 0x00, 0x26, 0xFF, 0xFF,
  0xFF, 0x19, 0x09, 0xF9, 0xFF, 0x5A, 0x82, 0xFF, 0xDE, 0x00, 0x3E, 0xFF, 0xFF, 0xF6, 0x06, 0x00,
  0x00, 0x00, 0xE8, 0xFF, 0xFF, 0x56, 0x40, 0xFF, 0xFF, 0x1D, 0x44, 0xFF, 0xFF, 0x1B, 0x7B, 0xFF,
  0xFF, 0xBF, 0x00, 0x00, 0x00, 0x00, 0xAB, 0xFF, 0xFF, 0x93, 0x7D, 0xFF, 0xDF, 0x00, 0x0B, 0xFB,
  0xFF, 0x58, 0xB8, 0xFF, 0xFF, 0x82, 0x00, 0x00, 0x00, 0x00, 0x6D, 0xFF, 0xFF, 0xD1, 0xBA, 0xFF,
  0xA2, 0x00, 0x00, 0xC9, 0xFF, 0x98, 0xF2, 0xFF, 0xFF, 0x45, 0x00, 0x00, 0x00, 0x00, 0x30, 0xFF,
  0xFF, 0xFD, 0xF5, 0xFF, 0x65, 0x00, 0x00, 0x8C, 0xFF, 0xF3, 0xFF, 0xFF, 0xFC, 0x0C, 0x00, 0x00,
  0x00, 0x00, 0x02, 0xF0, 0xFF, 0xFF, 0xFF, 0xFF, 0x28, 0x00, 0x00, 0x4E, 0xFF, 0xFF, 0xFF, 0xFF,
  0xCB, 0x00, 0x00, 0x00, 0x00, 0x00, 0x00, 0xB5, 0xFF, 0xFF, 0xFF, 0xEA, 0x00, 0x00, 0x00, 0x12,
  0xFE, 0xFF, 0xFF, 0xFF, 0x8E, 0x00, 0x00, 0x00, 0x00, 0x00, 0x00, 0x77, 0xFF, 0xFF, 0xFF, 0xAE,
  0x00, 0x00, 0x00, 0x00, 0xD3, 0xFF, 0xFF, 0xFF, 0x52, 0x00, 0x00, 0x00, 0x2C, 0xF8, 0xFF, 0xFF,
  0x63, 0x00, 0x00, 0x00, 0x00, 0x8C, 0xFF, 0xFF, 0xE9, 0x15, 0x00, 0x74, 0xFF, 0xFF, 0xF2, 0x20,
  0x00, 0x00, 0x3D, 0xFD, 0xFF, 0xFF, 0x4F, 0x00, 0x00, 0x02, 0xC1, 0xFF, 0xFF, 0xC0, 0x02, 0x0C,
  0xDE, 0xFF, 0xFF, 0x9F, 0x00, 0x00, 0x00, 0x00, 0x21, 0xF2, 0xFF, 0xFF, 0x73, 0x9C, 0xFF, 0xFF,
  0xE1, 0x0E, 0x00, 0x00, 0x00, 0x00, 0x00, 0x64, 0xFF, 0xFF, 0xFA, 0xFF, 0xFF, 0xFE, 0x41, 0x00,
  0x00, 0x00, 0x00, 0x00, 0x00, 0x00, 0xB3, 0xFF, 0xFF, 0xFF, 0xFF, 0x8F, 0x00, 0x00, 0x00, 0x00,
  0x00, 0x00, 0x00, 0x00, 0x4B, 0xFF, 0xFF, 0xFF, 0xFF, 0x27, 0x00, 0x00, 0x00, 0x00, 0x00, 0x00,
  0x00, 0x0A, 0xDA, 0xFF, 0xFF, 0xFF, 0xFF, 0xBE, 0x01, 0x00, 0x00, 0x00, 0x00, 0x00, 0x00, 0x93,
  0xFF, 0xFF, 0xE7, 0xF6, 0xFF, 0xFF, 0x6E, 0x00, 0x00, 0x00, 0x00, 0x00, 0x44, 0xFE, 0xFF, 0xFF,
  0x48, 0x6F, 0xFF, 0xFF, 0xF6, 0x27, 0x00, 0x00, 0x00, 0x0F, 0xE2, 0xFF, 0xFF, 0x98, 0x00, 0x01,
  0xBC, 0xFF, 0xFF, 0xC9, 0x03, 0x00, 0x00, 0xA1, 0xFF, 0xFF, 0xDD, 0x0C, 0x00, 0x00, 0x1D, 0xF0,
  0xFF, 0xFF, 0x7C, 0x00, 0x50, 0xFF, 0xFF, 0xFD, 0x3D, 0x00, 0x00, 0x00, 0x00, 0x5C, 0xFF, 0xFF,
  0xFA, 0x31, 0x05, 0xD1, 0xFF, 0xFF, 0xD4, 0x06, 0x00, 0x00, 0x00, 0x04, 0xCE, 0xFF, 0xFF, 0xD6,
  0x07, 0x00, 0x31, 0xFB, 0xFF, 0xFF, 0x7F, 0x00, 0x00, 0x00, 0x78, 0xFF, 0xFF, 0xFC, 0x37, 0x00,
  0x00, 0x00, 0x83, 0xFF, 0xFF, 0xF9, 0x2A, 0x00, 0x25, 0xF7, 0xFF, 0xFF, 0x8A, 0x00, 0x00, 0x00,
  0x00, 0x06, 0xD2, 0xFF, 0xFF, 0xC7, 0x03, 0xC1, 0xFF, 0xFF, 0xD7, 0x08, 0x00, 0x00, 0x00, 0x00,
  0x00, 0x32, 0xFB, 0xFF, 0xFF, 0xBF, 0xFF, 0xFF, 0xFD, 0x38, 0x00, 0x00, 0x00, 0x00, 0x00, 0x00,
  0x00, 0x84, 0xFF, 0xFF, 0xFF, 0xFF, 0xFF, 0x8B, 0x00, 0x00, 0x00, 0x00, 0x00, 0x00, 0x00, 0x00,
  0x06, 0xD2, 0xFF, 0xFF, 0xFF, 0xD8, 0x08, 0x00, 0x00, 0x00, 0x00, 0x00, 0x00, 0x00, 0x00, 0x00,
  0x42, 0xFF, 0xFF, 0xFF, 0x4A, 0x00, 0x00, 0x00, 0x00, 0x00, 0x00, 0x00, 0x00, 0x00, 0x00, 0x2C,
  0xFF, 0xFF, 0xFF, 0x34, 0x00, 0x00, 0x00, 0x00, 0x00, 0x00, 0x00, 0x00, 0x00, 0x00, 0x2C, 0xFF,
  0xFF, 0xFF, 0x34, 0x00, 0x00, 0x00, 0x00, 0x00, 0x00, 0x00, 0x00, 0x00, 0x00, 0x2C, 0xFF, 0xFF,
  0xFF, 0x34, 0x00, 0x00, 0x00, 0x00, 0x00, 0x00, 0x00, 0x00, 0x00, 0x00, 0x2C, 0xFF, 0xFF, 0xFF,
  0x34, 0x00, 0x00, 0x00, 0x00, 0x00, 0x00, 0x00, 0x00, 0x00, 0x00, 0x2C, 0xFF, 0xFF, 0xFF, 0x34,
  0x00, 0x00, 0x00, 0x00, 0x00, 0x00, 0xFC, 0xFF, 0xFF, 0xFF, 0xFF, 0xFF, 0xFF, 0xFF, 0xFF, 0xFF,
  0xFF, 0x0C, 0x00, 0xFC, 0xFF, 0xFF, 0xFF, 0xFF, 0xFF, 0xFF, 0xFF, 0xFF, 0xFF, 0xFF, 0x0C, 0x00,
  0x00, 0x00, 0x00, 0x00, 0x00, 0x00, 0x8E, 0xFF, 0xFF, 0xFF, 0xBC, 0x01, 0x00, 0x00, 0x00, 0x00,
  0x00, 0x00, 0x58, 0xFF, 0xFF, 0xFF, 0xE0, 0x14, 0x00, 0x00, 0x00, 0x00, 0x00, 0x00, 0x2E, 0xF5,
  0xFF, 0xFF, 0xF6, 0x31, 0x00, 0x00, 0x00, 0x00, 0x00, 0x00, 0x11, 0xDC, 0xFF, 0xFF, 0xFF, 0x5E,
  0x00, 0x00, 0x00, 0x00, 0x00, 0x00, 0x02, 0xB6, 0xFF, 0xFF, 0xFF, 0x92, 0x00, 0x00, 0x00, 0x00,
  0x00, 0x00, 0x00, 0x84, 0xFF, 0xFF, 0xFF, 0xC2, 0x05, 0x00, 0x00, 0x00, 0x00, 0x00, 0x00, 0x4F,
  0xFE, 0xFF, 0xFF, 0xE4, 0x17, 0x00, 0x00, 0x00, 0x00, 0x00, 0x00, 0x27, 0xF1, 0xFF, 0xFF, 0xF9,
  0x37, 0x00, 0x00, 0x00, 0x00, 0x00, 0x00, 0x0B, 0xD6, 0xFF, 0xFF, 0xFF, 0x65, 0x00, 0x00, 0x00,
  0x00, 0x00, 0x00, 0x00, 0x30, 0xFF, 0xFF, 0xFF, 0xFF, 0xFF, 0xFF, 0xFF, 0xFF, 0xFF, 0xFF, 0xFF,
  0x40, 0x30, 0xFF, 0xFF, 0xFF, 0xFF, 0xFF, 0xFF, 0xFF, 0xFF, 0xFF, 0xFF, 0xFF, 0x40, 0x74, 0xFF,
  0xFF, 0xFF, 0xFF, 0xFF, 0x74, 0xFF, 0xFF, 0xFF, 0xFF, 0xFF, 0x74, 0xFF, 0xFF, 0x88, 0x00, 0x00,
  0x74, 0xFF, 0xFF, 0x88, 0x00, 0x00, 0x74, 0xFF, 0xFF, 0x88, 0x00, 0x00, 0x74, 0xFF, 0xFF, 0x88,
  0x00, 0x00, 0x74, 0xFF, 0xFF, 0x88, 0x00, 0x00, 0x74, 0xFF, 0xFF, 0x88, 0x00, 0x00, 0x74, 0xFF,
  0xFF, 0x88, 0x00, 0x00, 0x74, 0xFF, 0xFF, 0x88, 0x00, 0x00, 0x74, 0xFF, 0xFF, 0x88, 0x00, 0x00,
  0x74, 0xFF, 0xFF, 0x88, 0x00, 0x00, 0x74, 0xFF, 0xFF, 0x88, 0x00, 0x00, 0x74, 0xFF, 0xFF, 0x88,
  0x00, 0x00, 0x74, 0xFF, 0xFF, 0xFF, 0xFF, 0xFF, 0x74, 0xFF, 0xFF, 0xFF, 0xFF, 0xFF, 0xD9, 0xFE,
  0x19, 0x00, 0x00, 0x00, 0x00, 0x8A, 0xFF, 0x66, 0x00, 0x00, 0x00, 0x00, 0x3B, 0xFF, 0xB5, 0x00,
  0x00, 0x00, 0x00, 0x02, 0xE9, 0xF8, 0x0C, 0x00, 0x00, 0x00, 0x00, 0x9D, 0xFF, 0x53, 0x00, 0x00,
  0x00, 0x00, 0x4E, 0xFF, 0xA3, 0x00, 0x00, 0x00, 0x00, 0x09, 0xF5, 0xEE, 0x04, 0x00, 0x00, 0x00,
  0x00, 0xB0, 0xFF, 0x41, 0x00, 0x00, 0x00, 0x00, 0x61, 0xFF, 0x90, 0x00, 0x00, 0x00, 0x00, 0x15,
  0xFD, 0xDF, 0x00, 0x00, 0x00, 0x00, 0x00, 0xC3, 0xFF, 0x2F, 0x00, 0x00, 0x00, 0x00, 0x74, 0xFF,
  0x7E, 0x00, 0x00, 0x00, 0x00, 0x25, 0xFF, 0xCD, 0x00, 0x00, 0x00, 0x00, 0x00, 0xD6, 0xFF, 0x1D,
  0x00, 0x00, 0x00, 0x00, 0x87, 0xFF, 0x6C, 0xC8, 0xFF, 0xFF, 0xFF, 0xFF, 0xB0, 0xC8, 0xFF, 0xFF,
  0xFF, 0xFF, 0xB0, 0x00, 0x00, 0x50, 0xFF, 0xFF, 0xB0, 0x00, 0x00, 0x50, 0xFF, 0xFF, 0xB0, 0x00,
  0x00, 0x50, 0xFF, 0xFF, 0xB0, 0x00, 0x00, 0x50, 0xFF, 0xFF, 0xB0, 0x00, 0x00, 0x50, 0xFF, 0xFF,
  0xB0, 0x00, 0x00, 0x50, 0xFF, 0xFF, 0xB0, 0x00, 0x00, 0x50, 0xFF, 0xFF, 0xB0, 0x00, 0x00, 0x50,
  0xFF, 0xFF, 0xB0, 0x00, 0x00, 0x50, 0xFF, 0xFF, 0xB0, 0x00, 0x00, 0x50, 0xFF, 0xFF, 0xB0, 0x00,
  0x00, 0x50, 0xFF, 0xFF, 0xB0, 0x00, 0x00, 0x50, 0xFF, 0xFF, 0xB0, 0xC8, 0xFF, 0xFF, 0xFF, 0xFF,
  0xB0, 0xC8, 0xFF, 0xFF, 0xFF, 0xFF, 0xB0, 0x00, 0x00, 0x00, 0x00, 0x1F, 0xE3, 0xFF, 0xEC, 0x29,
  0x00, 0x00, 0x00, 0x00, 0x00, 0x00, 0x00, 0x16, 0xDA, 0xFF, 0xFF, 0xFF, 0xE4, 0x1F, 0x00, 0x00,
  0x00, 0x00, 0x00, 0x0F, 0xCF, 0xFF, 0xF1, 0x7C, 0xE9, 0xFF, 0xDA, 0x16, 0x00, 0x00, 0x00, 0x09,
  0xC2, 0xFF, 0xCD, 0x23, 0x00, 0x19, 0xBF, 0xFF, 0xCF, 0x0F, 0x00, 0x04, 0xB4, 0xFF, 0x95, 0x07,
  0x00, 0x00, 0x00, 0x03, 0x83, 0xFD, 0xC3, 0x09, 0xFF, 0xFF, 0xFF, 0xFF, 0xFF, 0xFF, 0xFF, 0xFF,
  0xFF, 0xFF, 0xFF, 0xFF, 0xFF, 0xFF, 0xFF, 0xFF, 0xFF, 0xFF, 0x03, 0x9E, 0xFF, 0xB6, 0x02, 0x00,
  0x00, 0x00, 0x8B, 0xFF, 0x8D, 0x00, 0x00, 0x00, 0x00, 0x78, 0xFF, 0x62, 0x00, 0x5C, 0xFF, 0xFF,
  0xFF, 0xFF, 0xF4, 0xD1, 0x83, 0x0C, 0x00, 0x00, 0x5C, 0xFF, 0xFF, 0xFF, 0xFF, 0xFF, 0xFF, 0xFF,
  0xCE, 0x07, 0x00, 0x00, 0x00, 0x00, 0x00, 0x07, 0x30, 0xD2, 0xFF, 0xFF, 0x60, 0x00, 0x00, 0x00,
  0x00, 0x00, 0x00, 0x00, 0x75, 0xFF, 0xFF, 0xA0, 0x00, 0x0B, 0x7E, 0xCB, 0xF0, 0xFD, 0xFF, 0xFF,
  0xFF, 0xFF, 0xB7, 0x00, 0xC2, 0xFF, 0xFF, 0xFF, 0xFF, 0xFF, 0xFF, 0xFF, 0xFF, 0xBC, 0x26, 0xFF,
  0xFF, 0xFF, 0x4E, 0x08, 0x00, 0x7F, 0xFF, 0xFF, 0xBC, 0x21, 0xFF, 0xFF, 0xFE, 0x3D, 0x07, 0x41,
  0xEA, 0xFF, 0xFF, 0xBC, 0x00, 0xC5, 0xFF, 0xFF, 0xFF, 0xFF, 0xFA, 0xA6, 0xFF, 0xFF, 0xBC, 0x00,
  0x15, 0x9B, 0xE5, 0xF6, 0xC7, 0x3F, 0x70, 0xFF, 0xFF, 0xBC, 0x7C, 0xFF, 0xFF, 0xA8, 0x00, 0x00,
  0x00, 0x00, 0x00, 0x00, 0x00, 0x00, 0x7C, 0xFF, 0xFF, 0xA8, 0x00, 0x00, 0x00, 0x00, 0x00, 0x00,
  0x00, 0x00, 0x7C, 0xFF, 0xFF, 0xA8, 0x00, 0x00, 0x00, 0x00, 0x00, 0x00, 0x00, 0x00, 0x7C, 0xFF,
  0xFF, 0xA8, 0x00, 0x00, 0x00, 0x00, 0x00, 0x00, 0x00, 0x00, 0x7C, 0xFF, 0xFF, 0xA8, 0x1D, 0xAF,
  0xF2, 0xEE, 0xA5, 0x1A, 0x00, 0x00, 0x7C, 0xFF, 0xFF, 0xBB, 0xE1, 0xFF, 0xFF, 0xFF, 0xFF, 0xDE,
  0x12, 0x00, 0x7C, 0xFF, 0xFF, 0xFF, 0x87, 0x11, 0x34, 0xE1, 0xFF, 0xFF, 0x90, 0x00, 0x7C, 0xFF,
  0xFF, 0xE2, 0x02, 0x00, 0x00, 0x68, 0xFF, 0xFF, 0xE5, 0x00, 0x7C, 0xFF, 0xFF, 0xB5, 0x00, 0x00,
  0x00, 0x39, 0xFF, 0xFF, 0xFF, 0x0A, 0x7C, 0xFF, 0xFF, 0xB4, 0x00, 0x00, 0x00, 0x3A, 0xFF, 0xFF,
  0xFF, 0x0A, 0x7C, 0xFF, 0xFF, 0xE1, 0x02, 0x00, 0x00, 0x68, 0xFF, 0xFF, 0xE6, 0x00, 0x7C, 0xFF,
  0xFF, 0xFF, 0x84, 0x10, 0x33, 0xE1, 0xFF, 0xFF, 0x91, 0x00, 0x7C, 0xFF, 0xFF, 0xBB, 0xE1, 0xFF,
  0xFF, 0xFF, 0xFF, 0xE0, 0x13, 0x00, 0x7C, 0xFF, 0xFF, 0xA8, 0x1E, 0xAF, 0xF2, 0xF0, 0xA6, 0x1B,
  0x00, 0x00, 0x00, 0x00, 0x05, 0x6B, 0xC2, 0xEE, 0xF7, 0xD3, 0x7B, 0x0D, 0x00, 0x0F, 0xC9, 0xFF,
  0xFF, 0xFF, 0xFF, 0xFF, 0xFF, 0x78, 0x00, 0x9E, 0xFF, 0xFF, 0xED, 0x57, 0x10, 0x20, 0x69, 0x64,
  0x0A, 0xF8, 0xFF, 0xFF, 0x62, 0x00, 0x00, 0x00, 0x00, 0x00, 0x2D, 0xFF, 0xFF, 0xFF, 0x1E, 0x00,
  0x00, 0x00, 0x00, 0x00, 0x2E, 0xFF, 0xFF, 0xFF, 0x1E, 0x00, 0x00, 0x00, 0x00, 0x00, 0x0A, 0xF8,
  0xFF, 0xFF, 0x61, 0x00, 0x00, 0x00, 0x00, 0x00, 0x00, 0x9F, 0xFF, 0xFF, 0xEB, 0x54, 0x0F, 0x1E,
  0x6C, 0x67, 0x00, 0x10, 0xCC, 0xFF, 0xFF, 0xFF, 0xFF, 0xFF, 0xFF, 0x78, 0x00, 0x00, 0x06, 0x6D,
  0xC4, 0xEF, 0xF8, 0xD3, 0x7D, 0x0E, 0x00, 0x00, 0x00, 0x00, 0x00, 0x00, 0x00, 0x00, 0xCC, 0xFF,
  0xFF, 0x60, 0x00, 0x00, 0x00, 0x00, 0x00, 0x00, 0x00, 0x00, 0xCC, 0xFF, 0xFF, 0x60, 0x00, 0x00,
  0x00, 0x00, 0x00, 0x00, 0x00, 0x00, 0xCC, 0xFF, 0xFF, 0x60, 0x00, 0x00, 0x00, 0x00, 0x00, 0x00,
  0x00, 0x00, 0xCC, 0xFF, 0xFF, 0x60, 0x00, 0x00, 0x28, 0xB3, 0xF3, 0xEE, 0x9E, 0x0F, 0xCC, 0xFF,
  0xFF, 0x60, 0x00, 0x23, 0xED, 0xFF, 0xFF, 0xFF, 0xFF, 0xC9, 0xD2, 0xFF, 0xFF, 0x60, 0x00, 0xAF,
  0xFF, 0xFF, 0xD1, 0x27, 0x15, 0xA1, 0xFF, 0xFF, 0xFF, 0x60, 0x09, 0xFA, 0xFF, 0xFF, 0x4B, 0x00,
  0x00, 0x10, 0xF8, 0xFF, 0xFF, 0x60, 0x27, 0xFF, 0xFF, 0xFF, 0x1D, 0x00, 0x00, 0x00, 0xD9, 0xFF,
  0xFF, 0x60, 0x28, 0xFF, 0xFF, 0xFF, 0x1C, 0x00, 0x00, 0x00, 0xDA, 0xFF, 0xFF, 0x60, 0x09, 0xFA,
  0xFF, 0xFF, 0x4B, 0x00, 0x00, 0x0F, 0xF8, 0xFF, 0xFF, 0x60, 0x00, 0xB0, 0xFF, 0xFF, 0xD1, 0x27,
  0x14, 0xA1, 0xFF, 0xFF, 0xFF, 0x60, 0x00, 0x25, 0xEF, 0xFF, 0xFF, 0xFF, 0xFF, 0xCA, 0xD2, 0xFF,
  0xFF, 0x60, 0x00, 0x00, 0x2A, 0xB4, 0xF3, 0xEE, 0x9E, 0x10, 0xCC, 0xFF, 0xFF, 0x60, 0x00, 0x00,
  0x08, 0x74, 0xCA, 0xF2, 0xF9, 0xDB, 0x8D, 0x14, 0x00, 0x00, 0x00, 0x11, 0xCE, 0xFF, 0xFF, 0xFF,
  0xFF, 0xFF, 0xFF, 0xE2, 0x1F, 0x00, 0x00, 0xA1, 0xFF, 0xFF, 0xC1, 0x24, 0x0F, 0x8F, 0xFF, 0xFF,
  0xBD, 0x00, 0x0B, 0xF9, 0xFF, 0xFF, 0x29, 0x00, 0x00, 0x04, 0xF6, 0xFF, 0xFF, 0x20, 0x2E, 0xFF,
  0xFF, 0xFF, 0xFF, 0xFF, 0xFF, 0xFF, 0xFF, 0xFF, 0xFF, 0x4B, 0x2E, 0xFF, 0xFF, 0xFF, 0xFF, 0xFF,
  0xFF, 0xFF, 0xFF, 0xFF, 0xFF, 0x57, 0x0B, 0xF9, 0xFF, 0xFF, 0x22, 0x00, 0x00, 0x00, 0x00, 0x00,
  0x00, 0x00, 0x00, 0xA4, 0xFF, 0xFF, 0xC5, 0x32, 0x08, 0x18, 0x3A, 0x84, 0xBD, 0x00, 0x00, 0x13,
  0xD1, 0xFF, 0xFF, 0xFF, 0xFF, 0xFF, 0xFF, 0xFF, 0xE0, 0x00, 0x00, 0x00, 0x08, 0x72, 0xC6, 0xF0,
  0xF9, 0xE1, 0xC0, 0x77, 0x21, 0x00, 0x00, 0x00, 0x10, 0x91, 0xDD, 0xFA, 0xFF, 0xFC, 0x00, 0x00,
  0xAA, 0xFF, 0xFF, 0xFF, 0xFF, 0xFC, 0x00, 0x03, 0xF8, 0xFF, 0xFF, 0x47, 0x00, 0x00, 0x00, 0x17,
  0xFF, 0xFF, 0xFF, 0x0C, 0x00, 0x00, 0xA8, 0xFF, 0xFF, 0xFF, 0xFF, 0xFF, 0xFF, 0xC0, 0xA8, 0xFF,
  0xFF, 0xFF, 0xFF, 0xFF, 0xFF, 0xC0, 0x00, 0x18, 0xFF, 0xFF, 0xFF, 0x0C, 0x00, 0x00, 0x00, 0x18,
  0xFF, 0xFF, 0xFF, 0x0C, 0x00, 0x00, 0x00, 0x18, 0xFF, 0xFF, 0xFF, 0x0C, 0x00, 0x00, 0x00, 0x18,
  0xFF, 0xFF, 0xFF, 0x0C, 0x00, 0x00, 0x00, 0x18, 0xFF, 0xFF, 0xFF, 0x0C, 0x00, 0x00, 0x00, 0x18,
  0xFF, 0xFF, 0xFF, 0x0C, 0x00, 0x00, 0x00, 0x18, 0xFF, 0xFF, 0xFF, 0x0C, 0x00, 0x00, 0x00, 0x18,
  0xFF, 0xFF, 0xFF, 0x0C, 0x00, 0x00, 0x00, 0x00, 0x25, 0xB0, 0xF3, 0xEE, 0x9E, 0x0F, 0xCC, 0xFF,
  0xFF, 0x60, 0x00, 0x21, 0xEB, 0xFF, 0xFF, 0xFF, 0xFF, 0xC9, 0xD2, 0xFF, 0xFF, 0x60, 0x00, 0xAD,
  0xFF, 0xFF, 0xD6, 0x2A, 0x16, 0xA7, 0xFF, 0xFF, 0xFF, 0x60, 0x08, 0xFA, 0xFF, 0xFF, 0x4E, 0x00,
  0x00, 0x12, 0xF9, 0xFF, 0xFF, 0x60, 0x27, 0xFF, 0xFF, 0xFF, 0x1D, 0x00, 0x00, 0x00, 0xDA, 0xFF,
  0xFF, 0x60, 0x28, 0xFF, 0xFF, 0xFF, 0x1C, 0x00, 0x00, 0x00, 0xDA, 0xFF, 0xFF, 0x60, 0x08, 0xF9,
  0xFF, 0xFF, 0x4A, 0x00, 0x00, 0x12, 0xF9, 0xFF, 0xFF, 0x60, 0x00, 0xAC, 0xFF, 0xFF, 0xD0, 0x26,
  0x15, 0xA7, 0xFF, 0xFF, 0xFF, 0x60, 0x00, 0x21, 0xEC, 0xFF, 0xFF, 0xFF, 0xFF, 0xCA, 0xD3, 0xFF,
  0xFF, 0x5F, 0x00, 0x00, 0x26, 0xB1, 0xF3, 0xEE, 0x9E, 0x10, 0xE3, 0xFF, 0xFF, 0x52, 0x00, 0x00,
  0x00, 0x00, 0x00, 0x00, 0x00, 0x23, 0xFD, 0xFF, 0xFF, 0x25, 0x00, 0x00, 0xC1, 0x54, 0x1C, 0x0B,
  0x3A, 0xCC, 0xFF, 0xFF, 0xC2, 0x00, 0x00, 0x00, 0xFC, 0xFF, 0xFF, 0xFF, 0xFF, 0xFF, 0xFF, 0xDF,
  0x20, 0x00, 0x00, 0x00, 0x35, 0xA2, 0xDB, 0xF9, 0xF0, 0xC9, 0x7A, 0x0E, 0x00, 0x00, 0x7C, 0xFF,
  0xFF, 0xA8, 0x00, 0x00, 0x00, 0x00, 0x00, 0x00, 0x00, 0x7C, 0xFF, 0xFF, 0xA8, 0x00, 0x00, 0x00,
  0x00, 0x00, 0x00, 0x00, 0x7C, 0xFF, 0xFF, 0xA8, 0x00, 0x00, 0x00, 0x00, 0x00, 0x00, 0x00, 0x7C,
  0xFF, 0xFF, 0xA8, 0x00, 0x00, 0x00, 0x00, 0x00, 0x00, 0x00, 0x7C, 0xFF, 0xFF, 0xA8, 0x16, 0xA6,
  0xF1, 0xE8, 0xA9, 0x1A, 0x00, 0x7C, 0xFF, 0xFF, 0xBA, 0xDB, 0xFF, 0xFF, 0xFF, 0xFF, 0xCE, 0x02,
  0x7C, 0xFF, 0xFF, 0xFF, 0x90, 0x13, 0x48, 0xFA, 0xFF, 0xFF, 0x39, 0x7C, 0xFF, 0xFF, 0xE5, 0x04,
  0x00, 0x00, 0xD0, 0xFF, 0xFF, 0x5D, 0x7C, 0xFF, 0xFF, 0xB5, 0x00, 0x00, 0x00, 0xC2, 0xFF, 0xFF,
  0x68, 0x7C, 0xFF, 0xFF, 0xA8, 0x00, 0x00, 0x00, 0xC0, 0xFF, 0xFF, 0x68, 0x7C, 0xFF, 0xFF, 0xA8,
  0x00, 0x00, 0x00, 0xC0, 0xFF, 0xFF, 0x68, 0x7C, 0xFF, 0xFF, 0xA8, 0x00, 0x00, 0x00, 0xC0, 0xFF,
  0xFF, 0x68, 0x7C, 0xFF, 0xFF, 0xA8, 0x00, 0x00, 0x00, 0xC0, 0xFF, 0xFF, 0x68, 0x7C, 0xFF, 0xFF,
  0xA8, 0x00, 0x00, 0x00, 0xC0, 0xFF, 0xFF, 0x68, 0x7C, 0xFF, 0xFF, 0xA8, 0x7C, 0xFF, 0xFF, 0xA8,
  0x7C, 0xFF, 0xFF, 0xA8, 0x00, 0x00, 0x00, 0x00, 0x7C, 0xFF, 0xFF, 0xA8, 0x7C, 0xFF, 0xFF, 0xA8,
  0x7C, 0xFF, 0xFF, 0xA8, 0x7C, 0xFF, 0xFF, 0xA8, 0x7C, 0xFF, 0xFF, 0xA8, 0x7C, 0xFF, 0xFF, 0xA8,
  0x7C, 0xFF, 0xFF, 0xA8, 0x7C, 0xFF, 0xFF, 0xA8, 0x7C, 0xFF, 0xFF, 0xA8, 0x7C, 0xFF, 0xFF, 0xA8,
  0x00, 0x00, 0x7C, 0xFF, 0xFF, 0xA8, 0x00, 0x00, 0x7C, 0xFF, 0xFF, 0xA8, 0x00, 0x00, 0x7C, 0xFF,
  0xFF, 0xA8, 0x00, 0x00, 0x00, 0x00, 0x00, 0x00, 0x00, 0x00, 0x7C, 0xFF, 0xFF, 0xA8, 0x00, 0x00,
  0x7C, 0xFF, 0xFF, 0xA8, 0x00, 0x00, 0x7C, 0xFF, 0xFF, 0xA8, 0x00, 0x00, 0x7C, 0xFF, 0xFF, 0xA8,
  0x00, 0x00, 0x7C, 0xFF, 0xFF, 0xA8, 0x00, 0x00, 0x7C, 0xFF, 0xFF, 0xA8, 0x00, 0x00, 0x7C, 0xFF,
  0xFF, 0xA8, 0x00, 0x00, 0x7C, 0xFF, 0xFF, 0xA8, 0x00, 0x00, 0x7C, 0xFF, 0xFF, 0xA8, 0x00, 0x00,
  0x7C, 0xFF, 0xFF, 0xA7, 0x00, 0x00, 0x88, 0xFF, 0xFF, 0x94, 0x00, 0x18, 0xD0, 0xFF, 0xFF, 0x6C,
  0x98, 0xFF, 0xFF, 0xFF, 0xE9, 0x0D, 0x98, 0xFF, 0xF5, 0xBA, 0x2F, 0x00, 0x7C, 0xFF, 0xFF, 0xA8,
  0x00, 0x00, 0x00, 0x00, 0x00, 0x00, 0x00, 0x00, 0x7C, 0xFF, 0xFF, 0xA8, 0x00, 0x00, 0x00, 0x00,
  0x00, 0x00, 0x00, 0x00, 0x7C, 0xFF, 0xFF, 0xA8, 0x00, 0x00, 0x00, 0x00, 0x00, 0x00, 0x00, 0x00,
  0x7C, 0xFF, 0xFF, 0xA8, 0x00, 0x00, 0x00, 0x00, 0x00, 0x00, 0x00, 0x00, 0x7C, 0xFF, 0xFF, 0xA8,
  0x00, 0x00, 0x40, 0xF5, 0xFF, 0xFE, 0x6B, 0x00, 0x7C, 0xFF, 0xFF, 0xA8, 0x00, 0x3E, 0xF4, 0xFF,
  0xFC, 0x60, 0x00, 0x00, 0x7C, 0xFF, 0xFF, 0xA8, 0x3C, 0xF3, 0xFF, 0xFA, 0x56, 0x00, 0x00, 0x00,
  0x7C, 0xFF, 0xFF, 0xD4, 0xF2, 0xFF, 0xF8, 0x4D, 0x00, 0x00, 0x00, 0x00, 0x7C, 0xFF, 0xFF, 0xFF,
  0xFF, 0xFF, 0x63, 0x00, 0x00, 0x00, 0x00, 0x00, 0x7C, 0xFF, 0xFF, 0xFC, 0xFF, 0xFF, 0xE0, 0x1D,
  0x00, 0x00, 0x00, 0x00, 0x7C, 0xFF, 0xFF, 0xAC, 0xB5, 0xFF, 0xFF, 0xDA, 0x18, 0x00, 0x00, 0x00,
  0x7C, 0xFF, 0xFF, 0xA8, 0x09, 0xC4, 0xFF, 0xFF, 0xD4, 0x14, 0x00, 0x00, 0x7C, 0xFF, 0xFF, 0xA8,
  0x00, 0x10, 0xD1, 0xFF, 0xFF, 0xCE, 0x10, 0x00, 0x7C, 0xFF, 0xFF, 0xA8, 0x00, 0x00, 0x18, 0xDD,
  0xFF, 0xFF, 0xC7, 0x0C, 0x7C, 0xFF, 0xFF, 0xA8, 0x7C, 0xFF, 0xFF, 0xA8, 0x7C, 0xFF, 0xFF, 0xA8,
  0x7C, 0xFF, 0xFF, 0xA8, 0x7C, 0xFF, 0xFF, 0xA8, 0x7C, 0xFF, 0xFF, 0xA8, 0x7C, 0xFF, 0xFF, 0xA8,
  0x7C, 0xFF, 0xFF, 0xA8, 0x7C, 0xFF, 0xFF, 0xA8, 0x7C, 0xFF, 0xFF, 0xA8, 0x7C, 0xFF, 0xFF, 0xA8,
  0x7C, 0xFF, 0xFF, 0xA8, 0x7C, 0xFF, 0xFF, 0xA8, 0x7C, 0xFF, 0xFF, 0xA8, 0x80, 0xFF, 0xFF, 0xA8,
  0x26, 0xBC, 0xF5, 0xDB, 0x61, 0x00, 0x1E, 0xAF, 0xF2, 0xE5, 0xA0, 0x13, 0x00, 0x80, 0xFF, 0xFF,
  0xBD, 0xE6, 0xFF, 0xFF, 0xFF, 0xFF, 0x6C, 0xE3, 0xFF, 0xFF, 0xFF, 0xFF, 0xBB, 0x00, 0x80, 0xFF,
  0xFF, 0xFF, 0x75, 0x0E, 0x8A, 0xFF, 0xFF, 0xFF, 0xC0, 0x19, 0x3C, 0xFE, 0xFF, 0xFF, 0x25, 0x80,
  0xFF, 0xFF, 0xDD, 0x00, 0x00, 0x3A, 0xFF, 0xFF, 0xFF, 0x39, 0x00, 0x00, 0xDC, 0xFF, 0xFF, 0x49,
  0x80, 0xFF, 0xFF, 0xB3, 0x00, 0x00, 0x2D, 0xFF, 0xFF, 0xFF, 0x0C, 0x00, 0x00, 0xD3, 0xFF, 0xFF,
  0x54, 0x80, 0xFF, 0xFF, 0xA8, 0x00, 0x00, 0x2C, 0xFF, 0xFF, 0xFF, 0x00, 0x00, 0x00, 0xD4, 0xFF,
  0xFF, 0x54, 0x80, 0xFF, 0xFF, 0xA8, 0x00, 0x00, 0x2C, 0xFF, 0xFF, 0xFF, 0x00, 0x00, 0x00, 0xD4,
  0xFF, 0xFF, 0x54, 0x80, 0xFF, 0xFF, 0xA8, 0x00, 0x00, 0x2C, 0xFF, 0xFF, 0xFF, 0x00, 0x00, 0x00,
  0xD4, 0xFF, 0xFF, 0x54, 0x80, 0xFF, 0xFF, 0xA8, 0x00, 0x00, 0x2C, 0xFF, 0xFF, 0xFF, 0x00, 0x00,
  0x00, 0xD4, 0xFF, 0xFF, 0x54, 0x80, 0xFF, 0xFF, 0xA8, 0x00, 0x00, 0x2C, 0xFF, 0xFF, 0xFF, 0x00,
  0x00, 0x00, 0xD4, 0xFF, 0xFF, 0x54, 0x7C, 0xFF, 0xFF, 0xA8, 0x16, 0xA6, 0xF1, 0xE8, 0xA9, 0x1A,
  0x00, 0x7C, 0xFF, 0xFF, 0xBA, 0xDB, 0xFF, 0xFF, 0xFF, 0xFF, 0xCE, 0x02, 0x7C, 0xFF, 0xFF, 0xFF,
  0x90, 0x13, 0x48, 0xFA, 0xFF, 0xFF, 0x39, 0x7C, 0xFF, 0xFF, 0xE5, 0x04, 0x00, 0x00, 0xD0, 0xFF,
  0xFF, 0x5D, 0x7C, 0xFF, 0xFF, 0xB5, 0x00, 0x00, 0x00, 0xC2, 0xFF, 0xFF, 0x68, 0x7C, 0xFF, 0xFF,
  0xA8, 0x00, 0x00, 0x00, 0xC0, 0xFF, 0xFF, 0x68, 0x7C, 0xFF, 0xFF, 0xA8, 0x00, 0x00, 0x00, 0xC0,
  0xFF, 0xFF, 0x68, 0x7C, 0xFF, 0xFF, 0xA8, 0x00, 0x00, 0x00, 0xC0, 0xFF, 0xFF, 0x68, 0x7C, 0xFF,
  0xFF, 0xA8, 0x00, 0x00, 0x00, 0xC0, 0xFF, 0xFF, 0x68, 0x7C, 0xFF, 0xFF, 0xA8, 0x00, 0x00, 0x00,
  0xC0, 0xFF, 0xFF, 0x68, 0x00, 0x00, 0x0A, 0x78, 0xCC, 0xF3, 0xF9, 0xE0, 0x9F, 0x2A, 0x00, 0x00,
  0x00, 0x13, 0xD3, 0xFF, 0xFF, 0xFF, 0xFF, 0xFF, 0xFF, 0xF8, 0x4E, 0x00, 0x00, 0xA4, 0xFF, 0xFF,
  0xD4, 0x2B, 0x13, 0x91, 0xFF, 0xFF, 0xF1, 0x12, 0x0B, 0xF9, 0xFF, 0xFF, 0x4A, 0x00, 0x00, 0x05,
  0xE9, 0xFF, 0xFF, 0x64, 0x2E, 0xFF, 0xFF, 0xFF, 0x19, 0x00, 0x00, 0x00, 0xBE, 0xFF, 0xFF, 0x8D,
  0x2E, 0xFF, 0xFF, 0xFF, 0x19, 0x00, 0x00, 0x00, 0xBE, 0xFF, 0xFF, 0x8D, 0x0B, 0xF9, 0xFF, 0xFF,
  0x4A, 0x00, 0x00, 0x05, 0xE8, 0xFF, 0xFF, 0x65, 0x00, 0xA4, 0xFF, 0xFF, 0xD2, 0x2A, 0x12, 0x8F,
  0xFF, 0xFF, 0xF1, 0x13, 0x00, 0x13, 0xD4, 0xFF, 0xFF, 0xFF, 0xFF, 0xFF, 0xFF, 0xF8, 0x4E, 0x00,
  0x00, 0x00, 0x0B, 0x79, 0xCD, 0xF4, 0xFA, 0xE1, 0xA0, 0x2B, 0x00, 0x00, 0x7C, 0xFF, 0xFF, 0xA8,
  0x1D, 0xAF, 0xF2, 0xEE, 0xA5, 0x1A, 0x00, 0x00, 0x7C, 0xFF, 0xFF, 0xBB, 0xE1, 0xFF, 0xFF, 0xFF,
  0xFF, 0xDE, 0x12, 0x00, 0x7C, 0xFF, 0xFF, 0xFF, 0x87, 0x11, 0x34, 0xE1, 0xFF, 0xFF, 0x90, 0x00,
  0x7C, 0xFF, 0xFF, 0xE2, 0x02, 0x00, 0x00, 0x68, 0xFF, 0xFF, 0xE5, 0x00, 0x7C, 0xFF, 0xFF, 0xB5,
  0x00, 0x00, 0x00, 0x39, 0xFF, 0xFF, 0xFF, 0x0A, 0x7C, 0xFF, 0xFF, 0xB4, 0x00, 0x00, 0x00, 0x3A,
  0xFF, 0xFF, 0xFF, 0x0A, 0x7C, 0xFF, 0xFF, 0xE1, 0x02, 0x00, 0x00, 0x68, 0xFF, 0xFF, 0xE6, 0x00,
  0x7C, 0xFF, 0xFF, 0xFF, 0x84, 0x10, 0x33, 0xE1, 0xFF, 0xFF, 0x91, 0x00, 0x7C, 0xFF, 0xFF, 0xBB,
  0xE1, 0xFF, 0xFF, 0xFF, 0xFF, 0xE0, 0x13, 0x00, 0x7C, 0xFF, 0xFF, 0xA8, 0x1E, 0xAF, 0xF2, 0xF0,
  0xA6, 0x1B, 0x00, 0x00, 0x7C, 0xFF, 0xFF, 0xA8, 0x00, 0x00, 0x00, 0x00, 0x00, 0x00, 0x00, 0x00,
  0x7C, 0xFF, 0xFF, 0xA8, 0x00, 0x00, 0x00, 0x00, 0x00, 0x00, 0x00, 0x00, 0x7C, 0xFF, 0xFF, 0xA8,
  0x00, 0x00, 0x00, 0x00, 0x00, 0x00, 0x00, 0x00, 0x7C, 0xFF, 0xFF, 0xA8, 0x00, 0x00, 0x00, 0x00,
  0x00, 0x00, 0x00, 0x00, 0x00, 0x00, 0x29, 0xB3, 0xF3, 0xEE, 0x9E, 0x0F, 0xCC, 0xFF, 0xFF, 0x60,
  0x00, 0x25, 0xEE, 0xFF, 0xFF, 0xFF, 0xFF, 0xC9, 0xD2, 0xFF, 0xFF, 0x60, 0x00, 0xB0, 0xFF, 0xFF,
  0xD1, 0x27, 0x15, 0xA1, 0xFF, 0xFF, 0xFF, 0x60, 0x09, 0xFA, 0xFF, 0xFF, 0x4B, 0x00, 0x00, 0x10,
  0xF8, 0xFF, 0xFF, 0x60, 0x28, 0xFF, 0xFF, 0xFF, 0x1D, 0x00, 0x00, 0x00, 0xD9, 0xFF, 0xFF, 0x60,
  0x27, 0xFF, 0xFF, 0xFF, 0x1C, 0x00, 0x00, 0x00, 0xDA, 0xFF, 0xFF, 0x60, 0x09, 0xFA, 0xFF, 0xFF,
  0x4B, 0x00, 0x00, 0x0F, 0xF8, 0xFF, 0xFF, 0x60, 0x00, 0xB0, 0xFF, 0xFF, 0xD1, 0x27, 0x14, 0xA1,
  0xFF, 0xFF, 0xFF, 0x60, 0x00, 0x25, 0xEF, 0xFF, 0xFF, 0xFF, 0xFF, 0xCA, 0xD2, 0xFF, 0xFF, 0x60,
  0x00, 0x00, 0x2A, 0xB4, 0xF3, 0xEE, 0x9E, 0x10, 0xCC, 0xFF, 0xFF, 0x60, 0x00, 0x00, 0x00, 0x00,
  0x00, 0x00, 0x00, 0x00, 0xCC, 0xFF, 0xFF, 0x60, 0x00, 0x00, 0x00, 0x00, 0x00, 0x00, 0x00, 0x00,
  0xCC, 0xFF, 0xFF, 0x60, 0x00, 0x00, 0x00, 0x00, 0x00, 0x00, 0x00, 0x00, 0xCC, 0xFF, 0xFF, 0x60,
  0x00, 0x00, 0x00, 0x00, 0x00, 0x00, 0x00, 0x00, 0xCC, 0xFF, 0xFF, 0x60, 0x7C, 0xFF, 0xFF, 0xA8,
  0x23, 0xB3, 0xF2, 0xD0, 0x7C, 0xFF, 0xFF, 0xBC, 0xE5, 0xFF, 0xFF, 0xD2, 0x7C, 0xFF, 0xFF, 0xFF,
  0xA7, 0x20, 0x00, 0x00, 0x7C, 0xFF, 0xFF, 0xE8, 0x08, 0x00, 0x00, 0x00, 0x7C, 0xFF, 0xFF, 0xB6,
  0x00, 0x00, 0x00, 0x00, 0x7C, 0xFF, 0xFF, 0xA8, 0x00, 0x00, 0x00, 0x00, 0x7C, 0xFF, 0xFF, 0xA8,
  0x00, 0x00, 0x00, 0x00, 0x7C, 0xFF, 0xFF, 0xA8, 0x00, 0x00, 0x00, 0x00, 0x7C, 0xFF, 0xFF, 0xA8,
  0x00, 0x00, 0x00, 0x00, 0x7C, 0xFF, 0xFF, 0xA8, 0x00, 0x00, 0x00, 0x00, 0x00, 0x0A, 0x82, 0xD3,
  0xF5, 0xF6, 0xD5, 0xA1, 0x49, 0x02, 0x00, 0xAC, 0xFF, 0xFF, 0xFF, 0xFF, 0xFF, 0xFF, 0xFF, 0x34,
  0x05, 0xFC, 0xFF, 0xDE, 0x23, 0x07, 0x26, 0x5A, 0xBB, 0x32, 0x02, 0xF6, 0xFF, 0xE6, 0x49, 0x1A,
  0x00, 0x00, 0x00, 0x00, 0x00, 0x9C, 0xFF, 0xFF, 0xFF, 0xFF, 0xF2, 0xBC, 0x60, 0x01, 0x00, 0x06,
  0x71, 0xC4, 0xF2, 0xFF, 0xFF, 0xFF, 0xFF, 0x70, 0x00, 0x00, 0x00, 0x00, 0x00, 0x16, 0x76, 0xFF,
  0xFF, 0xC6, 0x00, 0xC0, 0x71, 0x30, 0x10, 0x0A, 0x6F, 0xFF, 0xFF, 0xCB, 0x00, 0xEC, 0xFF, 0xFF,
  0xFF, 0xFF, 0xFF, 0xFF, 0xFF, 0x68, 0x00, 0x26, 0x80, 0xC7, 0xE9, 0xFC, 0xEB, 0xBB, 0x54, 0x00,
  0x00, 0x34, 0xFF, 0xFF, 0xF4, 0x00, 0x00, 0x00, 0x00, 0x00, 0x34, 0xFF, 0xFF, 0xF4, 0x00, 0x00,
  0x00, 0x00, 0x00, 0x34, 0xFF, 0xFF, 0xF4, 0x00, 0x00, 0x00, 0x00, 0xC4, 0xFF, 0xFF, 0xFF, 0xFF,
  0xFF, 0xFF, 0xFF, 0x30, 0xC4, 0xFF, 0xFF, 0xFF, 0xFF, 0xFF, 0xFF, 0xFF, 0x30, 0x00, 0x34, 0xFF,
  0xFF, 0xF4, 0x00, 0x00, 0x00, 0x00, 0x00, 0x34, 0xFF, 0xFF, 0xF4, 0x00, 0x00, 0x00, 0x00, 0x00,
  0x34, 0xFF, 0xFF, 0xF4, 0x00, 0x00, 0x00, 0x00, 0x00, 0x34, 0xFF, 0xFF, 0xF4, 0x00, 0x00, 0x00,
  0x00, 0x00, 0x33, 0xFF, 0xFF, 0xF5, 0x00, 0x00, 0x00, 0x00, 0x00, 0x24, 0xFF, 0xFF, 0xFF, 0x31,
  0x01, 0x00, 0x00, 0x00, 0x02, 0xE0, 0xFF, 0xFF, 0xFF, 0xFF, 0xEC, 0x00, 0x00, 0x00, 0x31, 0xBF,
  0xF3, 0xFF, 0xFF, 0xEC, 0x00, 0x98, 0xFF, 0xFF, 0x94, 0x00, 0x00, 0x00, 0xD8, 0xFF, 0xFF, 0x4C,
  0x98, 0xFF, 0xFF, 0x93, 0x00, 0x00, 0x00, 0xD8, 0xFF, 0xFF, 0x4C, 0x98, 0xFF, 0xFF, 0x91, 0x00,
  0x00, 0x00, 0xD8, 0xFF, 0xFF, 0x4C, 0x98, 0xFF, 0xFF, 0x8E, 0x00, 0x00, 0x00, 0xD8, 0xFF, 0xFF,
  0x4C, 0x98, 0xFF, 0xFF, 0x8C, 0x00, 0x00, 0x00, 0xD8, 0xFF, 0xFF, 0x4C, 0x98, 0xFF, 0xFF, 0x8E,
  0x00, 0x00, 0x00, 0xE6, 0xFF, 0xFF, 0x4C, 0x8E, 0xFF, 0xFF, 0x9D, 0x00, 0x00, 0x1B, 0xFD, 0xFF,
  0xFF, 0x4C, 0x6A, 0xFF, 0xFF, 0xE6, 0x2B, 0x1A, 0xB4, 0xFF, 0xFF, 0xFF, 0x4C, 0x13, 0xEF, 0xFF,
  0xFF, 0xFF, 0xFF, 0xBA, 0xDB, 0xFF, 0xFF, 0x4C, 0x00, 0x32, 0xBD, 0xEF, 0xEA, 0x8D, 0x08, 0xD8,
  0xFF, 0xFF, 0x4C, 0x8B, 0xFF, 0xFF, 0x98, 0x00, 0x00, 0x00, 0x00, 0xDC, 0xFF, 0xFF, 0x45, 0x27,
  0xFF, 0xFF, 0xED, 0x06, 0x00, 0x00, 0x38, 0xFF, 0xFF, 0xE0, 0x02, 0x00, 0xC4, 0xFF, 0xFF, 0x4E,
  0x00, 0x00, 0x92, 0xFF, 0xFF, 0x7F, 0x00, 0x00, 0x61, 0xFF, 0xFF, 0xA9, 0x00, 0x03, 0xE8, 0xFF,
  0xFD, 0x1E, 0x00, 0x00, 0x0B, 0xF2, 0xFF, 0xF6, 0x0D, 0x47, 0xFF, 0xFF, 0xB9, 0x00, 0x00, 0x00,
  0x00, 0x9B, 0xFF, 0xFF, 0x5F, 0xA1, 0xFF, 0xFF, 0x55, 0x00, 0x00, 0x00, 0x00, 0x37, 0xFF, 0xFF,
  0xC3, 0xF2, 0xFF, 0xEC, 0x06, 0x00, 0x00, 0x00, 0x00, 0x00, 0xD4, 0xFF, 0xFF, 0xFF, 0xFF, 0x8F,
  0x00, 0x00, 0x00, 0x00, 0x00, 0x00, 0x71, 0xFF, 0xFF, 0xFF, 0xFF, 0x2C, 0x00, 0x00, 0x00, 0x00,
  0x00, 0x00, 0x14, 0xF9, 0xFF, 0xFF, 0xC9, 0x00, 0x00, 0x00, 0x00, 0x3C, 0xFF, 0xFF, 0xCE, 0x00,
  0x00, 0x1E, 0xFF, 0xFF, 0xC2, 0x00, 0x00, 0x2C, 0xFF, 0xFF, 0xDE, 0x05, 0xF4, 0xFF, 0xFD, 0x0F,
  0x00, 0x5D, 0xFF, 0xFF, 0xF8, 0x07, 0x00, 0x6A, 0xFF, 0xFF, 0x9C, 0x00, 0xB8, 0xFF, 0xFF, 0x49,
  0x00, 0x9A, 0xFF, 0xFF, 0xFF, 0x3D, 0x00, 0xA9, 0xFF, 0xFF, 0x59, 0x00, 0x76, 0xFF, 0xFF, 0x87,
  0x00, 0xD8, 0xFF, 0xD1, 0xFF, 0x7B, 0x00, 0xE7, 0xFF, 0xFF, 0x17, 0x00, 0x34, 0xFF, 0xFF, 0xC4,
  0x15, 0xFF, 0xF5, 0x61, 0xFF, 0xB8, 0x26, 0xFF, 0xFF, 0xD4, 0x00, 0x00, 0x02, 0xEE, 0xFF, 0xF9,
  0x5B, 0xFF, 0xBD, 0x1D, 0xFF, 0xF2, 0x69, 0xFF, 0xFF, 0x92, 0x00, 0x00, 0x00, 0xB0, 0xFF, 0xFF,
  0xCF, 0xFF, 0x7F, 0x00, 0xE0, 0xFF, 0xD5, 0xFF, 0xFF, 0x50, 0x00, 0x00, 0x00, 0x6E, 0xFF, 0xFF,
  0xFF, 0xFF, 0x42, 0x00, 0xA3, 0xFF, 0xFF, 0xFF, 0xFD, 0x10, 0x00, 0x00, 0x00, 0x2C, 0xFF, 0xFF,
  0xFF, 0xFA, 0x0A, 0x00, 0x65, 0xFF, 0xFF, 0xFF, 0xCB, 0x00, 0x00, 0x00, 0x00, 0x00, 0xE8, 0xFF,
  0xFF, 0xC6, 0x00, 0x00, 0x27, 0xFF, 0xFF, 0xFF, 0x89, 0x00, 0x00, 0x35, 0xFA, 0xFF, 0xF6, 0x27,
  0x00, 0x00, 0x84, 0xFF, 0xFF, 0xC6, 0x04, 0x00, 0x76, 0xFF, 0xFF, 0xC8, 0x03, 0x36, 0xFC, 0xFF,
  0xEF, 0x1F, 0x00, 0x00, 0x01, 0xBA, 0xFF, 0xFF, 0x83, 0xD8, 0xFF, 0xFF, 0x55, 0x00, 0x00, 0x00,
  0x00, 0x18, 0xEA, 0xFF, 0xFF, 0xFF, 0xFF, 0x99, 0x00, 0x00, 0x00, 0x00, 0x00, 0x00, 0x4B, 0xFF,
  0xFF, 0xFF, 0xD9, 0x09, 0x00, 0x00, 0x00, 0x00, 0x00, 0x00, 0x72, 0xFF, 0xFF, 0xFF, 0xF1, 0x21,
  0x00, 0x00, 0x00, 0x00, 0x00, 0x33, 0xF9, 0xFF, 0xFB, 0xFF, 0xFF, 0xC8, 0x04, 0x00, 0x00, 0x00,
  0x0C, 0xDB, 0xFF, 0xFF, 0x59, 0xBC, 0xFF, 0xFF, 0x87, 0x00, 0x00, 0x00, 0xA3, 0xFF, 0xFF, 0xA5,
  0x00, 0x1B, 0xEE, 0xFF, 0xFD, 0x42, 0x00, 0x5E, 0xFF, 0xFF, 0xE3, 0x10, 0x00, 0x00, 0x56, 0xFF,
  0xFF, 0xE6, 0x14, 0x93, 0xFF, 0xFF, 0x8D, 0x00, 0x00, 0x00, 0x01, 0xE5, 0xFF, 0xFF, 0x37, 0x27,
  0xFE, 0xFF, 0xEB, 0x06, 0x00, 0x00, 0x3B, 0xFF, 0xFF, 0xD7, 0x00, 0x00, 0xBB, 0xFF, 0xFF, 0x56,
  0x00, 0x00, 0x90, 0xFF, 0xFF, 0x78, 0x00, 0x00, 0x4F, 0xFF, 0xFF, 0xBA, 0x00, 0x01, 0xE3, 0xFF,
  0xFD, 0x1C, 0x00, 0x00, 0x03, 0xE0, 0xFF, 0xFE, 0x20, 0x3A, 0xFF, 0xFF, 0xB9, 0x00, 0x00, 0x00,
  0x00, 0x78, 0xFF, 0xFF, 0x83, 0x8F, 0xFF, 0xFF, 0x5A, 0x00, 0x00, 0x00, 0x00, 0x14, 0xF8, 0xFF,
  0xE4, 0xE3, 0xFF, 0xF1, 0x09, 0x00, 0x00, 0x00, 0x00, 0x00, 0xA1, 0xFF, 0xFF, 0xFF, 0xFF, 0x9B,
  0x00, 0x00, 0x00, 0x00, 0x00, 0x00, 0x35, 0xFF, 0xFF, 0xFF, 0xFF, 0x3B, 0x00, 0x00, 0x00, 0x00,
  0x00, 0x00, 0x00, 0xC9, 0xFF, 0xFF, 0xDB, 0x00, 0x00, 0x00, 0x00, 0x00, 0x00, 0x00, 0x00, 0x7C,
  0xFF, 0xFF, 0x7C, 0x00, 0x00, 0x00, 0x00, 0x00, 0x00, 0x00, 0x1F, 0xD8, 0xFF, 0xF7, 0x19, 0x00,
  0x00, 0x00, 0x00, 0x00, 0x34, 0xFF, 0xFF, 0xFF, 0xFF, 0x85, 0x00, 0x00, 0x00, 0x00, 0x00, 0x00,
  0x34, 0xFF, 0xFD, 0xE2, 0x81, 0x02, 0x00, 0x00, 0x00, 0x00, 0x00, 0x00, 0xF8, 0xFF, 0xFF, 0xFF,
  0xFF, 0xFF, 0xFF, 0xFF, 0x9C, 0x00, 0xF8, 0xFF, 0xFF, 0xFF, 0xFF, 0xFF, 0xFF, 0xFF, 0x9C, 0x00,
  0x00, 0x00, 0x00, 0x00, 0x74, 0xFF, 0xFF, 0xFF, 0x65, 0x00, 0x00, 0x00, 0x00, 0x5F, 0xFE, 0xFF,
  0xFF, 0x87, 0x00, 0x00, 0x00, 0x00, 0x4C, 0xFB, 0xFF, 0xFF, 0x9E, 0x00, 0x00, 0x00, 0x00, 0x3A,
  0xF6, 0xFF, 0xFF, 0xB2, 0x03, 0x00, 0x00, 0x00, 0x2C, 0xEE, 0xFF, 0xFF, 0xC3, 0x09, 0x00, 0x00,
  0x00, 0x13, 0xE4, 0xFF, 0xFF, 0xD3, 0x10, 0x00, 0x00, 0x00, 0x00, 0x30, 0xFF, 0xFF, 0xFF, 0xFF,
  0xFF, 0xFF, 0xFF, 0xFF, 0x9C, 0x30, 0xFF, 0xFF, 0xFF, 0xFF, 0xFF, 0xFF, 0xFF, 0xFF, 0x9C, 0x00,
  0x00, 0x00, 0x0B, 0x94, 0xE4, 0xFC, 0xFF, 0x90, 0x00, 0x00, 0x00, 0x91, 0xFF, 0xFF, 0xFF, 0xFF,
  0x90, 0x00, 0x00, 0x00, 0xE4, 0xFF, 0xFF, 0x6F, 0x0C, 0x00, 0x00, 0x00, 0x02, 0xFE, 0xFF, 0xFF,
  0x07, 0x00, 0x00, 0x00, 0x00, 0x04, 0xFF, 0xFF, 0xF8, 0x00, 0x00, 0x00, 0x00, 0x00, 0x08, 0xFF,
  0xFF, 0xF7, 0x00, 0x00, 0x00, 0x00, 0x00, 0x25, 0xFF, 0xFF, 0xEB, 0x00, 0x00, 0x00, 0x00, 0x1A,
  0xA8, 0xFF, 0xFF, 0xBF, 0x00, 0x00, 0x00, 0xC0, 0xFF, 0xFF, 0xFF, 0xD4, 0x31, 0x00, 0x00, 0x00,
  0xC0, 0xFF, 0xFF, 0xFF, 0xEC, 0x4B, 0x00, 0x00, 0x00, 0x00, 0x16, 0x97, 0xFF, 0xFF, 0xD1, 0x00,
  0x00, 0x00, 0x00, 0x00, 0x18, 0xFF, 0xFF, 0xF2, 0x00, 0x00, 0x00, 0x00, 0x00, 0x04, 0xFF, 0xFF,
  0xF8, 0x00, 0x00, 0x00, 0x00, 0x00, 0x03, 0xFF, 0xFF, 0xFD, 0x04, 0x00, 0x00, 0x00, 0x00, 0x00,
  0xE9, 0xFF, 0xFF, 0x61, 0x0A, 0x00, 0x00, 0x00, 0x00, 0x9E, 0xFF, 0xFF, 0xFF, 0xFF, 0x90, 0x00,
  0x00, 0x00, 0x10, 0x9C, 0xE7, 0xFD, 0xFF, 0x90, 0xB8, 0xFF, 0x48, 0xB8, 0xFF, 0x48, 0xB8, 0xFF,
  0x48, 0xB8, 0xFF, 0x48, 0xB8, 0xFF, 0x48, 0xB8, 0xFF, 0x48, 0xB8, 0xFF, 0x48, 0xB8, 0xFF, 0x48,
  0xB8, 0xFF, 0x48, 0xB8, 0xFF, 0x48, 0xB8, 0xFF, 0x48, 0xB8, 0xFF, 0x48, 0xB8, 0xFF, 0x48, 0xB8,
  0xFF, 0x48, 0xB8, 0xFF, 0x48, 0xB8, 0xFF, 0x48, 0xB8, 0xFF, 0x48, 0xB8, 0xFF, 0x48, 0xC0, 0xFF,
  0xFA, 0xDB, 0x79, 0x00, 0x00, 0x00, 0x00, 0xC0, 0xFF, 0xFF, 0xFF, 0xFF, 0x61, 0x00, 0x00, 0x00,
  0x00, 0x11, 0x99, 0xFF, 0xFF, 0xB3, 0x00, 0x00, 0x00, 0x00, 0x00, 0x37, 0xFF, 0xFF, 0xD1, 0x00,
  0x00, 0x00, 0x00, 0x00, 0x28, 0xFF, 0xFF, 0xD4, 0x00, 0x00, 0x00, 0x00, 0x00, 0x27, 0xFF, 0xFF,
  0xD8, 0x00, 0x00, 0x00, 0x00, 0x00, 0x1C, 0xFF, 0xFF, 0xF0, 0x02, 0x00, 0x00, 0x00, 0x00, 0x03,
  0xEC, 0xFF, 0xFF, 0x7E, 0x12, 0x00, 0x00, 0x00, 0x00, 0x4F, 0xE4, 0xFF, 0xFF, 0xFF, 0x90, 0x00,
  0x00, 0x00, 0x70, 0xF5, 0xFF, 0xFF, 0xFF, 0x90, 0x00, 0x00, 0x09, 0xF7, 0xFF, 0xFF, 0x6C, 0x0F,
  0x00, 0x00, 0x00, 0x22, 0xFF, 0xFF, 0xE7, 0x00, 0x00, 0x00, 0x00, 0x00, 0x28, 0xFF, 0xFF, 0xD4,
  0x00, 0x00, 0x00, 0x00, 0x00, 0x32, 0xFF, 0xFF, 0xD3, 0x00, 0x00, 0x00, 0x00, 0x0F, 0x8C, 0xFF,
  0xFF, 0xB8, 0x00, 0x00, 0x00, 0xC0, 0xFF, 0xFF, 0xFF, 0xFF, 0x6E, 0x00, 0x00, 0x00, 0xC0, 0xFF,
  0xFB, 0xDE, 0x84, 0x02, 0x00, 0x00, 0x00, 0x00, 0x00, 0x00, 0x00, 0x00, 0x00, 0x00, 0x00, 0x00,
  0x00, 0x00, 0x01, 0x06, 0x00, 0x38, 0xAB, 0xEC, 0xF7, 0xD3, 0x8D, 0x42, 0x0F, 0x0C, 0x4C, 0xC6,
  0x2C, 0x15, 0xFE, 0xFF, 0xFF, 0xFF, 0xFF, 0xFF, 0xFF, 0xFF, 0xFF, 0xFF, 0xFF, 0x28, 0x18, 0xE3,
  0x60, 0x12, 0x0D, 0x3D, 0x87, 0xCF, 0xF6, 0xE6, 0xB3, 0x42, 0x00, 0x08, 0x12, 0x00, 0x00, 0x00,
  0x00, 0x00, 0x00, 0x00, 0x00, 0x00, 0x00, 0x00, 0x7C, 0xFF, 0xFF, 0xB0, 0x7C, 0xFF, 0xFF, 0xB0,
  0x7C, 0xFF, 0xFF, 0xB0, 0x00, 0x00, 0x00, 0x00, 0x18, 0xFF, 0xFF, 0x4A, 0x36, 0xFF, 0xFF, 0x69,
  0x55, 0xFF, 0xFF, 0x88, 0x72, 0xFF, 0xFF, 0xA6, 0x7C, 0xFF, 0xFF, 0xB0, 0x7C, 0xFF, 0xFF, 0xB0,
  0x7C, 0xFF, 0xFF, 0xB0, 0x7C, 0xFF, 0xFF, 0xB0, 0x7C, 0xFF, 0xFF, 0xB0, 0x00, 0x00, 0x00, 0x00,
  0x00, 0xD4, 0x98, 0x00, 0x00, 0x00, 0x00, 0x00, 0x00, 0x00, 0x00, 0xD4, 0x99, 0x00, 0x00, 0x00,
  0x00, 0x00, 0x00, 0x00, 0x00, 0xD4, 0x9B, 0x00, 0x00, 0x00, 0x00, 0x00, 0x1F, 0x93, 0xDE, 0xFF,
  0xFB, 0xC9, 0x5E, 0x02, 0x00, 0x3F, 0xF2, 0xFF, 0xFF, 0xFF, 0xFF, 0xFF, 0xFF, 0x34, 0x08, 0xE6,
  0xFF, 0xFF, 0xD4, 0xE6, 0x99, 0x23, 0x99, 0x31, 0x4D, 0xFF, 0xFF, 0xFE, 0x23, 0xD4, 0x98, 0x00,
  0x00, 0x00, 0x71, 0xFF, 0xFF, 0xDC, 0x00, 0xD4, 0x98, 0x00, 0x00, 0x00, 0x6C, 0xFF, 0xFF, 0xDB,
  0x00, 0xD4, 0x98, 0x00, 0x00, 0x00, 0x3E, 0xFF, 0xFF, 0xFD, 0x20, 0xD4, 0x98, 0x00, 0x00, 0x00,
  0x02, 0xD5, 0xFF, 0xFF, 0xD0, 0xE5, 0x9B, 0x2A, 0x8F, 0x30, 0x00, 0x2B, 0xE5, 0xFF, 0xFF, 0xFF,
  0xFF, 0xFF, 0xFF, 0x34, 0x00, 0x00, 0x0F, 0x7C, 0xCB, 0xFC, 0xFD, 0xD1, 0x63, 0x02, 0x00, 0x00,
  0x00, 0x00, 0x00, 0xD4, 0x98, 0x00, 0x00, 0x00, 0x00, 0x00, 0x00, 0x00, 0x00, 0xD4, 0x98, 0x00,
  0x00, 0x00, 0x00, 0x00, 0x00, 0x00, 0x00, 0xD4, 0x98, 0x00, 0x00, 0x00, 0x00, 0x00, 0x00, 0x29,
  0xA6, 0xE5, 0xFA, 0xE1, 0xA7, 0x33, 0x00, 0x00, 0x00, 0x26, 0xF2, 0xFF, 0xFF, 0xFF, 0xFF, 0xFF,
  0xEC, 0x00, 0x00, 0x00, 0x9B, 0xFF, 0xFF, 0xDF, 0x32, 0x0D, 0x3E, 0xAB, 0x00, 0x00, 0x00, 0xD4,
  0xFF, 0xFF, 0x70, 0x00, 0x00, 0x00, 0x00, 0x00, 0x00, 0x00, 0xE5, 0xFF, 0xFF, 0x4F, 0x00, 0x00,
  0x00, 0x00, 0x00, 0x00, 0x00, 0xE8, 0xFF, 0xFF, 0x4C, 0x00, 0x00, 0x00, 0x00, 0x00, 0x9C, 0xFF,
  0xFF, 0xFF, 0xFF, 0xFF, 0xFF, 0xFF, 0x94, 0x00, 0x00, 0x9C, 0xFF, 0xFF, 0xFF, 0xFF, 0xFF, 0xFF,
  0xFF, 0x94, 0x00, 0x00, 0x00, 0x00, 0xE8, 0xFF, 0xFF, 0x4C, 0x00, 0x00, 0x00, 0x00, 0x00, 0x00,
  0x00, 0xE8, 0xFF, 0xFF, 0x4C, 0x00, 0x00, 0x00, 0x00, 0x00, 0x00, 0x00, 0xE8, 0xFF, 0xFF, 0x4C,
  0x00, 0x00, 0x00, 0x00, 0x00, 0xE8, 0xFF, 0xFF, 0xFF, 0xFF, 0xFF, 0xFF, 0xFF, 0xFF, 0xFF, 0x08,
  0xE8, 0xFF, 0xFF, 0xFF, 0xFF, 0xFF, 0xFF, 0xFF, 0xFF, 0xFF, 0x08, 0x06, 0x97, 0x94, 0x03, 0x00,
  0x00, 0x00, 0x00, 0x38, 0xD2, 0x3E, 0x13, 0xD6, 0xFF, 0xB9, 0xBD, 0xF4, 0xDF, 0x9A, 0xF6, 0xFE,
  0x5F, 0x00, 0x1C, 0xE0, 0xFF, 0xFF, 0xFF, 0xFF, 0xFF, 0xFF, 0x74, 0x00, 0x00, 0x00, 0xB4, 0xFF,
  0x8B, 0x0F, 0x36, 0xE4, 0xFF, 0x2F, 0x00, 0x00, 0x00, 0xF4, 0xE8, 0x01, 0x00, 0x00, 0x6E, 0xFF,
  0x6F, 0x00, 0x00, 0x00, 0xF4, 0xE7, 0x01, 0x00, 0x00, 0x6E, 0xFF, 0x70, 0x00, 0x00, 0x00, 0xB8,
  0xFF, 0x88, 0x0F, 0x36, 0xE4, 0xFF, 0x2F, 0x00, 0x00, 0x1B, 0xE1, 0xFF, 0xFF, 0xFF, 0xFF, 0xFF,
  0xFF, 0x79, 0x00, 0x11, 0xD4, 0xFF, 0xBD, 0xC2, 0xF6, 0xE2, 0x97, 0xF6, 0xFF, 0x64, 0x0A, 0x9F,
  0x94, 0x03, 0x00, 0x00, 0x00, 0x00, 0x35, 0xC4, 0x32, 0x7D, 0xFF, 0xFF, 0xEE, 0x14, 0x00, 0x00,
  0x00, 0x80, 0xFF, 0xFF, 0xEF, 0x14, 0x07, 0xDD, 0xFF, 0xFF, 0x9C, 0x00, 0x00, 0x20, 0xF6, 0xFF,
  0xFF, 0x6C, 0x00, 0x00, 0x4E, 0xFF, 0xFF, 0xFE, 0x36, 0x00, 0xAF, 0xFF, 0xFF, 0xD2, 0x03, 0x00,
  0x00, 0x00, 0xB7, 0xFF, 0xFF, 0xCA, 0x47, 0xFF, 0xFF, 0xFF, 0x3F, 0x00, 0x00, 0x00, 0x00, 0x26,
  0xF9, 0xFF, 0xFF, 0xF4, 0xFF, 0xFF, 0xA7, 0x00, 0x00, 0x00, 0x68, 0xFF, 0xFF, 0xFF, 0xFF, 0xFF,
  0xFF, 0xFF, 0xFF, 0xFF, 0xFF, 0xF0, 0x00, 0x68, 0xFF, 0xFF, 0xFF, 0xFF, 0xFF, 0xFF, 0xFF, 0xFF,
  0xFF, 0xFF, 0xF0, 0x00, 0x00, 0x00, 0x00, 0x00, 0x87, 0xFF, 0xFF, 0xF8, 0x17, 0x00, 0x00, 0x00,
  0x00, 0x68, 0xFF, 0xFF, 0xFF, 0xFF, 0xFF, 0xFF, 0xFF, 0xFF, 0xFF, 0xFF, 0xF0, 0x00, 0x68, 0xFF,
  0xFF, 0xFF, 0xFF, 0xFF, 0xFF, 0xFF, 0xFF, 0xFF, 0xFF, 0xF0, 0x00, 0x00, 0x00, 0x00, 0x00, 0x68,
  0xFF, 0xFF, 0xF0, 0x00, 0x00, 0x00, 0x00, 0x00, 0x00, 0x00, 0x00, 0x00, 0x68, 0xFF, 0xFF, 0xF0,
  0x00, 0x00, 0x00, 0x00, 0x00, 0x00, 0x00, 0x00, 0x00, 0x68, 0xFF, 0xFF, 0xF0, 0x00, 0x00, 0x00,
  0x00, 0x00, 0xB8, 0xFF, 0x48, 0xB8, 0xFF, 0x48, 0xB8, 0xFF, 0x48, 0xB8, 0xFF, 0x48, 0xB8, 0xFF,
  0x48, 0xB8, 0xFF, 0x48, 0xB8, 0xFF, 0x48, 0x00, 0x00, 0x00, 0x00, 0x00, 0x00, 0xB8, 0xFF, 0x48,
  0xB8, 0xFF, 0x48, 0xB8, 0xFF, 0x48, 0xB8, 0xFF, 0x48, 0xB8, 0xFF, 0x48, 0xB8, 0xFF, 0x48, 0xB8,
  0xFF, 0x48, 0x00, 0x10, 0x8C, 0xDC, 0xF7, 0xEB, 0xC5, 0x6B, 0x00, 0x00, 0xBA, 0xFF, 0xFF, 0xFF,
  0xFF, 0xFF, 0xC8, 0x00, 0x11, 0xFF, 0xFF, 0xD5, 0x15, 0x1A, 0x65, 0xA2, 0x00, 0x0E, 0xFB, 0xFF,
  0xEB, 0x32, 0x00, 0x00, 0x00, 0x00, 0x00, 0x7C, 0xFF, 0xFF, 0xFD, 0xAA, 0x3B, 0x00, 0x00, 0x0C,
  0xA1, 0xFE, 0xFF, 0xFF, 0xFF, 0xFF, 0xB6, 0x13, 0x9D, 0xFF, 0xE3, 0x2C, 0x40, 0xB0, 0xFF, 0xFF,
  0xAA, 0xD5, 0xFF, 0xBB, 0x00, 0x00, 0x00, 0xA6, 0xFF, 0xE5, 0x9E, 0xFF, 0xFF, 0xAA, 0x39, 0x12,
  0xC8, 0xFF, 0xB5, 0x13, 0xBF, 0xFF, 0xFF, 0xFF, 0xFD, 0xFF, 0xC3, 0x1D, 0x00, 0x00, 0x4A, 0xB8,
  0xFF, 0xFF, 0xFE, 0x79, 0x00, 0x00, 0x00, 0x00, 0x00, 0x38, 0xE9, 0xFF, 0xFF, 0x21, 0x00, 0xC8,
  0x62, 0x16, 0x17, 0xC8, 0xFF, 0xFF, 0x33, 0x00, 0xFC, 0xFF, 0xFF, 0xFF, 0xFF, 0xFF, 0xD4, 0x03,
  0x00, 0x87, 0xCC, 0xEF, 0xF7, 0xDB, 0x8C, 0x15, 0x00, 0x44, 0xFF, 0xCC, 0x00, 0xCC, 0xFF, 0x44,
  0x44, 0xFF, 0xCC, 0x00, 0xCC, 0xFF, 0x44, 0x00, 0x00, 0x00, 0x0D, 0x7C, 0xCE, 0xF3, 0xF4, 0xCE,
  0x7C, 0x0D, 0x00, 0x00, 0x00, 0x00, 0x00, 0x34, 0xE4, 0xB5, 0x40, 0x0C, 0x0D, 0x41, 0xB5, 0xE4,
  0x34, 0x00, 0x00, 0x00, 0x27, 0xEF, 0x81, 0x00, 0x00, 0x00, 0x00, 0x00, 0x00, 0x81, 0xEF, 0x26,
  0x00, 0x00, 0xC2, 0xB0, 0x00, 0x21, 0xA2, 0xE0, 0xFA, 0xED, 0x82, 0x00, 0xB1, 0xBF, 0x00, 0x2F,
  0xFF, 0x2E, 0x23, 0xEF, 0xFE, 0x63, 0x0E, 0x3D, 0x73, 0x00, 0x31, 0xFF, 0x2C, 0x6B, 0xEA, 0x00,
  0x91, 0xFF, 0xB7, 0x00, 0x00, 0x00, 0x00, 0x00, 0x00, 0xEB, 0x69, 0x7E, 0xD5, 0x00, 0xB2, 0xFF,
  0x94, 0x00, 0x00, 0x00, 0x00, 0x00, 0x00, 0xD6, 0x7D, 0x6C, 0xE9, 0x00, 0x91, 0xFF, 0xB5, 0x00,
  0x00, 0x00, 0x00, 0x00, 0x00, 0xEA, 0x6A, 0x30, 0xFF, 0x2C, 0x23, 0xF0, 0xFD, 0x5E, 0x0D, 0x38,
  0x76, 0x00, 0x30, 0xFF, 0x2D, 0x00, 0xC3, 0xAD, 0x00, 0x21, 0xA3, 0xE1, 0xFA, 0xEC, 0x82, 0x00,
  0xAF, 0xC0, 0x00, 0x00, 0x27, 0xEF, 0x7D, 0x00, 0x00, 0x00, 0x00, 0x00, 0x00, 0x7D, 0xEF, 0x27,
  0x00, 0x00, 0x00, 0x34, 0xE5, 0xB0, 0x3E, 0x0C, 0x0C, 0x3D, 0xB1, 0xE4, 0x34, 0x00, 0x00, 0x00,
  0x00, 0x00, 0x0E, 0x7C, 0xCF, 0xF4, 0xF4, 0xCF, 0x7C, 0x0E, 0x00, 0x00, 0x00, 0x02, 0xBD, 0xE3,
  0xF8, 0xF9, 0xDC, 0x8E, 0x07, 0x00, 0x00, 0x00, 0x00, 0x10, 0xB9, 0xFF, 0x8D, 0x00, 0x6C, 0xD1,
  0xF6, 0xFF, 0xFF, 0xFF, 0xC7, 0x53, 0xFF, 0xDE, 0x2D, 0x05, 0x97, 0xFF, 0xCC, 0x8F, 0xFF, 0x98,
  0x00, 0x00, 0xC4, 0xFF, 0xCC, 0x68, 0xFF, 0xD0, 0x12, 0x60, 0xFF, 0xFF, 0xCC, 0x03, 0x92, 0xEB,
  0xF0, 0xBC, 0x8C, 0xFF, 0xCC, 0x00, 0x00, 0x00, 0x00, 0x00, 0x00, 0x00, 0x00, 0x74, 0xFF, 0xFF,
  0xFF, 0xFF, 0xFF, 0xFF, 0xB0, 0x74, 0xFF, 0xFF, 0xFF, 0xFF, 0xFF, 0xFF, 0xB0, 0x00, 0x00, 0x00,
  0x25, 0x87, 0x00, 0x00, 0x10, 0x9D, 0x00, 0x00, 0x5B, 0xF3, 0xB8, 0x00, 0x38, 0xE0, 0xF0, 0x0A,
  0x9D, 0xFF, 0xE7, 0x44, 0x76, 0xFB, 0xF8, 0x69, 0x94, 0xFF, 0xBA, 0x17, 0x60, 0xFF, 0xD9, 0x2F,
  0x00, 0x95, 0xFF, 0xB9, 0x16, 0x61, 0xFF, 0xD8, 0x2F, 0x00, 0x0B, 0xA1, 0xFF, 0xE7, 0x44, 0x7B,
  0xFB, 0xF8, 0x69, 0x00, 0x00, 0x5E, 0xF3, 0xB8, 0x00, 0x3A, 0xE1, 0xF0, 0x00, 0x00, 0x00, 0x26,
  0x87, 0x00, 0x00, 0x11, 0x9D, 0x18, 0xFF, 0xFF, 0xFF, 0xFF, 0xFF, 0xFF, 0xFF, 0xFF, 0xFF, 0xFF,
  0xFF, 0x2C, 0x18, 0xFF, 0xFF, 0xFF, 0xFF, 0xFF, 0xFF, 0xFF, 0xFF, 0xFF, 0xFF, 0xFF, 0x2C, 0x00,
  0x00, 0x00, 0x00, 0x00, 0x00, 0x00, 0x00, 0x00, 0x00, 0xE4, 0xFF, 0x2C, 0x00, 0x00, 0x00, 0x00,
  0x00, 0x00, 0x00, 0x00, 0x00, 0x00, 0xE4, 0xFF, 0x2C, 0x00, 0x00, 0x00, 0x00, 0x00, 0x00, 0x00,
  0x00, 0x00, 0x00, 0xE4, 0xFF, 0x2C, 0x00, 0x00, 0x00, 0x0D, 0x7C, 0xCE, 0xF3, 0xF4, 0xCE, 0x7C,
  0x0D, 0x00, 0x00, 0x00, 0x00, 0x00, 0x34, 0xE4, 0xB5, 0x40, 0x0C, 0x0D, 0x41, 0xB5, 0xE4, 0x34,
  0x00, 0x00, 0x00, 0x27, 0xEF, 0x81, 0x00, 0x00, 0x00, 0x00, 0x00, 0x00, 0x81, 0xEF, 0x26, 0x00,
  0x00, 0xC2, 0xB0, 0x00, 0xB0, 0xFF, 0xFF, 0xEF, 0xBE, 0x2F, 0x00, 0xB1, 0xBF, 0x00, 0x2F, 0xFF,
  0x2E, 0x00, 0xB0, 0xFF, 0x33, 0x5D, 0xFF, 0xC9, 0x00, 0x31, 0xFF, 0x2C, 0x6B, 0xEA, 0x00, 0x00,
  0xB0, 0xFF, 0x33, 0x5F, 0xFF, 0xCB, 0x00, 0x00, 0xEB, 0x69, 0x7E, 0xD5, 0x00, 0x00, 0xB0, 0xFF,
  0xFF, 0xFF, 0xBF, 0x2B, 0x00, 0x00, 0xD6, 0x7D, 0x6C, 0xE9, 0x00, 0x00, 0xB0, 0xFF, 0x53, 0xEF,
  0xD7, 0x0E, 0x00, 0x00, 0xEA, 0x6A, 0x30, 0xFF, 0x2C, 0x00, 0xB0, 0xFF, 0x30, 0x74, 0xFF, 0x8F,
  0x00, 0x30, 0xFF, 0x2D, 0x00, 0xC3, 0xAD, 0x00, 0xB0, 0xFF, 0x30, 0x08, 0xE3, 0xF8, 0x1D, 0xAF,
  0xC0, 0x00, 0x00, 0x27, 0xEF, 0x7D, 0x00, 0x00, 0x00, 0x00, 0x00, 0x00, 0x7D, 0xEF, 0x27, 0x00,
  0x00, 0x00, 0x34, 0xE5, 0xB0, 0x3E, 0x0C, 0x0C, 0x3D, 0xB1, 0xE4, 0x34, 0x00, 0x00, 0x00, 0x00,
  0x00, 0x0E, 0x7C, 0xCF, 0xF4, 0xF4, 0xCF, 0x7C, 0x0E, 0x00, 0x00, 0x00, 0x44, 0xFF, 0xFF, 0xFF,
  0xFF, 0xFF, 0x44, 0x44, 0xFF, 0xFF, 0xFF, 0xFF, 0xFF, 0x44, 0x00, 0x33, 0xC6, 0xF2, 0xC0, 0x2E,
  0x00, 0x13, 0xEB, 0x92, 0x10, 0x95, 0xE7, 0x0F, 0x59, 0xFF, 0x11, 0x00, 0x12, 0xFF, 0x52, 0x59,
  0xFF, 0x0F, 0x00, 0x10, 0xFF, 0x53, 0x15, 0xED, 0x8E, 0x0F, 0x90, 0xE9, 0x11, 0x00, 0x36, 0xC9,
  0xF3, 0xC5, 0x31, 0x00, 0x00, 0x00, 0x00, 0x00, 0x00, 0x80, 0xFF, 0x98, 0x00, 0x00, 0x00, 0x00,
  0x00, 0x00, 0x00, 0x00, 0x00, 0x00, 0x80, 0xFF, 0x98, 0x00, 0x00, 0x00, 0x00, 0x00, 0x00, 0x00,
  0x00, 0x00, 0x00, 0x80, 0xFF, 0x98, 0x00, 0x00, 0x00, 0x00, 0x00, 0x18, 0xFF, 0xFF, 0xFF, 0xFF,
  0xFF, 0xFF, 0xFF, 0xFF, 0xFF, 0xFF, 0xFF, 0x2C, 0x18, 0xFF, 0xFF, 0xFF, 0xFF, 0xFF, 0xFF, 0xFF,
  0xFF, 0xFF, 0xFF, 0xFF, 0x2C, 0x00, 0x00, 0x00, 0x00, 0x00, 0x80, 0xFF, 0x98, 0x00, 0x00, 0x00,
  0x00, 0x00, 0x00, 0x00, 0x00, 0x00, 0x00, 0x80, 0xFF, 0x98, 0x00, 0x00, 0x00, 0x00, 0x00, 0x00,
  0x00, 0x00, 0x00, 0x00, 0x80, 0xFF, 0x98, 0x00, 0x00, 0x00, 0x00, 0x00, 0x00, 0x00, 0x00, 0x00,
  0x00, 0x00, 0x00, 0x00, 0x00, 0x00, 0x00, 0x00, 0x00, 0x18, 0xFF, 0xFF, 0xFF, 0xFF, 0xFF, 0xFF,
  0xFF, 0xFF, 0xFF, 0xFF, 0xFF, 0x2C, 0x18, 0xFF, 0xFF, 0xFF, 0xFF, 0xFF, 0xFF, 0xFF, 0xFF, 0xFF,
  0xFF, 0xFF, 0x2C, 0x00, 0xB7, 0xE4, 0xF8, 0xEA, 0xA3, 0x11, 0x00, 0xAF, 0x3D, 0x0D, 0x96, 0xFF,
  0x9E, 0x00, 0x00, 0x00, 0x00, 0x60, 0xFF, 0xCE, 0x00, 0x00, 0x00, 0x03, 0xC3, 0xFF, 0x95, 0x00,
  0x00, 0x06, 0xA5, 0xFF, 0xD8, 0x11, 0x00, 0x0E, 0xBD, 0xFF, 0xE2, 0x1D, 0x00, 0x04, 0xD1, 0xFF,
  0xEC, 0x28, 0x00, 0x00, 0x0C, 0xFF, 0xFF, 0xFF, 0xFF, 0xFF, 0xE0, 0x00, 0xCE, 0xF1, 0xFC, 0xEC,
  0xAE, 0x19, 0x00, 0x00, 0x00, 0x0A, 0xA2, 0xFF, 0x9F, 0x00, 0x00, 0x00, 0x10, 0xAA, 0xFF, 0x87,
  0x00, 0x00, 0xD0, 0xFF, 0xFF, 0xC4, 0x09, 0x00, 0x00, 0x00, 0x17, 0xA7, 0xFF, 0x9E, 0x00, 0x00,
  0x00, 0x00, 0x47, 0xFF, 0xDC, 0x30, 0x89, 0x1E, 0x13, 0xA7, 0xFF, 0xA7, 0x24, 0xD2, 0xF3, 0xFA,
  0xE3, 0x9B, 0x12, 0x00, 0x03, 0xB7, 0xFF, 0x9D, 0x03, 0x00, 0x8F, 0xFF, 0x8A, 0x00, 0x00, 0x62,
  0xFF, 0x78, 0x00, 0x00, 0x00, 0x78, 0xFF, 0xFF, 0xB4, 0x00, 0x00, 0x00, 0xBC, 0xFF, 0xFF, 0x6C,
  0x00, 0x78, 0xFF, 0xFF, 0xB4, 0x00, 0x00, 0x00, 0xBC, 0xFF, 0xFF, 0x6C, 0x00, 0x78, 0xFF, 0xFF,
  0xB4, 0x00, 0x00, 0x00, 0xBC, 0xFF, 0xFF, 0x6C, 0x00, 0x78, 0xFF, 0xFF, 0xB4, 0x00, 0x00, 0x00,
  0xBC, 0xFF, 0xFF, 0x6C, 0x00, 0x78, 0xFF, 0xFF, 0xB4, 0x00, 0x00, 0x00, 0xBC, 0xFF, 0xFF, 0x6C,
  0x00, 0x78, 0xFF, 0xFF, 0xB4, 0x00, 0x00, 0x00, 0xBC, 0xFF, 0xFF, 0x6C, 0x00, 0x78, 0xFF, 0xFF,
  0xC6, 0x00, 0x00, 0x00, 0xCF, 0xFF, 0xFF, 0x6C, 0x00, 0x78, 0xFF, 0xFF, 0xFD, 0x4D, 0x0A, 0x53,
  0xFE, 0xFF, 0xFF, 0x93, 0x11, 0x78, 0xFF, 0xFF, 0xFF, 0xFF, 0xFF, 0xFF, 0xFA, 0xFF, 0xFF, 0xFF,
  0xAC, 0x78, 0xFF, 0xFF, 0xD3, 0xC9, 0xF7, 0xD5, 0x45, 0x82, 0xF1, 0xF2, 0x84, 0x78, 0xFF, 0xFF,
  0xB4, 0x00, 0x00, 0x00, 0x00, 0x00, 0x00, 0x00, 0x00, 0x78, 0xFF, 0xFF, 0xB4, 0x00, 0x00, 0x00,
  0x00, 0x00, 0x00, 0x00, 0x00, 0x78, 0xFF, 0xFF, 0xB4, 0x00, 0x00, 0x00, 0x00, 0x00, 0x00, 0x00,
  0x00, 0x78, 0xFF, 0xFF, 0xB4, 0x00, 0x00, 0x00, 0x00, 0x00, 0x00, 0x00, 0x00, 0x00, 0x29, 0xAA,
  0xE2, 0xFE, 0xFF, 0xFF, 0xFF, 0xE0, 0x37, 0xF7, 0xFF, 0xFF, 0xFF, 0x8C, 0x00, 0xCC, 0xE0, 0xB3,
  0xFF, 0xFF, 0xFF, 0xFF, 0x8C, 0x00, 0xCC, 0xE0, 0xD3, 0xFF, 0xFF, 0xFF, 0xFF, 0x8C, 0x00, 0xCC,
  0xE0, 0xAB, 0xFF, 0xFF, 0xFF, 0xFF, 0x8C, 0x00, 0xCC, 0xE0, 0x2F, 0xF8, 0xFF, 0xFF, 0xFF, 0x8C,
  0x00, 0xCC, 0xE0, 0x00, 0x28, 0xA7, 0xE8, 0xFF, 0x8C, 0x00, 0xCC, 0xE0, 0x00, 0x00, 0x00, 0x20,
  0xFF, 0x8C, 0x00, 0xCC, 0xE0, 0x00, 0x00, 0x00, 0x20, 0xFF, 0x8C, 0x00, 0xCC, 0xE0, 0x00, 0x00,
  0x00, 0x20, 0xFF, 0x8C, 0x00, 0xCC, 0xE0, 0x00, 0x00, 0x00, 0x20, 0xFF, 0x8C, 0x00, 0xCC, 0xE0,
  0x00, 0x00, 0x00, 0x20, 0xFF, 0x8C, 0x00, 0xCC, 0xE0, 0x00, 0x00, 0x00, 0x20, 0xFF, 0x8C, 0x00,
  0xCC, 0xE0, 0x00, 0x00, 0x00, 0x20, 0xFF, 0x8C, 0x00, 0xCC, 0xE0, 0x00, 0x00, 0x00, 0x20, 0xFF,
  0x8C, 0x00, 0xCC, 0xE0, 0x28, 0xFF, 0xFF, 0xFF, 0x28, 0xFF, 0xFF, 0xFF, 0x28, 0xFF, 0xFF, 0xFF,
  0x00, 0x00, 0xB1, 0xA4, 0x00, 0x00, 0x00, 0x46, 0xFF, 0x1D, 0x00, 0x00, 0x60, 0xFF, 0x37, 0xB2,
  0xFF, 0xF3, 0xA1, 0x02, 0xDA, 0xC4, 0xFA, 0xFF, 0x14, 0x00, 0x00, 0x00, 0xF0, 0xFF, 0x14, 0x00,
  0x00, 0x00, 0xF0, 0xFF, 0x14, 0x00, 0x00, 0x00, 0xF0, 0xFF, 0x14, 0x00, 0x00, 0x00, 0xF0, 0xFF,
  0x14, 0x00, 0x00, 0x00, 0xF0, 0xFF, 0x14, 0x00, 0x00, 0x00, 0xF0, 0xFF, 0x14, 0x00, 0xC4, 0xFF,
  0xFF, 0xFF, 0xFF, 0xE0, 0x00, 0x43, 0xBD, 0xEA, 0xF0, 0xC8, 0x57, 0x00, 0x00, 0x58, 0xFF, 0xF4,
  0x37, 0x23, 0xE3, 0xFF, 0x7D, 0x00, 0xD2, 0xFF, 0xAA, 0x00, 0x00, 0x84, 0xFF, 0xF3, 0x05, 0xF2,
  0xFF, 0x91, 0x00, 0x00, 0x6A, 0xFF, 0xFF, 0x19, 0xD4, 0xFF, 0xA9, 0x00, 0x00, 0x83, 0xFF, 0xF5,
  0x06, 0x5B, 0xFF, 0xF3, 0x35, 0x22, 0xE1, 0xFF, 0x82, 0x00, 0x00, 0x46, 0xBF, 0xEC, 0xF1, 0xCA,
  0x5D, 0x01, 0x00, 0x00, 0x00, 0x00, 0x00, 0x00, 0x00, 0x00, 0x00, 0x00, 0x8C, 0xFF, 0xFF, 0xFF,
  0xFF, 0xFF, 0xFF, 0xB0, 0x00, 0x8C, 0xFF, 0xFF, 0xFF, 0xFF, 0xFF, 0xFF, 0xB0, 0x00, 0x43, 0x68,
  0x00, 0x00, 0x17, 0x8F, 0x06, 0x00, 0x00, 0x00, 0x4C, 0xFF, 0xA9, 0x0E, 0x18, 0xFF, 0xCB, 0x22,
  0x00, 0x00, 0x0F, 0xAF, 0xFF, 0xDD, 0x37, 0x89, 0xFE, 0xF1, 0x56, 0x00, 0x00, 0x00, 0x6E, 0xF9,
  0xF9, 0x03, 0x47, 0xE9, 0xFF, 0x34, 0x00, 0x00, 0x6D, 0xF9, 0xFA, 0x03, 0x47, 0xE9, 0xFF, 0x36,
  0x0F, 0xAF, 0xFF, 0xDF, 0x3A, 0x88, 0xFE, 0xF2, 0x5A, 0x00, 0x4C, 0xFF, 0xAB, 0x0F, 0x18, 0xFF,
  0xCD, 0x24, 0x00, 0x00, 0x43, 0x69, 0x00, 0x00, 0x17, 0x90, 0x06, 0x00, 0x00, 0x00, 0x1F, 0xE6,
  0xC7, 0xFF, 0xE0, 0x00, 0x00, 0x00, 0x00, 0x00, 0x00, 0x00, 0xA1, 0xFF, 0x56, 0x00, 0x00, 0x00,
  0x00, 0x00, 0x24, 0xFF, 0xE0, 0x00, 0x00, 0x00, 0x00, 0x00, 0x00, 0x43, 0xFF, 0xB5, 0x00, 0x00,
  0x00, 0x00, 0x00, 0x00, 0x24, 0xFF, 0xE0, 0x00, 0x00, 0x00, 0x00, 0x00, 0x08, 0xDB, 0xF4, 0x1F,
  0x00, 0x00, 0x00, 0x00, 0x00, 0x00, 0x24, 0xFF, 0xE0, 0x00, 0x00, 0x00, 0x00, 0x00, 0x87, 0xFF,
  0x71, 0x00, 0x00, 0x00, 0x00, 0x00, 0x00, 0x00, 0x24, 0xFF, 0xE0, 0x00, 0x00, 0x00, 0x00, 0x2D,
  0xFA, 0xCC, 0x03, 0x00, 0x00, 0x00, 0x00, 0x00, 0x00, 0x00, 0x24, 0xFF, 0xE0, 0x00, 0x00, 0x00,
  0x02, 0xC7, 0xFC, 0x31, 0x00, 0x0C, 0x34, 0x34, 0x01, 0x00, 0x00, 0x00, 0x24, 0xFF, 0xE0, 0x00,
  0x00, 0x00, 0x6C, 0xFF, 0x8B, 0x00, 0x00, 0xAC, 0xFF, 0xFF, 0x08, 0x00, 0x00, 0xF8, 0xFF, 0xFF,
  0xFF, 0xFF, 0xAC, 0x1B, 0xF1, 0xDF, 0x0A, 0x00, 0x69, 0xE8, 0xFF, 0xFF, 0x08, 0x00, 0x00, 0x00,
  0x00, 0x00, 0x00, 0x00, 0x00, 0xAF, 0xFF, 0x48, 0x00, 0x2D, 0xF5, 0x45, 0xFF, 0xFF, 0x08, 0x00,
  0x00, 0x00, 0x00, 0x00, 0x00, 0x00, 0x52, 0xFF, 0xA6, 0x00, 0x0A, 0xD6, 0x86, 0x00, 0xFF, 0xFF,
  0x08, 0x00, 0x00, 0x00, 0x00, 0x00, 0x00, 0x0E, 0xE5, 0xED, 0x16, 0x00, 0x66, 0xFE, 0xAC, 0xA8,
  0xFF, 0xFF, 0xAA, 0x27, 0x00, 0x00, 0x00, 0x00, 0x00, 0x96, 0xFF, 0x62, 0x00, 0x00, 0x4B, 0xB4,
  0xB4, 0xB4, 0xFF, 0xFF, 0xB6, 0x2A, 0x00, 0x00, 0x00, 0x00, 0x39, 0xFD, 0xC0, 0x00, 0x00, 0x00,
  0x00, 0x00, 0x00, 0x00, 0xFF, 0xFF, 0x08, 0x00, 0x00, 0x00, 0x00, 0x00, 0x00, 0x00, 0x00, 0x00,
  0x00, 0x00, 0x00, 0x00, 0x00, 0x00, 0x20, 0x20, 0x01, 0x00, 0x1F, 0xE6, 0xC7, 0xFF, 0xE0, 0x00,
  0x00, 0x00, 0x00, 0x00, 0x00, 0x00, 0xA1, 0xFF, 0x56, 0x00, 0x00, 0x00, 0x00, 0x00, 0x24, 0xFF,
  0xE0, 0x00, 0x00, 0x00, 0x00, 0x00, 0x00, 0x43, 0xFF, 0xB5, 0x00, 0x00, 0x00, 0x00, 0x00, 0x00,
  0x24, 0xFF, 0xE0, 0x00, 0x00, 0x00, 0x00, 0x00, 0x08, 0xDB, 0xF4, 0x1F, 0x00, 0x00, 0x00, 0x00,
  0x00, 0x00, 0x24, 0xFF, 0xE0, 0x00, 0x00, 0x00, 0x00, 0x00, 0x87, 0xFF, 0x71, 0x00, 0x00, 0x00,
  0x00, 0x00, 0x00, 0x00, 0x24, 0xFF, 0xE0, 0x00, 0x00, 0x00, 0x00, 0x2D, 0xFA, 0xCC, 0x03, 0x00,
  0x00, 0x00, 0x00, 0x00, 0x00, 0x00, 0x24, 0xFF, 0xE0, 0x00, 0x00, 0x00, 0x02, 0xC7, 0xFC, 0x31,
  0x00, 0x00, 0x00, 0x00, 0x00, 0x00, 0x00, 0x00, 0x24, 0xFF, 0xE0, 0x00, 0x00, 0x00, 0x6C, 0xFF,
  0x8B, 0x0F, 0xBF, 0xE7, 0xF9, 0xE7, 0x95, 0x07, 0x00, 0xF8, 0xFF, 0xFF, 0xFF, 0xFF, 0xAC, 0x1B,
  0xF1, 0xDF, 0x0A, 0x17, 0xA3, 0x35, 0x0D, 0xAE, 0xFF, 0x82, 0x00, 0x00, 0x00, 0x00, 0x00, 0x00,
  0x00, 0xAF, 0xFF, 0x48, 0x00, 0x00, 0x00, 0x00, 0x00, 0x7C, 0xFF, 0xB2, 0x00, 0x00, 0x00, 0x00,
  0x00, 0x00, 0x52, 0xFF, 0xA6, 0x00, 0x00, 0x00, 0x00, 0x00, 0x0A, 0xD8, 0xFF, 0x79, 0x00, 0x00,
  0x00, 0x00, 0x00, 0x0E, 0xE5, 0xED, 0x16, 0x00, 0x00, 0x00, 0x00, 0x0D, 0xBA, 0xFF, 0xC6, 0x07,
  0x00, 0x00, 0x00, 0x00, 0x00, 0x96, 0xFF, 0x62, 0x00, 0x00, 0x00, 0x00, 0x19, 0xCE, 0xFF, 0xD2,
  0x10, 0x00, 0x00, 0x00, 0x00, 0x00, 0x39, 0xFD, 0xC0, 0x00, 0x00, 0x00, 0x00, 0x12, 0xE0, 0xFF,
  0xDF, 0x19, 0x00, 0x00, 0x00, 0x00, 0x00, 0x00, 0x00, 0x00, 0x00, 0x00, 0x00, 0x00, 0x00, 0x28,
  0xFF, 0xFF, 0xFF, 0xFF, 0xFF, 0xC4, 0x00, 0xB2, 0xEF, 0xFB, 0xEF, 0xBA, 0x2A, 0x00, 0x00, 0x00,
  0x00, 0x00, 0xA1, 0xFF, 0x56, 0x00, 0x00, 0x00, 0x00, 0x00, 0x00, 0x06, 0x86, 0xFF, 0xBF, 0x00,
  0x00, 0x00, 0x00, 0x43, 0xFF, 0xB5, 0x00, 0x00, 0x00, 0x00, 0x00, 0x00, 0x00, 0x0B, 0x8F, 0xFF,
  0xA7, 0x00, 0x00, 0x00, 0x08, 0xDB, 0xF4, 0x1F, 0x00, 0x00, 0x00, 0x00, 0x00, 0x00, 0xB0, 0xFF,
  0xFF, 0xD6, 0x17, 0x00, 0x00, 0x00, 0x87, 0xFF, 0x71, 0x00, 0x00, 0x00, 0x00, 0x00, 0x00, 0x00,
  0x00, 0x10, 0x8E, 0xFF, 0xBE, 0x00, 0x00, 0x2D, 0xFA, 0xCC, 0x03, 0x00, 0x00, 0x00, 0x00, 0x00,
  0x00, 0x00, 0x00, 0x00, 0x27, 0xFF, 0xFB, 0x01, 0x02, 0xC7, 0xFC, 0x31, 0x00, 0x0C, 0x34, 0x34,
  0x01, 0x00, 0x13, 0x9E, 0x26, 0x0D, 0x8D, 0xFF, 0xC7, 0x00, 0x6C, 0xFF, 0x8B, 0x00, 0x00, 0xAC,
  0xFF, 0xFF, 0x08, 0x00, 0x0D, 0xCC, 0xF0, 0xFB, 0xE7, 0xA8, 0x1F, 0x1B, 0xF1, 0xDF, 0x0A, 0x00,
  0x69, 0xE8, 0xFF, 0xFF, 0x08, 0x00, 0x00, 0x00, 0x00, 0x00, 0x00, 0x00, 0x00, 0xAF, 0xFF, 0x48,
  0x00, 0x2D, 0xF5, 0x45, 0xFF, 0xFF, 0x08, 0x00, 0x00, 0x00, 0x00, 0x00, 0x00, 0x00, 0x52, 0xFF,
  0xA6, 0x00, 0x0A, 0xD6, 0x86, 0x00, 0xFF, 0xFF, 0x08, 0x00, 0x00, 0x00, 0x00, 0x00, 0x00, 0x0E,
  0xE5, 0xED, 0x16, 0x00, 0x66, 0xFE, 0xAC, 0xA8, 0xFF, 0xFF, 0xAA, 0x27, 0x00, 0x00, 0x00, 0x00,
  0x00, 0x96, 0xFF, 0x62, 0x00, 0x00, 0x4B, 0xB4, 0xB4, 0xB4, 0xFF, 0xFF, 0xB6, 0x2A, 0x00, 0x00,
  0x00, 0x00, 0x39, 0xFD, 0xC0, 0x00, 0x00, 0x00, 0x00, 0x00, 0x00, 0x00, 0xFF, 0xFF, 0x08, 0x00,
  0x00, 0x00, 0x00, 0x00, 0x00, 0x00, 0x00, 0x00, 0x00, 0x00, 0x00, 0x00, 0x00, 0x00, 0x20, 0x20,
  0x01, 0x00, 0x00, 0x00, 0x00, 0xB8, 0xFF, 0xFF, 0x74, 0x00, 0x00, 0x00, 0x00, 0x00, 0xB8, 0xFF,
  0xFF, 0x74, 0x00, 0x00, 0x00, 0x00, 0x00, 0xB8, 0xFF, 0xFF, 0x74, 0x00, 0x00, 0x00, 0x00, 0x00,
  0x00, 0x00, 0x00, 0x00, 0x00, 0x00, 0x00, 0x00, 0x00, 0xBE, 0xFF, 0xFF, 0x71, 0x00, 0x00, 0x00,
  0x00, 0x0B, 0xED, 0xFF, 0xFF, 0x56, 0x00, 0x00, 0x00, 0x00, 0xA4, 0xFF, 0xFF, 0xEC, 0x0E, 0x00,
  0x00, 0x00, 0x81, 0xFF, 0xFF, 0xFF, 0x52, 0x00, 0x00, 0x00, 0x42, 0xFF, 0xFF, 0xFF, 0x81, 0x00,
  0x00, 0x00, 0x00, 0xA5, 0xFF, 0xFF, 0xBB, 0x00, 0x00, 0x00, 0x00, 0x00, 0xBE, 0xFF, 0xFF, 0x75,
  0x00, 0x00, 0x00, 0x00, 0x00, 0x9B, 0xFF, 0xFF, 0xC3, 0x18, 0x14, 0x45, 0xAA, 0x40, 0x2D, 0xF5,
  0xFF, 0xFF, 0xFF, 0xFF, 0xFF, 0xFF, 0x44, 0x00, 0x2F, 0xAC, 0xE9, 0xFB, 0xE1, 0xB2, 0x56, 0x04,
  0x00, 0x00, 0x00, 0x03, 0x8C, 0xFF, 0xB7, 0x04, 0x00, 0x00, 0x00, 0x00, 0x00, 0x00, 0x00, 0x00,
  0x00, 0x00, 0x00, 0x58, 0xF5, 0x9A, 0x00, 0x00, 0x00, 0x00, 0x00, 0x00, 0x00, 0x00, 0x00, 0x00,
  0x00, 0x00, 0x00, 0x00, 0x00, 0x00, 0x00, 0x00, 0x00, 0x00, 0x00, 0x00, 0x00, 0x00, 0x3C, 0xFF,
  0xFF, 0xFF, 0xFF, 0x2B, 0x00, 0x00, 0x00, 0x00, 0x00, 0x00, 0x00, 0x00, 0x9C, 0xFF, 0xFF, 0xFF,
  0xFF, 0x8B, 0x00, 0x00, 0x00, 0x00, 0x00, 0x00, 0x00, 0x09, 0xF1, 0xFF, 0xFF, 0xFF, 0xFF, 0xE7,
  0x03, 0x00, 0x00, 0x00, 0x00, 0x00, 0x00, 0x5B, 0xFF, 0xFF, 0xC7, 0xD7, 0xFF, 0xFF, 0x4A, 0x00,
  0x00, 0x00, 0x00, 0x00, 0x00, 0xBB, 0xFF, 0xFF, 0x6B, 0x7C, 0xFF, 0xFF, 0xAA, 0x00, 0x00, 0x00,
  0x00, 0x00, 0x1D, 0xFD, 0xFF, 0xFB, 0x15, 0x21, 0xFF, 0xFF, 0xF8, 0x11, 0x00, 0x00, 0x00, 0x00,
  0x7A, 0xFF, 0xFF, 0xB4, 0x00, 0x00, 0xC5, 0xFF, 0xFF, 0x69, 0x00, 0x00, 0x00, 0x00, 0xD9, 0xFF,
  0xFF, 0x59, 0x00, 0x00, 0x6A, 0xFF, 0xFF, 0xC9, 0x00, 0x00, 0x00, 0x3A, 0xFF, 0xFF, 0xFF, 0xFF,
  0xFF, 0xFF, 0xFF, 0xFF, 0xFF, 0xFF, 0x29, 0x00, 0x00, 0x99, 0xFF, 0xFF, 0xFF, 0xFF, 0xFF, 0xFF,
  0xFF, 0xFF, 0xFF, 0xFF, 0x88, 0x00, 0x08, 0xF0, 0xFF, 0xFF, 0x2F, 0x00, 0x00, 0x00, 0x00, 0x41,
  0xFF, 0xFF, 0xE5, 0x03, 0x59, 0xFF, 0xFF, 0xE6, 0x00, 0x00, 0x00, 0x00, 0x00, 0x06, 0xF4, 0xFF,
  0xFF, 0x48, 0xB8, 0xFF, 0xFF, 0x9F, 0x00, 0x00, 0x00, 0x00, 0x00, 0x00, 0xB3, 0xFF, 0xFF, 0xA8,
  0x00, 0x00, 0x00, 0x00, 0x00, 0x00, 0x42, 0xFA, 0xDE, 0x2F, 0x00, 0x00, 0x00, 0x00, 0x00, 0x00,
  0x00, 0x00, 0x00, 0x2B, 0xF0, 0xBA, 0x12, 0x00, 0x00, 0x00, 0x00, 0x00, 0x00, 0x00, 0x00, 0x00,
  0x00, 0x00, 0x00, 0x00, 0x00, 0x00, 0x00, 0x00, 0x00, 0x00, 0x00, 0x00, 0x00, 0x00, 0x3C, 0xFF,
  0xFF, 0xFF, 0xFF, 0x2B, 0x00, 0x00, 0x00, 0x00, 0x00, 0x00, 0x00, 0x00, 0x9C, 0xFF, 0xFF, 0xFF,
  0xFF, 0x8B, 0x00, 0x00, 0x00, 0x00, 0x00, 0x00, 0x00, 0x09, 0xF1, 0xFF, 0xFF, 0xFF, 0xFF, 0xE7,
  0x03, 0x00, 0x00, 0x00, 0x00, 0x00, 0x00, 0x5B, 0xFF, 0xFF, 0xC7, 0xD7, 0xFF, 0xFF, 0x4A, 0x00,
  0x00, 0x00, 0x00, 0x00, 0x00, 0xBB, 0xFF, 0xFF, 0x6B, 0x7C, 0xFF, 0xFF, 0xAA, 0x00, 0x00, 0x00,
  0x00, 0x00, 0x1D, 0xFD, 0xFF, 0xFB, 0x15, 0x21, 0xFF, 0xFF, 0xF8, 0x11, 0x00, 0x00, 0x00, 0x00,
  0x7A, 0xFF, 0xFF, 0xB4, 0x00, 0x00, 0xC5, 0xFF, 0xFF, 0x69, 0x00, 0x00, 0x00, 0x00, 0xD9, 0xFF,
  0xFF, 0x59, 0x00, 0x00, 0x6A, 0xFF, 0xFF, 0xC9, 0x00, 0x00, 0x00, 0x3A, 0xFF, 0xFF, 0xFF, 0xFF,
  0xFF, 0xFF, 0xFF, 0xFF, 0xFF, 0xFF, 0x29, 0x00, 0x00, 0x99, 0xFF, 0xFF, 0xFF, 0xFF, 0xFF, 0xFF,
  0xFF, 0xFF, 0xFF, 0xFF, 0x88, 0x00, 0x08, 0xF0, 0xFF, 0xFF, 0x2F, 0x00, 0x00, 0x00, 0x00, 0x41,
  0xFF, 0xFF, 0xE5, 0x03, 0x59, 0xFF, 0xFF, 0xE6, 0x00, 0x00, 0x00, 0x00, 0x00, 0x06, 0xF4, 0xFF,
  0xFF, 0x48, 0xB8, 0xFF, 0xFF, 0x9F, 0x00, 0x00, 0x00, 0x00, 0x00, 0x00, 0xB3, 0xFF, 0xFF, 0xA8,
  0x00, 0x00, 0x00, 0x00, 0x11, 0xCF, 0xF5, 0xF8, 0xC4, 0x0B, 0x00, 0x00, 0x00, 0x00, 0x00, 0x00,
  0x00, 0x0F, 0xCB, 0xC9, 0x26, 0x2E, 0xD2, 0xC0, 0x0A, 0x00, 0x00, 0x00, 0x00, 0x00, 0x00, 0x00,
  0x00, 0x00, 0x00, 0x00, 0x00, 0x00, 0x00, 0x00, 0x00, 0x00, 0x00, 0x00, 0x00, 0x00, 0x3C, 0xFF,
  0xFF, 0xFF, 0xFF, 0x2B, 0x00, 0x00, 0x00, 0x00, 0x00, 0x00, 0x00, 0x00, 0x9C, 0xFF, 0xFF, 0xFF,
  0xFF, 0x8B, 0x00, 0x00, 0x00, 0x00, 0x00, 0x00, 0x00, 0x09, 0xF1, 0xFF, 0xFF, 0xFF, 0xFF, 0xE7,
  0x03, 0x00, 0x00, 0x00, 0x00, 0x00, 0x00, 0x5B, 0xFF, 0xFF, 0xC7, 0xD7, 0xFF, 0xFF, 0x4A, 0x00,
  0x00, 0x00, 0x00, 0x00, 0x00, 0xBB, 0xFF, 0xFF, 0x6B, 0x7C, 0xFF, 0xFF, 0xAA, 0x00, 0x00, 0x00,
  0x00, 0x00, 0x1D, 0xFD, 0xFF, 0xFB, 0x15, 0x21, 0xFF, 0xFF, 0xF8, 0x11, 0x00, 0x00, 0x00, 0x00,
  0x7A, 0xFF, 0xFF, 0xB4, 0x00, 0x00, 0xC5, 0xFF, 0xFF, 0x69, 0x00, 0x00, 0x00, 0x00, 0xD9, 0xFF,
  0xFF, 0x59, 0x00, 0x00, 0x6A, 0xFF, 0xFF, 0xC9, 0x00, 0x00, 0x00, 0x3A, 0xFF, 0xFF, 0xFF, 0xFF,
  0xFF, 0xFF, 0xFF, 0xFF, 0xFF, 0xFF, 0x29, 0x00, 0x00, 0x99, 0xFF, 0xFF, 0xFF, 0xFF, 0xFF, 0xFF,
  0xFF, 0xFF, 0xFF, 0xFF, 0x88, 0x00, 0x08, 0xF0, 0xFF, 0xFF, 0x2F, 0x00, 0x00, 0x00, 0x00, 0x41,
  0xFF, 0xFF, 0xE5, 0x03, 0x59, 0xFF, 0xFF, 0xE6, 0x00, 0x00, 0x00, 0x00, 0x00, 0x06, 0xF4, 0xFF,
  0xFF, 0x48, 0xB8, 0xFF, 0xFF, 0x9F, 0x00, 0x00, 0x00, 0x00, 0x00, 0x00, 0xB3, 0xFF, 0xFF, 0xA8,
  0x00, 0x00, 0x00, 0x00, 0x5D, 0xEF, 0xC6, 0x40, 0x5C, 0xFC, 0x01, 0x00, 0x00, 0x00, 0x00, 0x00,
  0x00, 0x00, 0xE6, 0xFF, 0xFF, 0xFF, 0xFF, 0xD6, 0x00, 0x00, 0x00, 0x00, 0x00, 0x00, 0x00, 0x0F,
  0xFF, 0x48, 0x4E, 0xCF, 0xEE, 0x51, 0x00, 0x00, 0x00, 0x00, 0x00, 0x00, 0x00, 0x00, 0x00, 0x00,
  0x00, 0x00, 0x00, 0x00, 0x00, 0x00, 0x00, 0x00, 0x00, 0x00, 0x00, 0x00, 0x3C, 0xFF, 0xFF, 0xFF,
  0xFF, 0x2B, 0x00, 0x00, 0x00, 0x00, 0x00, 0x00, 0x00, 0x00, 0x9C, 0xFF, 0xFF, 0xFF, 0xFF, 0x8B,
  0x00, 0x00, 0x00, 0x00, 0x00, 0x00, 0x00, 0x09, 0xF1, 0xFF, 0xFF, 0xFF, 0xFF, 0xE7, 0x03, 0x00,
  0x00, 0x00, 0x00, 0x00, 0x00, 0x5B, 0xFF, 0xFF, 0xC7, 0xD7, 0xFF, 0xFF, 0x4A, 0x00, 0x00, 0x00,
  0x00, 0x00, 0x00, 0xBB, 0xFF, 0xFF, 0x6B, 0x7C, 0xFF, 0xFF, 0xAA, 0x00, 0x00, 0x00, 0x00, 0x00,
  0x1D, 0xFD, 0xFF, 0xFB, 0x15, 0x21, 0xFF, 0xFF, 0xF8, 0x11, 0x00, 0x00, 0x00, 0x00, 0x7A, 0xFF,
  0xFF, 0xB4, 0x00, 0x00, 0xC5, 0xFF, 0xFF, 0x69, 0x00, 0x00, 0x00, 0x00, 0xD9, 0xFF, 0xFF, 0x59,
  0x00, 0x00, 0x6A, 0xFF, 0xFF, 0xC9, 0x00, 0x00, 0x00, 0x3A, 0xFF, 0xFF, 0xFF, 0xFF, 0xFF, 0xFF,
  0xFF, 0xFF, 0xFF, 0xFF, 0x29, 0x00, 0x00, 0x99, 0xFF, 0xFF, 0xFF, 0xFF, 0xFF, 0xFF, 0xFF, 0xFF,
  0xFF, 0xFF, 0x88, 0x00, 0x08, 0xF0, 0xFF, 0xFF, 0x2F, 0x00, 0x00, 0x00, 0x00, 0x41, 0xFF, 0xFF,
  0xE5, 0x03, 0x59, 0xFF, 0xFF, 0xE6, 0x00, 0x00, 0x00, 0x00, 0x00, 0x06, 0xF4, 0xFF, 0xFF, 0x48,
  0xB8, 0xFF, 0xFF, 0x9F, 0x00, 0x00, 0x00, 0x00, 0x00, 0x00, 0xB3, 0xFF, 0xFF, 0xA8, 0x00, 0x00,
  0x00, 0x00, 0xDC, 0xFF, 0x34, 0x64, 0xFF, 0xAC, 0x00, 0x00, 0x00, 0x00, 0x00, 0x00, 0x00, 0x00,
  0xDC, 0xFF, 0x34, 0x64, 0xFF, 0xAC, 0x00, 0x00, 0x00, 0x00, 0x00, 0x00, 0x00, 0x00, 0x00, 0x00,
  0x00, 0x00, 0x00, 0x00, 0x00, 0x00, 0x00, 0x00, 0x00, 0x00, 0x00, 0x00, 0x3C, 0xFF, 0xFF, 0xFF,
  0xFF, 0x2B, 0x00, 0x00, 0x00, 0x00, 0x00, 0x00, 0x00, 0x00, 0x9C, 0xFF, 0xFF, 0xFF, 0xFF, 0x8B,
  0x00, 0x00, 0x00, 0x00, 0x00, 0x00, 0x00, 0x09, 0xF1, 0xFF, 0xFF, 0xFF, 0xFF, 0xE7, 0x03, 0x00,
  0x00, 0x00, 0x00, 0x00, 0x00, 0x5B, 0xFF, 0xFF, 0xC7, 0xD7, 0xFF, 0xFF, 0x4A, 0x00, 0x00, 0x00,
  0x00, 0x00, 0x00, 0xBB, 0xFF, 0xFF, 0x6B, 0x7C, 0xFF, 0xFF, 0xAA, 0x00, 0x00, 0x00, 0x00, 0x00,
  0x1D, 0xFD, 0xFF, 0xFB, 0x15, 0x21, 0xFF, 0xFF, 0xF8, 0x11, 0x00, 0x00, 0x00, 0x00, 0x7A, 0xFF,
  0xFF, 0xB4, 0x00, 0x00, 0xC5, 0xFF, 0xFF, 0x69, 0x00, 0x00, 0x00, 0x00, 0xD9, 0xFF, 0xFF, 0x59,
  0x00, 0x00, 0x6A, 0xFF, 0xFF, 0xC9, 0x00, 0x00, 0x00, 0x3A, 0xFF, 0xFF, 0xFF, 0xFF, 0xFF, 0xFF,
  0xFF, 0xFF, 0xFF, 0xFF, 0x29, 0x00, 0x00, 0x99, 0xFF, 0xFF, 0xFF, 0xFF, 0xFF, 0xFF, 0xFF, 0xFF,
  0xFF, 0xFF, 0x88, 0x00, 0x08, 0xF0, 0xFF, 0xFF, 0x2F, 0x00, 0x00, 0x00, 0x00, 0x41, 0xFF, 0xFF,
  0xE5, 0x03, 0x59, 0xFF, 0xFF, 0xE6, 0x00, 0x00, 0x00, 0x00, 0x00, 0x06, 0xF4, 0xFF, 0xFF, 0x48,
  0xB8, 0xFF, 0xFF, 0x9F, 0x00, 0x00, 0x00, 0x00, 0x00, 0x00, 0xB3, 0xFF, 0xFF, 0xA8, 0x00, 0x00,
  0x00, 0x00, 0x00, 0x66, 0xE6, 0xE2, 0x59, 0x00, 0x00, 0x00, 0x00, 0x00, 0x00, 0x00, 0x00, 0x00,
  0x36, 0xF9, 0x35, 0x44, 0xFA, 0x29, 0x00, 0x00, 0x00, 0x00, 0x00, 0x00, 0x00, 0x00, 0x7B, 0xD9,
  0x00, 0x00, 0xEA, 0x6A, 0x00, 0x00, 0x00, 0x00, 0x00, 0x00, 0x00, 0x00, 0x65, 0xFA, 0x35, 0x43,
  0xFE, 0x56, 0x00, 0x00, 0x00, 0x00, 0x00, 0x00, 0x00, 0x00, 0x46, 0xFF, 0xFF, 0xFF, 0xFF, 0x36,
  0x00, 0x00, 0x00, 0x00, 0x00, 0x00, 0x00, 0x00, 0xA2, 0xFF, 0xFF, 0xFF, 0xFF, 0x91, 0x00, 0x00,
  0x00, 0x00, 0x00, 0x00, 0x00, 0x0C, 0xF4, 0xFF, 0xFF, 0xFF, 0xFF, 0xEB, 0x05, 0x00, 0x00, 0x00,
  0x00, 0x00, 0x00, 0x61, 0xFF, 0xFF, 0xC3, 0xD4, 0xFF, 0xFF, 0x50, 0x00, 0x00, 0x00, 0x00, 0x00,
  0x00, 0xC0, 0xFF, 0xFF, 0x68, 0x79, 0xFF, 0xFF, 0xAF, 0x00, 0x00, 0x00, 0x00, 0x00, 0x20, 0xFE,
  0xFF, 0xFA, 0x13, 0x1F, 0xFE, 0xFF, 0xFA, 0x14, 0x00, 0x00, 0x00, 0x00, 0x7E, 0xFF, 0xFF, 0xB3,
  0x00, 0x00, 0xC4, 0xFF, 0xFF, 0x6D, 0x00, 0x00, 0x00, 0x00, 0xDC, 0xFF, 0xFF, 0x59, 0x00, 0x00,
  0x69, 0xFF, 0xFF, 0xCC, 0x00, 0x00, 0x00, 0x3C, 0xFF, 0xFF, 0xFF, 0xFF, 0xFF, 0xFF, 0xFF, 0xFF,
  0xFF, 0xFF, 0x2B, 0x00, 0x00, 0x9B, 0xFF, 0xFF, 0xFF, 0xFF, 0xFF, 0xFF, 0xFF, 0xFF, 0xFF, 0xFF,
  0x8A, 0x00, 0x09, 0xF1, 0xFF, 0xFF, 0x2F, 0x00, 0x00, 0x00, 0x00, 0x41, 0xFF, 0xFF, 0xE6, 0x03,
  0x59, 0xFF, 0xFF, 0xE6, 0x00, 0x00, 0x00, 0x00, 0x00, 0x06, 0xF4, 0xFF, 0xFF, 0x48, 0xB8, 0xFF,
  0xFF, 0x9F, 0x00, 0x00, 0x00, 0x00, 0x00, 0x00, 0xB3, 0xFF, 0xFF, 0xA8, 0x00, 0x00, 0x00, 0x00,
  0x00, 0xB7, 0xFF, 0xFF, 0xFF, 0xFF, 0xFF, 0xFF, 0xFF, 0xFF, 0xFF, 0xFF, 0xFF, 0xFF, 0x04, 0x00,
  0x00, 0x00, 0x00, 0x24, 0xFE, 0xFF, 0xF2, 0xCA, 0xFF, 0xFF, 0xFF, 0xFF, 0xFF, 0xFF, 0xFF, 0xFF,
  0xFF, 0x04, 0x00, 0x00, 0x00, 0x00, 0x8F, 0xFF, 0xFF, 0x83, 0x1C, 0xFF, 0xFF, 0xFF, 0x48, 0x00,
  0x00, 0x00, 0x00, 0x00, 0x00, 0x00, 0x00, 0x00, 0x0B, 0xEF, 0xFF, 0xFA, 0x1A, 0x1C, 0xFF, 0xFF,
  0xFF, 0x48, 0x00, 0x00, 0x00, 0x00, 0x00, 0x00, 0x00, 0x00, 0x00, 0x68, 0xFF, 0xFF, 0xA7, 0x00,
  0x1C, 0xFF, 0xFF, 0xFF, 0x48, 0x00, 0x00, 0x00, 0x00, 0x00, 0x00, 0x00, 0x00, 0x00, 0xD3, 0xFF,
  0xFF, 0x39, 0x00, 0x1C, 0xFF, 0xFF, 0xFF, 0xFF, 0xFF, 0xFF, 0xFF, 0xFF, 0xAC, 0x00, 0x00, 0x00,
  0x40, 0xFF, 0xFF, 0xCB, 0x00, 0x00, 0x1C, 0xFF, 0xFF, 0xFF, 0xFF, 0xFF, 0xFF, 0xFF, 0xFF, 0xAC,
  0x00, 0x00, 0x00, 0xAD, 0xFF, 0xFF, 0xFF, 0xFF, 0xFF, 0xFF, 0xFF, 0xFF, 0xFF, 0x48, 0x00, 0x00,
  0x00, 0x00, 0x00, 0x00, 0x00, 0x1C, 0xFC, 0xFF, 0xFF, 0xFF, 0xFF, 0xFF, 0xFF, 0xFF, 0xFF, 0xFF,
  0x48, 0x00, 0x00, 0x00, 0x00, 0x00, 0x00, 0x00, 0x85, 0xFF, 0xFF, 0x62, 0x00, 0x00, 0x00, 0x1C,
  0xFF, 0xFF, 0xFF, 0x48, 0x00, 0x00, 0x00, 0x00, 0x00, 0x00, 0x07, 0xEA, 0xFF, 0xFC, 0x14, 0x00,
  0x00, 0x00, 0x1C, 0xFF, 0xFF, 0xFF, 0x48, 0x00, 0x00, 0x00, 0x00, 0x00, 0x00, 0x5E, 0xFF, 0xFF,
  0xBE, 0x00, 0x00, 0x00, 0x00, 0x1C, 0xFF, 0xFF, 0xFF, 0xFF, 0xFF, 0xFF, 0xFF, 0xFF, 0xFF, 0x38,
  0xCA, 0xFF, 0xFF, 0x6C, 0x00, 0x00, 0x00, 0x00, 0x1C, 0xFF, 0xFF, 0xFF, 0xFF, 0xFF, 0xFF, 0xFF,
  0xFF, 0xFF, 0x38, 0x00, 0x00, 0x00, 0x02, 0x4F, 0xAA, 0xE0, 0xF6, 0xF3, 0xDA, 0xAC, 0x5F, 0x03,
  0x00, 0x00, 0x17, 0xC1, 0xFF, 0xFF, 0xFF, 0xFF, 0xFF, 0xFF, 0xFF, 0xFF, 0x10, 0x00, 0x09, 0xCF,
  0xFF, 0xFF, 0xF0, 0x68, 0x16, 0x09, 0x29, 0x5A, 0xBB, 0x0F, 0x00, 0x76, 0xFF, 0xFF, 0xFD, 0x3C,
  0x00, 0x00, 0x00, 0x00, 0x00, 0x00, 0x00, 0x00, 0xD4, 0xFF, 0xFF, 0xB6, 0x00, 0x00, 0x00, 0x00,
  0x00, 0x00, 0x00, 0x00, 0x07, 0xFF, 0xFF, 0xFF, 0x79, 0x00, 0x00, 0x00, 0x00, 0x00, 0x00, 0x00,
  0x00, 0x17, 0xFF, 0xFF, 0xFF, 0x67, 0x00, 0x00, 0x00, 0x00, 0x00, 0x00, 0x00, 0x00, 0x07, 0xFF,
  0xFF, 0xFF, 0x78, 0x00, 0x00, 0x00, 0x00, 0x00, 0x00, 0x00, 0x00, 0x00, 0xD4, 0xFF, 0xFF, 0xB5,
  0x00, 0x00, 0x00, 0x00, 0x00, 0x00, 0x00, 0x00, 0x00, 0x76, 0xFF, 0xFF, 0xFD, 0x3A, 0x00, 0x00,
  0x00, 0x00, 0x00, 0x00, 0x00, 0x00, 0x09, 0xCF, 0xFF, 0xFF, 0xEF, 0x66, 0x15, 0x08, 0x25, 0x56,
  0xBA, 0x0F, 0x00, 0x00, 0x18, 0xC1, 0xFF, 0xFF, 0xFF, 0xFF, 0xFF, 0xFF, 0xFF, 0xFF, 0x10, 0x00,
  0x00, 0x00, 0x02, 0x50, 0xAB, 0xE1, 0xF7, 0xF4, 0xDB, 0xAD, 0x60, 0x03, 0x00, 0x00, 0x00, 0x00,
  0x00, 0x00, 0x00, 0x6D, 0xDD, 0x0A, 0x00, 0x00, 0x00, 0x00, 0x00, 0x00, 0x00, 0x00, 0x00, 0x00,
  0x09, 0xF9, 0x61, 0x00, 0x00, 0x00, 0x00, 0x00, 0x00, 0x00, 0x00, 0x00, 0x00, 0x25, 0xF8, 0x7B,
  0x00, 0x00, 0x00, 0x00, 0x00, 0x00, 0x00, 0x00, 0x6E, 0xFF, 0xF9, 0xC7, 0x1B, 0x00, 0x00, 0x00,
  0x00, 0x00, 0x4B, 0xF0, 0xEB, 0x24, 0x00, 0x00, 0x00, 0x00, 0x00, 0x00, 0x00, 0x25, 0xD4, 0xDA,
  0x14, 0x00, 0x00, 0x00, 0x00, 0x00, 0x00, 0x00, 0x00, 0x00, 0x00, 0x00, 0x00, 0x00, 0x58, 0xFF,
  0xFF, 0xFF, 0xFF, 0xFF, 0xFF, 0xFF, 0xFF, 0xC8, 0x58, 0xFF, 0xFF, 0xFF, 0xFF, 0xFF, 0xFF, 0xFF,
  0xFF, 0xC8, 0x58, 0xFF, 0xFF, 0xFF, 0x08, 0x00, 0x00, 0x00, 0x00, 0x00, 0x58, 0xFF, 0xFF, 0xFF,
  0x08, 0x00, 0x00, 0x00, 0x00, 0x00, 0x58, 0xFF, 0xFF, 0xFF, 0x08, 0x00, 0x00, 0x00, 0x00, 0x00,
  0x58, 0xFF, 0xFF, 0xFF, 0xFF, 0xFF, 0xFF, 0xFF, 0xFF, 0x70, 0x58, 0xFF, 0xFF, 0xFF, 0xFF, 0xFF,
  0xFF, 0xFF, 0xFF, 0x70, 0x58, 0xFF, 0xFF, 0xFF, 0x08, 0x00, 0x00, 0x00, 0x00, 0x00, 0x58, 0xFF,
  0xFF, 0xFF, 0x08, 0x00, 0x00, 0x00, 0x00, 0x00, 0x58, 0xFF, 0xFF, 0xFF, 0x08, 0x00, 0x00, 0x00,
  0x00, 0x00, 0x58, 0xFF, 0xFF, 0xFF, 0x08, 0x00, 0x00, 0x00, 0x00, 0x00, 0x58, 0xFF, 0xFF, 0xFF,
  0xFF, 0xFF, 0xFF, 0xFF, 0xFF, 0xFC, 0x58, 0xFF, 0xFF, 0xFF, 0xFF, 0xFF, 0xFF, 0xFF, 0xFF, 0xFC,
  0x00, 0x00, 0x00, 0x00, 0x11, 0xD6, 0xF9, 0x69, 0x00, 0x00, 0x00, 0x00, 0x00, 0x06, 0xC1, 0xE6,
  0x3A, 0x00, 0x00, 0x00, 0x00, 0x00, 0x00, 0x00, 0x00, 0x00, 0x00, 0x00, 0x00, 0x00, 0x58, 0xFF,
  0xFF, 0xFF, 0xFF, 0xFF, 0xFF, 0xFF, 0xFF, 0xC8, 0x58, 0xFF, 0xFF, 0xFF, 0xFF, 0xFF, 0xFF, 0xFF,
  0xFF, 0xC8, 0x58, 0xFF, 0xFF, 0xFF, 0x08, 0x00, 0x00, 0x00, 0x00, 0x00, 0x58, 0xFF, 0xFF, 0xFF,
  0x08, 0x00, 0x00, 0x00, 0x00, 0x00, 0x58, 0xFF, 0xFF, 0xFF, 0x08, 0x00, 0x00, 0x00, 0x00, 0x00,
  0x58, 0xFF, 0xFF, 0xFF, 0xFF, 0xFF, 0xFF, 0xFF, 0xFF, 0x70, 0x58, 0xFF, 0xFF, 0xFF, 0xFF, 0xFF,
  0xFF, 0xFF, 0xFF, 0x70, 0x58, 0xFF, 0xFF, 0xFF, 0x08, 0x00, 0x00, 0x00, 0x00, 0x00, 0x58, 0xFF,
  0xFF, 0xFF, 0x08, 0x00, 0x00, 0x00, 0x00, 0x00, 0x58, 0xFF, 0xFF, 0xFF, 0x08, 0x00, 0x00, 0x00,
  0x00, 0x00, 0x58, 0xFF, 0xFF, 0xFF, 0x08, 0x00, 0x00, 0x00, 0x00, 0x00, 0x58, 0xFF, 0xFF, 0xFF,
  0xFF, 0xFF, 0xFF, 0xFF, 0xFF, 0xFC, 0x58, 0xFF, 0xFF, 0xFF, 0xFF, 0xFF, 0xFF, 0xFF, 0xFF, 0xFC,
  0x00, 0x00, 0x08, 0xBC, 0xFA, 0xF3, 0xD6, 0x16, 0x00, 0x00, 0x00, 0x07, 0xB8, 0xD8, 0x34, 0x21,
  0xC3, 0xD2, 0x13, 0x00, 0x00, 0x00, 0x00, 0x00, 0x00, 0x00, 0x00, 0x00, 0x00, 0x00, 0x58, 0xFF,
  0xFF, 0xFF, 0xFF, 0xFF, 0xFF, 0xFF, 0xFF, 0xC8, 0x58, 0xFF, 0xFF, 0xFF, 0xFF, 0xFF, 0xFF, 0xFF,
  0xFF, 0xC8, 0x58, 0xFF, 0xFF, 0xFF, 0x08, 0x00, 0x00, 0x00, 0x00, 0x00, 0x58, 0xFF, 0xFF, 0xFF,
  0x08, 0x00, 0x00, 0x00, 0x00, 0x00, 0x58, 0xFF, 0xFF, 0xFF, 0x08, 0x00, 0x00, 0x00, 0x00, 0x00,
  0x58, 0xFF, 0xFF, 0xFF, 0xFF, 0xFF, 0xFF, 0xFF, 0xFF, 0x70, 0x58, 0xFF, 0xFF, 0xFF, 0xFF, 0xFF,
  0xFF, 0xFF, 0xFF, 0x70, 0x58, 0xFF, 0xFF, 0xFF, 0x08, 0x00, 0x00, 0x00, 0x00, 0x00, 0x58, 0xFF,
  0xFF, 0xFF, 0x08, 0x00, 0x00, 0x00, 0x00, 0x00, 0x58, 0xFF, 0xFF, 0xFF, 0x08, 0x00, 0x00, 0x00,
  0x00, 0x00, 0x58, 0xFF, 0xFF, 0xFF, 0x08, 0x00, 0x00, 0x00, 0x00, 0x00, 0x58, 0xFF, 0xFF, 0xFF,
  0xFF, 0xFF, 0xFF, 0xFF, 0xFF, 0xFC, 0x58, 0xFF, 0xFF, 0xFF, 0xFF, 0xFF, 0xFF, 0xFF, 0xFF, 0xFC,
  0x00, 0x00, 0xB0, 0xFF, 0x60, 0x38, 0xFF, 0xD8, 0x00, 0x00, 0x00, 0x00, 0xB0, 0xFF, 0x60, 0x38,
  0xFF, 0xD8, 0x00, 0x00, 0x00, 0x00, 0x00, 0x00, 0x00, 0x00, 0x00, 0x00, 0x00, 0x00, 0x58, 0xFF,
  0xFF, 0xFF, 0xFF, 0xFF, 0xFF, 0xFF, 0xFF, 0xC8, 0x58, 0xFF, 0xFF, 0xFF, 0xFF, 0xFF, 0xFF, 0xFF,
  0xFF, 0xC8, 0x58, 0xFF, 0xFF, 0xFF, 0x08, 0x00, 0x00, 0x00, 0x00, 0x00, 0x58, 0xFF, 0xFF, 0xFF,
  0x08, 0x00, 0x00, 0x00, 0x00, 0x00, 0x58, 0xFF, 0xFF, 0xFF, 0x08, 0x00, 0x00, 0x00, 0x00, 0x00,
  0x58, 0xFF, 0xFF, 0xFF, 0xFF, 0xFF, 0xFF, 0xFF, 0xFF, 0x70, 0x58, 0xFF, 0xFF, 0xFF, 0xFF, 0xFF,
  0xFF, 0xFF, 0xFF, 0x70, 0x58, 0xFF, 0xFF, 0xFF, 0x08, 0x00, 0x00, 0x00, 0x00, 0x00, 0x58, 0xFF,
  0xFF, 0xFF, 0x08, 0x00, 0x00, 0x00, 0x00, 0x00, 0x58, 0xFF, 0xFF, 0xFF, 0x08, 0x00, 0x00, 0x00,
  0x00, 0x00, 0x58, 0xFF, 0xFF, 0xFF, 0x08, 0x00, 0x00, 0x00, 0x00, 0x00, 0x58, 0xFF, 0xFF, 0xFF,
  0xFF, 0xFF, 0xFF, 0xFF, 0xFF, 0xFC, 0x58, 0xFF, 0xFF, 0xFF, 0xFF, 0xFF, 0xFF, 0xFF, 0xFF, 0xFC,
  0x43, 0xEC, 0xEF, 0x2B, 0x00, 0x00, 0x00, 0x1F, 0xCD, 0xE1, 0x19, 0x00, 0x00, 0x00, 0x00, 0x00,
  0x00, 0x00, 0x00, 0x58, 0xFF, 0xFF, 0xFF, 0x08, 0x00, 0x58, 0xFF, 0xFF, 0xFF, 0x08, 0x00, 0x58,
  0xFF, 0xFF, 0xFF, 0x08, 0x00, 0x58, 0xFF, 0xFF, 0xFF, 0x08, 0x00, 0x58, 0xFF, 0xFF, 0xFF, 0x08,
  0x00, 0x58, 0xFF, 0xFF, 0xFF, 0x08, 0x00, 0x58, 0xFF, 0xFF, 0xFF, 0x08, 0x00, 0x58, 0xFF, 0xFF,
  0xFF, 0x08, 0x00, 0x58, 0xFF, 0xFF, 0xFF, 0x08, 0x00, 0x58, 0xFF, 0xFF, 0xFF, 0x08, 0x00, 0x58,
  0xFF, 0xFF, 0xFF, 0x08, 0x00, 0x58, 0xFF, 0xFF, 0xFF, 0x08, 0x00, 0x58, 0xFF, 0xFF, 0xFF, 0x08,
  0x00, 0x0C, 0xCF, 0xFC, 0x73, 0x04, 0xB7, 0xEB, 0x41, 0x00, 0x00, 0x00, 0x00, 0x00, 0x00, 0x58,
  0xFF, 0xFF, 0xFF, 0x08, 0x58, 0xFF, 0xFF, 0xFF, 0x08, 0x58, 0xFF, 0xFF, 0xFF, 0x08, 0x58, 0xFF,
  0xFF, 0xFF, 0x08, 0x58, 0xFF, 0xFF, 0xFF, 0x08, 0x58, 0xFF, 0xFF, 0xFF, 0x08, 0x58, 0xFF, 0xFF,
  0xFF, 0x08, 0x58, 0xFF, 0xFF, 0xFF, 0x08, 0x58, 0xFF, 0xFF, 0xFF, 0x08, 0x58, 0xFF, 0xFF, 0xFF,
  0x08, 0x58, 0xFF, 0xFF, 0xFF, 0x08, 0x58, 0xFF, 0xFF, 0xFF, 0x08, 0x58, 0xFF, 0xFF, 0xFF, 0x08,
  0x00, 0x82, 0xFF, 0xEE, 0xF4, 0x3C, 0x00, 0x7A, 0xF1, 0x5F, 0x0A, 0x97, 0xF1, 0x38, 0x00, 0x00,
  0x00, 0x00, 0x00, 0x00, 0x00, 0x00, 0x58, 0xFF, 0xFF, 0xFF, 0x08, 0x00, 0x00, 0x58, 0xFF, 0xFF,
  0xFF, 0x08, 0x00, 0x00, 0x58, 0xFF, 0xFF, 0xFF, 0x08, 0x00, 0x00, 0x58, 0xFF, 0xFF, 0xFF, 0x08,
  0x00, 0x00, 0x58, 0xFF, 0xFF, 0xFF, 0x08, 0x00, 0x00, 0x58, 0xFF, 0xFF, 0xFF, 0x08, 0x00, 0x00,
  0x58, 0xFF, 0xFF, 0xFF, 0x08, 0x00, 0x00, 0x58, 0xFF, 0xFF, 0xFF, 0x08, 0x00, 0x00, 0x58, 0xFF,
  0xFF, 0xFF, 0x08, 0x00, 0x00, 0x58, 0xFF, 0xFF, 0xFF, 0x08, 0x00, 0x00, 0x58, 0xFF, 0xFF, 0xFF,
  0x08, 0x00, 0x00, 0x58, 0xFF, 0xFF, 0xFF, 0x08, 0x00, 0x00, 0x58, 0xFF, 0xFF, 0xFF, 0x08, 0x00,
  0x6C, 0xFF, 0xA4, 0x00, 0xF4, 0xFF, 0x1C, 0x6C, 0xFF, 0xA4, 0x00, 0xF4, 0xFF, 0x1C, 0x00, 0x00,
  0x00, 0x00, 0x00, 0x00, 0x00, 0x00, 0x58, 0xFF, 0xFF, 0xFF, 0x08, 0x00, 0x00, 0x58, 0xFF, 0xFF,
  0xFF, 0x08, 0x00, 0x00, 0x58, 0xFF, 0xFF, 0xFF, 0x08, 0x00, 0x00, 0x58, 0xFF, 0xFF, 0xFF, 0x08,
  0x00, 0x00, 0x58, 0xFF, 0xFF, 0xFF, 0x08, 0x00, 0x00, 0x58, 0xFF, 0xFF, 0xFF, 0x08, 0x00, 0x00,
  0x58, 0xFF, 0xFF, 0xFF, 0x08, 0x00, 0x00, 0x58, 0xFF, 0xFF, 0xFF, 0x08, 0x00, 0x00, 0x58, 0xFF,
  0xFF, 0xFF, 0x08, 0x00, 0x00, 0x58, 0xFF, 0xFF, 0xFF, 0x08, 0x00, 0x00, 0x58, 0xFF, 0xFF, 0xFF,
  0x08, 0x00, 0x00, 0x58, 0xFF, 0xFF, 0xFF, 0x08, 0x00, 0x00, 0x58, 0xFF, 0xFF, 0xFF, 0x08, 0x00,
  0x00, 0x30, 0xFF, 0xFF, 0xFF, 0xFE, 0xF9, 0xEC, 0xD3, 0xA5, 0x4B, 0x02, 0x00, 0x00, 0x00, 0x00,
  0x30, 0xFF, 0xFF, 0xFF, 0xFF, 0xFF, 0xFF, 0xFF, 0xFF, 0xFF, 0xC2, 0x19, 0x00, 0x00, 0x00, 0x30,
  0xFF, 0xFF, 0xFF, 0x34, 0x03, 0x1E, 0x6D, 0xF0, 0xFF, 0xFF, 0xD4, 0x0D, 0x00, 0x00, 0x30, 0xFF,
  0xFF, 0xFF, 0x34, 0x00, 0x00, 0x00, 0x33, 0xFA, 0xFF, 0xFF, 0x82, 0x00, 0x00, 0x30, 0xFF, 0xFF,
  0xFF, 0x34, 0x00, 0x00, 0x00, 0x00, 0xA6, 0xFF, 0xFF, 0xE2, 0x00, 0x00, 0x30, 0xFF, 0xFF, 0xFF,
  0x34, 0x00, 0x00, 0x00, 0x00, 0x69, 0xFF, 0xFF, 0xFF, 0x16, 0xB4, 0xFF, 0xFF, 0xFF, 0xFF, 0xFF,
  0xFF, 0x44, 0x00, 0x00, 0x58, 0xFF, 0xFF, 0xFF, 0x26, 0xB4, 0xFF, 0xFF, 0xFF, 0xFF, 0xFF, 0xFF,
  0x44, 0x00, 0x00, 0x6A, 0xFF, 0xFF, 0xFF, 0x16, 0x00, 0x30, 0xFF, 0xFF, 0xFF, 0x34, 0x00, 0x00,
  0x00, 0x00, 0xA7, 0xFF, 0xFF, 0xE2, 0x00, 0x00, 0x30, 0xFF, 0xFF, 0xFF, 0x34, 0x00, 0x00, 0x00,
  0x33, 0xFA, 0xFF, 0xFF, 0x82, 0x00, 0x00, 0x30, 0xFF, 0xFF, 0xFF, 0x34, 0x02, 0x1C, 0x6C, 0xEF,
  0xFF, 0xFF, 0xD4, 0x0D, 0x00, 0x00, 0x30, 0xFF, 0xFF, 0xFF, 0xFF, 0xFF, 0xFF, 0xFF, 0xFF, 0xFF,
  0xC1, 0x19, 0x00, 0x00, 0x00, 0x30, 0xFF, 0xFF, 0xFF, 0xFF, 0xFB, 0xED, 0xD3, 0xA4, 0x4A, 0x02,
  0x00, 0x00, 0x00, 0x00, 0x00, 0x00, 0x2D, 0xE2, 0xDC, 0x63, 0x21, 0xFD, 0x3E, 0x00, 0x00, 0x00,
  0x00, 0x00, 0x00, 0xA6, 0xFF, 0xFF, 0xFF, 0xFF, 0xFD, 0x19, 0x00, 0x00, 0x00, 0x00, 0x00, 0x00,
  0xCF, 0x86, 0x30, 0xB4, 0xF4, 0x88, 0x00, 0x00, 0x00, 0x00, 0x00, 0x00, 0x00, 0x00, 0x00, 0x00,
  0x00, 0x00, 0x00, 0x00, 0x00, 0x00, 0x00, 0x58, 0xFF, 0xFF, 0xFF, 0xB3, 0x00, 0x00, 0x00, 0x00,
  0xCC, 0xFF, 0xFF, 0x68, 0x58, 0xFF, 0xFF, 0xFF, 0xFF, 0x3C, 0x00, 0x00, 0x00, 0xCC, 0xFF, 0xFF,
  0x68, 0x58, 0xFF, 0xFF, 0xFF, 0xFF, 0xC5, 0x00, 0x00, 0x00, 0xCC, 0xFF, 0xFF, 0x68, 0x58, 0xFF,
  0xFF, 0xFF, 0xFF, 0xFF, 0x4E, 0x00, 0x00, 0xCC, 0xFF, 0xFF, 0x68, 0x58, 0xFF, 0xFF, 0xE3, 0xE2,
  0xFF, 0xD3, 0x02, 0x00, 0xCC, 0xFF, 0xFF, 0x68, 0x58, 0xFF, 0xFF, 0xDC, 0x61, 0xFF, 0xFF, 0x5F,
  0x00, 0xCC, 0xFF, 0xFF, 0x68, 0x58, 0xFF, 0xFF, 0xDC, 0x03, 0xD5, 0xFF, 0xE1, 0x07, 0xCC, 0xFF,
  0xFF, 0x68, 0x58, 0xFF, 0xFF, 0xDC, 0x00, 0x4F, 0xFF, 0xFF, 0x71, 0xCC, 0xFF, 0xFF, 0x68, 0x58,
  0xFF, 0xFF, 0xDC, 0x00, 0x00, 0xC5, 0xFF, 0xEB, 0xD9, 0xFF, 0xFF, 0x68, 0x58, 0xFF, 0xFF, 0xDC,
  0x00, 0x00, 0x3C, 0xFF, 0xFF, 0xFF, 0xFF, 0xFF, 0x68, 0x58, 0xFF, 0xFF, 0xDC, 0x00, 0x00, 0x00,
  0xB3, 0xFF, 0xFF, 0xFF, 0xFF, 0x68, 0x58, 0xFF, 0xFF, 0xDC, 0x00, 0x00, 0x00, 0x2C, 0xFD, 0xFF,
  0xFF, 0xFF, 0x68, 0x58, 0xFF, 0xFF, 0xDC, 0x00, 0x00, 0x00, 0x00, 0xA1, 0xFF, 0xFF, 0xFF, 0x68,
  0x00, 0x00, 0x00, 0x00, 0x19, 0xC5, 0xFF, 0x6B, 0x00, 0x00, 0x00, 0x00, 0x00, 0x00, 0x00, 0x00,
  0x00, 0x00, 0x00, 0x00, 0x06, 0x97, 0xFC, 0x4E, 0x00, 0x00, 0x00, 0x00, 0x00, 0x00, 0x00, 0x00,
  0x00, 0x00, 0x00, 0x00, 0x00, 0x00, 0x00, 0x00, 0x00, 0x00, 0x00, 0x00, 0x00, 0x00, 0x00, 0x00,
  0x08, 0x68, 0xBB, 0xEA, 0xFA, 0xEF, 0xCC, 0x86, 0x1A, 0x00, 0x00, 0x00, 0x00, 0x00, 0x26, 0xD7,
  0xFF, 0xFF, 0xFF, 0xFF, 0xFF, 0xFF, 0xFF, 0xF3, 0x52, 0x00, 0x00, 0x00, 0x10, 0xDE, 0xFF, 0xFF,
  0xD2, 0x3A, 0x07, 0x22, 0xA5, 0xFF, 0xFF, 0xFA, 0x3B, 0x00, 0x00, 0x82, 0xFF, 0xFF, 0xFB, 0x1F,
  0x00, 0x00, 0x00, 0x02, 0xCF, 0xFF, 0xFF, 0xCA, 0x00, 0x00, 0xDA, 0xFF, 0xFF, 0xAC, 0x00, 0x00,
  0x00, 0x00, 0x00, 0x62, 0xFF, 0xFF, 0xFF, 0x20, 0x08, 0xFF, 0xFF, 0xFF, 0x80, 0x00, 0x00, 0x00,
  0x00, 0x00, 0x35, 0xFF, 0xFF, 0xFF, 0x4F, 0x17, 0xFF, 0xFF, 0xFF, 0x6B, 0x00, 0x00, 0x00, 0x00,
  0x00, 0x1F, 0xFF, 0xFF, 0xFF, 0x5E, 0x08, 0xFF, 0xFF, 0xFF, 0x80, 0x00, 0x00, 0x00, 0x00, 0x00,
  0x35, 0xFF, 0xFF, 0xFF, 0x4F, 0x00, 0xDA, 0xFF, 0xFF, 0xAB, 0x00, 0x00, 0x00, 0x00, 0x00, 0x61,
  0xFF, 0xFF, 0xFF, 0x21, 0x00, 0x83, 0xFF, 0xFF, 0xFA, 0x1D, 0x00, 0x00, 0x00, 0x01, 0xCE, 0xFF,
  0xFF, 0xCA, 0x00, 0x00, 0x11, 0xE0, 0xFF, 0xFF, 0xD1, 0x39, 0x06, 0x21, 0xA3, 0xFF, 0xFF, 0xFB,
  0x3D, 0x00, 0x00, 0x00, 0x28, 0xDA, 0xFF, 0xFF, 0xFF, 0xFF, 0xFF, 0xFF, 0xFF, 0xF4, 0x55, 0x00,
  0x00, 0x00, 0x00, 0x00, 0x09, 0x6B, 0xBD, 0xEB, 0xFB, 0xF1, 0xCE, 0x88, 0x1C, 0x00, 0x00, 0x00,
  0x00, 0x00, 0x00, 0x00, 0x00, 0x00, 0x00, 0x8D, 0xFF, 0xB0, 0x0E, 0x00, 0x00, 0x00, 0x00, 0x00,
  0x00, 0x00, 0x00, 0x00, 0x00, 0x6B, 0xFE, 0x7E, 0x01, 0x00, 0x00, 0x00, 0x00, 0x00, 0x00, 0x00,
  0x00, 0x00, 0x00, 0x00, 0x00, 0x00, 0x00, 0x00, 0x00, 0x00, 0x00, 0x00, 0x00, 0x00, 0x00, 0x00,
  0x08, 0x68, 0xBB, 0xEA, 0xFA, 0xEF, 0xCC, 0x86, 0x1A, 0x00, 0x00, 0x00, 0x00, 0x00, 0x26, 0xD7,
  0xFF, 0xFF, 0xFF, 0xFF, 0xFF, 0xFF, 0xFF, 0xF3, 0x52, 0x00, 0x00, 0x00, 0x10, 0xDE, 0xFF, 0xFF,
  0xD2, 0x3A, 0x07, 0x22, 0xA5, 0xFF, 0xFF, 0xFA, 0x3B, 0x00, 0x00, 0x82, 0xFF, 0xFF, 0xFB, 0x1F,
  0x00, 0x00, 0x00, 0x02, 0xCF, 0xFF, 0xFF, 0xCA, 0x00, 0x00, 0xDA, 0xFF, 0xFF, 0xAC, 0x00, 0x00,
  0x00, 0x00, 0x00, 0x62, 0xFF, 0xFF, 0xFF, 0x20, 0x08, 0xFF, 0xFF, 0xFF, 0x80, 0x00, 0x00, 0x00,
  0x00, 0x00, 0x35, 0xFF, 0xFF, 0xFF, 0x4F, 0x17, 0xFF, 0xFF, 0xFF, 0x6B, 0x00, 0x00, 0x00, 0x00,
  0x00, 0x1F, 0xFF, 0xFF, 0xFF, 0x5E, 0x08, 0xFF, 0xFF, 0xFF, 0x80, 0x00, 0x00, 0x00, 0x00, 0x00,
  0x35, 0xFF, 0xFF, 0xFF, 0x4F, 0x00, 0xDA, 0xFF, 0xFF, 0xAB, 0x00, 0x00, 0x00, 0x00, 0x00, 0x61,
  0xFF, 0xFF, 0xFF, 0x21, 0x00, 0x83, 0xFF, 0xFF, 0xFA, 0x1D, 0x00, 0x00, 0x00, 0x01, 0xCE, 0xFF,
  0xFF, 0xCA, 0x00, 0x00, 0x11, 0xE0, 0xFF, 0xFF, 0xD1, 0x39, 0x06, 0x21, 0xA3, 0xFF, 0xFF, 0xFB,
  0x3D, 0x00, 0x00, 0x00, 0x28, 0xDA, 0xFF, 0xFF, 0xFF, 0xFF, 0xFF, 0xFF, 0xFF, 0xF4, 0x55, 0x00,
  0x00, 0x00, 0x00, 0x00, 0x09, 0x6B, 0xBD, 0xEB, 0xFB, 0xF1, 0xCE, 0x88, 0x1C, 0x00, 0x00, 0x00,
  0x00, 0x00, 0x00, 0x00, 0x00, 0x6A, 0xFF, 0xEE, 0xFA, 0x4D, 0x00, 0x00, 0x00, 0x00, 0x00, 0x00,
  0x00, 0x00, 0x00, 0x64, 0xF6, 0x70, 0x07, 0x86, 0xF5, 0x49, 0x00, 0x00, 0x00, 0x00, 0x00, 0x00,
  0x00, 0x00, 0x00, 0x00, 0x00, 0x00, 0x00, 0x00, 0x00, 0x00, 0x00, 0x00, 0x00, 0x00, 0x00, 0x00,
  0x08, 0x68, 0xBB, 0xEA, 0xFA, 0xEF, 0xCC, 0x86, 0x1A, 0x00, 0x00, 0x00, 0x00, 0x00, 0x26, 0xD7,
  0xFF, 0xFF, 0xFF, 0xFF, 0xFF, 0xFF, 0xFF, 0xF3, 0x52, 0x00, 0x00, 0x00, 0x10, 0xDE, 0xFF, 0xFF,
  0xD2, 0x3A, 0x07, 0x22, 0xA5, 0xFF, 0xFF, 0xFA, 0x3B, 0x00, 0x00, 0x82, 0xFF, 0xFF, 0xFB, 0x1F,
  0x00, 0x00, 0x00, 0x02, 0xCF, 0xFF, 0xFF, 0xCA, 0x00, 0x00, 0xDA, 0xFF, 0xFF, 0xAC, 0x00, 0x00,
  0x00, 0x00, 0x00, 0x62, 0xFF, 0xFF, 0xFF, 0x20, 0x08, 0xFF, 0xFF, 0xFF, 0x80, 0x00, 0x00, 0x00,
  0x00, 0x00, 0x35, 0xFF, 0xFF, 0xFF, 0x4F, 0x17, 0xFF, 0xFF, 0xFF, 0x6B, 0x00, 0x00, 0x00, 0x00,
  0x00, 0x1F, 0xFF, 0xFF, 0xFF, 0x5E, 0x08, 0xFF, 0xFF, 0xFF, 0x80, 0x00, 0x00, 0x00, 0x00, 0x00,
  0x35, 0xFF, 0xFF, 0xFF, 0x4F, 0x00, 0xDA, 0xFF, 0xFF, 0xAB, 0x00, 0x00, 0x00, 0x00, 0x00, 0x61,
  0xFF, 0xFF, 0xFF, 0x21, 0x00, 0x83, 0xFF, 0xFF, 0xFA, 0x1D, 0x00, 0x00, 0x00, 0x01, 0xCE, 0xFF,
  0xFF, 0xCA, 0x00, 0x00, 0x11, 0xE0, 0xFF, 0xFF, 0xD1, 0x39, 0x06, 0x21, 0xA3, 0xFF, 0xFF, 0xFB,
  0x3D, 0x00, 0x00, 0x00, 0x28, 0xDA, 0xFF, 0xFF, 0xFF, 0xFF, 0xFF, 0xFF, 0xFF, 0xF4, 0x55, 0x00,
  0x00, 0x00, 0x00, 0x00, 0x09, 0x6B, 0xBD, 0xEB, 0xFB, 0xF1, 0xCE, 0x88, 0x1C, 0x00, 0x00, 0x00,
  0x00, 0x00, 0x00, 0x00, 0x00, 0xA2, 0xF2, 0xA1, 0x1E, 0xA9, 0xAE, 0x00, 0x00, 0x00, 0x00, 0x00,
  0x00, 0x00, 0x00, 0x36, 0xFF, 0xFF, 0xFF, 0xFF, 0xFF, 0x86, 0x00, 0x00, 0x00, 0x00, 0x00, 0x00,
  0x00, 0x00, 0x5F, 0xEB, 0x18, 0x78, 0xE8, 0xD5, 0x1B, 0x00, 0x00, 0x00, 0x00, 0x00, 0x00, 0x00,
  0x00, 0x00, 0x00, 0x00, 0x00, 0x00, 0x00, 0x00, 0x00, 0x00, 0x00, 0x00, 0x00, 0x00, 0x00, 0x08,
  0x68, 0xBB, 0xEA, 0xFA, 0xEF, 0xCC, 0x86, 0x1A, 0x00, 0x00, 0x00, 0x00, 0x00, 0x26, 0xD7, 0xFF,
  0xFF, 0xFF, 0xFF, 0xFF, 0xFF, 0xFF, 0xF3, 0x52, 0x00, 0x00, 0x00, 0x10, 0xDE, 0xFF, 0xFF, 0xD2,
  0x3A, 0x07, 0x22, 0xA5, 0xFF, 0xFF, 0xFA, 0x3B, 0x00, 0x00, 0x82, 0xFF, 0xFF, 0xFB, 0x1F, 0x00,
  0x00, 0x00, 0x02, 0xCF, 0xFF, 0xFF, 0xCA, 0x00, 0x00, 0xDA, 0xFF, 0xFF, 0xAC, 0x00, 0x00, 0x00,
  0x00, 0x00, 0x62, 0xFF, 0xFF, 0xFF, 0x20, 0x08, 0xFF, 0xFF, 0xFF, 0x80, 0x00, 0x00, 0x00, 0x00,
  0x00, 0x35, 0xFF, 0xFF, 0xFF, 0x4F, 0x17, 0xFF, 0xFF, 0xFF, 0x6B, 0x00, 0x00, 0x00, 0x00, 0x00,
  0x1F, 0xFF, 0xFF, 0xFF, 0x5E, 0x08, 0xFF, 0xFF, 0xFF, 0x80, 0x00, 0x00, 0x00, 0x00, 0x00, 0x35,
  0xFF, 0xFF, 0xFF, 0x4F, 0x00, 0xDA, 0xFF, 0xFF, 0xAB, 0x00, 0x00, 0x00, 0x00, 0x00, 0x61, 0xFF,
  0xFF, 0xFF, 0x21, 0x00, 0x83, 0xFF, 0xFF, 0xFA, 0x1D, 0x00, 0x00, 0x00, 0x01, 0xCE, 0xFF, 0xFF,
  0xCA, 0x00, 0x00, 0x11, 0xE0, 0xFF, 0xFF, 0xD1, 0x39, 0x06, 0x21, 0xA3, 0xFF, 0xFF, 0xFB, 0x3D,
  0x00, 0x00, 0x00, 0x28, 0xDA, 0xFF, 0xFF, 0xFF, 0xFF, 0xFF, 0xFF, 0xFF, 0xF4, 0x55, 0x00, 0x00,
  0x00, 0x00, 0x00, 0x09, 0x6B, 0xBD, 0xEB, 0xFB, 0xF1, 0xCE, 0x88, 0x1C, 0x00, 0x00, 0x00, 0x00,
  0x00, 0x00, 0x00, 0x20, 0xFF, 0xF0, 0x00, 0xA8, 0xFF, 0x68, 0x00, 0x00, 0x00, 0x00, 0x00, 0x00,
  0x00, 0x00, 0x20, 0xFF, 0xF0, 0x00, 0xA8, 0xFF, 0x68, 0x00, 0x00, 0x00, 0x00, 0x00, 0x00, 0x00,
  0x00, 0x00, 0x00, 0x00, 0x00, 0x00, 0x00, 0x00, 0x00, 0x00, 0x00, 0x00, 0x00, 0x00, 0x00, 0x08,
  0x68, 0xBB, 0xEA, 0xFA, 0xEF, 0xCC, 0x86, 0x1A, 0x00, 0x00, 0x00, 0x00, 0x00, 0x26, 0xD7, 0xFF,
  0xFF, 0xFF, 0xFF, 0xFF, 0xFF, 0xFF, 0xF3, 0x52, 0x00, 0x00, 0x00, 0x10, 0xDE, 0xFF, 0xFF, 0xD2,
  0x3A, 0x07, 0x22, 0xA5, 0xFF, 0xFF, 0xFA, 0x3B, 0x00, 0x00, 0x82, 0xFF, 0xFF, 0xFB, 0x1F, 0x00,
  0x00, 0x00, 0x02, 0xCF, 0xFF, 0xFF, 0xCA, 0x00, 0x00, 0xDA, 0xFF, 0xFF, 0xAC, 0x00, 0x00, 0x00,
  0x00, 0x00, 0x62, 0xFF, 0xFF, 0xFF, 0x20, 0x08, 0xFF, 0xFF, 0xFF, 0x80, 0x00, 0x00, 0x00, 0x00,
  0x00, 0x35, 0xFF, 0xFF, 0xFF, 0x4F, 0x17, 0xFF, 0xFF, 0xFF, 0x6B, 0x00, 0x00, 0x00, 0x00, 0x00,
  0x1F, 0xFF, 0xFF, 0xFF, 0x5E, 0x08, 0xFF, 0xFF, 0xFF, 0x80, 0x00, 0x00, 0x00, 0x00, 0x00, 0x35,
  0xFF, 0xFF, 0xFF, 0x4F, 0x00, 0xDA, 0xFF, 0xFF, 0xAB, 0x00, 0x00, 0x00, 0x00, 0x00, 0x61, 0xFF,
  0xFF, 0xFF, 0x21, 0x00, 0x83, 0xFF, 0xFF, 0xFA, 0x1D, 0x00, 0x00, 0x00, 0x01, 0xCE, 0xFF, 0xFF,
  0xCA, 0x00, 0x00, 0x11, 0xE0, 0xFF, 0xFF, 0xD1, 0x39, 0x06, 0x21, 0xA3, 0xFF, 0xFF, 0xFB, 0x3D,
  0x00, 0x00, 0x00, 0x28, 0xDA, 0xFF, 0xFF, 0xFF, 0xFF, 0xFF, 0xFF, 0xFF, 0xF4, 0x55, 0x00, 0x00,
  0x00, 0x00, 0x00, 0x09, 0x6B, 0xBD, 0xEB, 0xFB, 0xF1, 0xCE, 0x88, 0x1C, 0x00, 0x00, 0x00, 0x07,
  0xAF, 0x3F, 0x00, 0x00, 0x00, 0x00, 0x00, 0x30, 0xB7, 0x0D, 0x82, 0xFF, 0xF3, 0x38, 0x00, 0x00,
  0x00, 0x29, 0xEA, 0xFF, 0x96, 0x0C, 0xC6, 0xFF, 0xF0, 0x32, 0x00, 0x24, 0xE6, 0xFF, 0xD3, 0x13,
  0x00, 0x10, 0xCE, 0xFF, 0xEC, 0x4A, 0xE1, 0xFF, 0xDA, 0x18, 0x00, 0x00, 0x00, 0x14, 0xD4, 0xFF,
  0xFF, 0xFF, 0xDF, 0x1D, 0x00, 0x00, 0x00, 0x00, 0x00, 0x2E, 0xFE, 0xFF, 0xFF, 0x41, 0x00, 0x00,
  0x00, 0x00, 0x00, 0x11, 0xD0, 0xFF, 0xFF, 0xFF, 0xDC, 0x1A, 0x00, 0x00, 0x00, 0x0E, 0xCB, 0xFF,
  0xED, 0x4F, 0xE3, 0xFF, 0xD7, 0x16, 0x00, 0x0B, 0xC5, 0xFF, 0xF0, 0x34, 0x00, 0x25, 0xE7, 0xFF,
  0xD1, 0x12, 0x82, 0xFF, 0xF3, 0x3A, 0x00, 0x00, 0x00, 0x2B, 0xEB, 0xFF, 0x96, 0x07, 0xAF, 0x40,
  0x00, 0x00, 0x00, 0x00, 0x00, 0x30, 0xB8, 0x0D, 0x00, 0x00, 0x00, 0x00, 0x00, 0x00, 0x00, 0x00,
  0x00, 0x00, 0x00, 0x00, 0x00, 0x27, 0x08, 0x00, 0x00, 0x00, 0x06, 0x64, 0xB9, 0xE9, 0xFA, 0xF3,
  0xD3, 0x96, 0x33, 0x48, 0xF2, 0x84, 0x00, 0x00, 0x20, 0xD1, 0xFF, 0xFF, 0xFF, 0xFF, 0xFF, 0xFF,
  0xFF, 0xFF, 0xFD, 0x8C, 0x03, 0x00, 0x0B, 0xD6, 0xFF, 0xFF, 0xD2, 0x3A, 0x07, 0x23, 0xA6, 0xFF,
  0xFF, 0xFF, 0x6B, 0x00, 0x00, 0x76, 0xFF, 0xFF, 0xFB, 0x1F, 0x00, 0x00, 0x00, 0x7D, 0xFF, 0xFF,
  0xFF, 0xE2, 0x02, 0x00, 0xD1, 0xFF, 0xFF, 0xAC, 0x00, 0x00, 0x00, 0x74, 0xFF, 0xC5, 0xFF, 0xFF,
  0xFF, 0x2F, 0x05, 0xFE, 0xFF, 0xFF, 0x80, 0x00, 0x00, 0x6C, 0xFF, 0x8E, 0x29, 0xFF, 0xFF, 0xFF,
  0x55, 0x16, 0xFF, 0xFF, 0xFF, 0x69, 0x00, 0x65, 0xFE, 0x97, 0x00, 0x1D, 0xFF, 0xFF, 0xFF, 0x5E,
  0x0F, 0xFF, 0xFF, 0xFF, 0x75, 0x5E, 0xFE, 0x9F, 0x01, 0x00, 0x35, 0xFF, 0xFF, 0xFF, 0x4B, 0x00,
  0xE9, 0xFF, 0xFF, 0xD8, 0xFC, 0xA7, 0x02, 0x00, 0x00, 0x61, 0xFF, 0xFF, 0xFF, 0x18, 0x00, 0x9F,
  0xFF, 0xFF, 0xFF, 0xB2, 0x04, 0x00, 0x00, 0x01, 0xCE, 0xFF, 0xFF, 0xBD, 0x00, 0x00, 0x29, 0xF9,
  0xFF, 0xFF, 0xD4, 0x3B, 0x06, 0x21, 0xA3, 0xFF, 0xFF, 0xF7, 0x32, 0x00, 0x00, 0x53, 0xF8, 0xF9,
  0xFF, 0xFF, 0xFF, 0xFF, 0xFF, 0xFF, 0xFF, 0xF1, 0x4A, 0x00, 0x00, 0x4A, 0xFA, 0x73, 0x17, 0x7D,
  0xC6, 0xED, 0xFC, 0xF0, 0xCC, 0x84, 0x17, 0x00, 0x00, 0x00, 0x02, 0x30, 0x00, 0x00, 0x00, 0x00,
  0x00, 0x00, 0x00, 0x00, 0x00, 0x00, 0x00, 0x00, 0x00, 0x00, 0x00, 0x00, 0x48, 0xEE, 0xEC, 0x26,
  0x00, 0x00, 0x00, 0x00, 0x00, 0x00, 0x00, 0x00, 0x00, 0x23, 0xD2, 0xDD, 0x16, 0x00, 0x00, 0x00,
  0x00, 0x00, 0x00, 0x00, 0x00, 0x00, 0x00, 0x00, 0x00, 0x00, 0x00, 0x00, 0x00, 0x58, 0xFF, 0xFF,
  0xFF, 0x08, 0x00, 0x00, 0x00, 0x6C, 0xFF, 0xFF, 0xF8, 0x58, 0xFF, 0xFF, 0xFF, 0x08, 0x00, 0x00,
  0x00, 0x6C, 0xFF, 0xFF, 0xF8, 0x58, 0xFF, 0xFF, 0xFF, 0x08, 0x00, 0x00, 0x00, 0x6C, 0xFF, 0xFF,
  0xF8, 0x58, 0xFF, 0xFF, 0xFF, 0x08, 0x00, 0x00, 0x00, 0x6C, 0xFF, 0xFF, 0xF8, 0x58, 0xFF, 0xFF,
  0xFF, 0x08, 0x00, 0x00, 0x00, 0x6C, 0xFF, 0xFF, 0xF8, 0x58, 0xFF, 0xFF, 0xFF, 0x08, 0x00, 0x00,
  0x00, 0x6C, 0xFF, 0xFF, 0xF8, 0x58, 0xFF, 0xFF, 0xFF, 0x08, 0x00, 0x00, 0x00, 0x6C, 0xFF, 0xFF,
  0xF8, 0x58, 0xFF, 0xFF, 0xFF, 0x08, 0x00, 0x00, 0x00, 0x6C, 0xFF, 0xFF, 0xF7, 0x4E, 0xFF, 0xFF,
  0xFF, 0x15, 0x00, 0x00, 0x00, 0x7A, 0xFF, 0xFF, 0xED, 0x2A, 0xFF, 0xFF, 0xFF, 0x3E, 0x00, 0x00,
  0x00, 0xA2, 0xFF, 0xFF, 0xC9, 0x00, 0xD3, 0xFF, 0xFF, 0xC7, 0x27, 0x0C, 0x53, 0xF7, 0xFF, 0xFF,
  0x72, 0x00, 0x35, 0xF1, 0xFF, 0xFF, 0xFF, 0xFF, 0xFF, 0xFF, 0xFF, 0xBC, 0x06, 0x00, 0x00, 0x1E,
  0x8F, 0xD3, 0xF4, 0xFB, 0xEC, 0xBE, 0x66, 0x03, 0x00, 0x00, 0x00, 0x00, 0x00, 0x00, 0x0F, 0xD4,
  0xFA, 0x6C, 0x00, 0x00, 0x00, 0x00, 0x00, 0x00, 0x00, 0x05, 0xBE, 0xE8, 0x3C, 0x00, 0x00, 0x00,
  0x00, 0x00, 0x00, 0x00, 0x00, 0x00, 0x00, 0x00, 0x00, 0x00, 0x00, 0x00, 0x00, 0x58, 0xFF, 0xFF,
  0xFF, 0x08, 0x00, 0x00, 0x00, 0x6C, 0xFF, 0xFF, 0xF8, 0x58, 0xFF, 0xFF, 0xFF, 0x08, 0x00, 0x00,
  0x00, 0x6C, 0xFF, 0xFF, 0xF8, 0x58, 0xFF, 0xFF, 0xFF, 0x08, 0x00, 0x00, 0x00, 0x6C, 0xFF, 0xFF,
  0xF8, 0x58, 0xFF, 0xFF, 0xFF, 0x08, 0x00, 0x00, 0x00, 0x6C, 0xFF, 0xFF, 0xF8, 0x58, 0xFF, 0xFF,
  0xFF, 0x08, 0x00, 0x00, 0x00, 0x6C, 0xFF, 0xFF, 0xF8, 0x58, 0xFF, 0xFF, 0xFF, 0x08, 0x00, 0x00,
  0x00, 0x6C, 0xFF, 0xFF, 0xF8, 0x58, 0xFF, 0xFF, 0xFF, 0x08, 0x00, 0x00, 0x00, 0x6C, 0xFF, 0xFF,
  0xF8, 0x58, 0xFF, 0xFF, 0xFF, 0x08, 0x00, 0x00, 0x00, 0x6C, 0xFF, 0xFF, 0xF7, 0x4E, 0xFF, 0xFF,
  0xFF, 0x15, 0x00, 0x00, 0x00, 0x7A, 0xFF, 0xFF, 0xED, 0x2A, 0xFF, 0xFF, 0xFF, 0x3E, 0x00, 0x00,
  0x00, 0xA2, 0xFF, 0xFF, 0xC9, 0x00, 0xD3, 0xFF, 0xFF, 0xC7, 0x27, 0x0C, 0x53, 0xF7, 0xFF, 0xFF,
  0x72, 0x00, 0x35, 0xF1, 0xFF, 0xFF, 0xFF, 0xFF, 0xFF, 0xFF, 0xFF, 0xBC, 0x06, 0x00, 0x00, 0x1E,
  0x8F, 0xD3, 0xF4, 0xFB, 0xEC, 0xBE, 0x66, 0x03, 0x00, 0x00, 0x00, 0x00, 0x00, 0x89, 0xFF, 0xEE,
  0xF1, 0x36, 0x00, 0x00, 0x00, 0x00, 0x00, 0x00, 0x83, 0xEF, 0x59, 0x0C, 0x9C, 0xEF, 0x32, 0x00,
  0x00, 0x00, 0x00, 0x00, 0x00, 0x00, 0x00, 0x00, 0x00, 0x00, 0x00, 0x00, 0x00, 0x58, 0xFF, 0xFF,
  0xFF, 0x08, 0x00, 0x00, 0x00, 0x6C, 0xFF, 0xFF, 0xF8, 0x58, 0xFF, 0xFF, 0xFF, 0x08, 0x00, 0x00,
  0x00, 0x6C, 0xFF, 0xFF, 0xF8, 0x58, 0xFF, 0xFF, 0xFF, 0x08, 0x00, 0x00, 0x00, 0x6C, 0xFF, 0xFF,
  0xF8, 0x58, 0xFF, 0xFF, 0xFF, 0x08, 0x00, 0x00, 0x00, 0x6C, 0xFF, 0xFF, 0xF8, 0x58, 0xFF, 0xFF,
  0xFF, 0x08, 0x00, 0x00, 0x00, 0x6C, 0xFF, 0xFF, 0xF8, 0x58, 0xFF, 0xFF, 0xFF, 0x08, 0x00, 0x00,
  0x00, 0x6C, 0xFF, 0xFF, 0xF8, 0x58, 0xFF, 0xFF, 0xFF, 0x08, 0x00, 0x00, 0x00, 0x6C, 0xFF, 0xFF,
  0xF8, 0x58, 0xFF, 0xFF, 0xFF, 0x08, 0x00, 0x00, 0x00, 0x6C, 0xFF, 0xFF, 0xF7, 0x4E, 0xFF, 0xFF,
  0xFF, 0x15, 0x00, 0x00, 0x00, 0x7A, 0xFF, 0xFF, 0xED, 0x2A, 0xFF, 0xFF, 0xFF, 0x3E, 0x00, 0x00,
  0x00, 0xA2, 0xFF, 0xFF, 0xC9, 0x00, 0xD3, 0xFF, 0xFF, 0xC7, 0x27, 0x0C, 0x53, 0xF7, 0xFF, 0xFF,
  0x72, 0x00, 0x35, 0xF1, 0xFF, 0xFF, 0xFF, 0xFF, 0xFF, 0xFF, 0xFF, 0xBC, 0x06, 0x00, 0x00, 0x1E,
  0x8F, 0xD3, 0xF4, 0xFB, 0xEC, 0xBE, 0x66, 0x03, 0x00, 0x00, 0x00, 0x00, 0x74, 0xFF, 0x9C, 0x00,
  0xFC, 0xFF, 0x14, 0x00, 0x00, 0x00, 0x00, 0x00, 0x74, 0xFF, 0x9C, 0x00, 0xFC, 0xFF, 0x14, 0x00,
  0x00, 0x00, 0x00, 0x00, 0x00, 0x00, 0x00, 0x00, 0x00, 0x00, 0x00, 0x00, 0x00, 0x58, 0xFF, 0xFF,
  0xFF, 0x08, 0x00, 0x00, 0x00, 0x6C, 0xFF, 0xFF, 0xF8, 0x58, 0xFF, 0xFF, 0xFF, 0x08, 0x00, 0x00,
  0x00, 0x6C, 0xFF, 0xFF, 0xF8, 0x58, 0xFF, 0xFF, 0xFF, 0x08, 0x00, 0x00, 0x00, 0x6C, 0xFF, 0xFF,
  0xF8, 0x58, 0xFF, 0xFF, 0xFF, 0x08, 0x00, 0x00, 0x00, 0x6C, 0xFF, 0xFF, 0xF8, 0x58, 0xFF, 0xFF,
  0xFF, 0x08, 0x00, 0x00, 0x00, 0x6C, 0xFF, 0xFF, 0xF8, 0x58, 0xFF, 0xFF, 0xFF, 0x08, 0x00, 0x00,
  0x00, 0x6C, 0xFF, 0xFF, 0xF8, 0x58, 0xFF, 0xFF, 0xFF, 0x08, 0x00, 0x00, 0x00, 0x6C, 0xFF, 0xFF,
  0xF8, 0x58, 0xFF, 0xFF, 0xFF, 0x08, 0x00, 0x00, 0x00, 0x6C, 0xFF, 0xFF, 0xF7, 0x4E, 0xFF, 0xFF,
  0xFF, 0x15, 0x00, 0x00, 0x00, 0x7A, 0xFF, 0xFF, 0xED, 0x2A, 0xFF, 0xFF, 0xFF, 0x3E, 0x00, 0x00,
  0x00, 0xA2, 0xFF, 0xFF, 0xC9, 0x00, 0xD3, 0xFF, 0xFF, 0xC7, 0x27, 0x0C, 0x53, 0xF7, 0xFF, 0xFF,
  0x72, 0x00, 0x35, 0xF1, 0xFF, 0xFF, 0xFF, 0xFF, 0xFF, 0xFF, 0xFF, 0xBC, 0x06, 0x00, 0x00, 0x1E,
  0x8F, 0xD3, 0xF4, 0xFB, 0xEC, 0xBE, 0x66, 0x03, 0x00, 0x00, 0x00, 0x00, 0x00, 0x00, 0x00, 0x02,
  0xAD, 0xFF, 0x96, 0x05, 0x00, 0x00, 0x00, 0x00, 0x00, 0x00, 0x00, 0x00, 0x00, 0x00, 0x90, 0xF7,
  0x60, 0x00, 0x00, 0x00, 0x00, 0x00, 0x00, 0x00, 0x00, 0x00, 0x00, 0x00, 0x00, 0x00, 0x00, 0x00,
  0x00, 0x00, 0x00, 0x00, 0x00, 0x00, 0x05, 0xD1, 0xFF, 0xFF, 0xD4, 0x06, 0x00, 0x00, 0x00, 0x04,
  0xCE, 0xFF, 0xFF, 0xD6, 0x07, 0x00, 0x31, 0xFB, 0xFF, 0xFF, 0x7F, 0x00, 0x00, 0x00, 0x78, 0xFF,
  0xFF, 0xFC, 0x37, 0x00, 0x00, 0x00, 0x83, 0xFF, 0xFF, 0xF9, 0x2A, 0x00, 0x25, 0xF7, 0xFF, 0xFF,
  0x8A, 0x00, 0x00, 0x00, 0x00, 0x06, 0xD2, 0xFF, 0xFF, 0xC7, 0x03, 0xC1, 0xFF, 0xFF, 0xD7, 0x08,
  0x00, 0x00, 0x00, 0x00, 0x00, 0x32, 0xFB, 0xFF, 0xFF, 0xBF, 0xFF, 0xFF, 0xFD, 0x38, 0x00, 0x00,
  0x00, 0x00, 0x00, 0x00, 0x00, 0x84, 0xFF, 0xFF, 0xFF, 0xFF, 0xFF, 0x8B, 0x00, 0x00, 0x00, 0x00,
  0x00, 0x00, 0x00, 0x00, 0x06, 0xD2, 0xFF, 0xFF, 0xFF, 0xD8, 0x08, 0x00, 0x00, 0x00, 0x00, 0x00,
  0x00, 0x00, 0x00, 0x00, 0x42, 0xFF, 0xFF, 0xFF, 0x4A, 0x00, 0x00, 0x00, 0x00, 0x00, 0x00, 0x00,
  0x00, 0x00, 0x00, 0x2C, 0xFF, 0xFF, 0xFF, 0x34, 0x00, 0x00, 0x00, 0x00, 0x00, 0x00, 0x00, 0x00,
  0x00, 0x00, 0x2C, 0xFF, 0xFF, 0xFF, 0x34, 0x00, 0x00, 0x00, 0x00, 0x00, 0x00, 0x00, 0x00, 0x00,
  0x00, 0x2C, 0xFF, 0xFF, 0xFF, 0x34, 0x00, 0x00, 0x00, 0x00, 0x00, 0x00, 0x00, 0x00, 0x00, 0x00,
  0x2C, 0xFF, 0xFF, 0xFF, 0x34, 0x00, 0x00, 0x00, 0x00, 0x00, 0x00, 0x00, 0x00, 0x00, 0x00, 0x2C,
  0xFF, 0xFF, 0xFF, 0x34, 0x00, 0x00, 0x00, 0x00, 0x00, 0x58, 0xFF, 0xFF, 0xFF, 0x08, 0x00, 0x00,
  0x00, 0x00, 0x00, 0x00, 0x00, 0x58, 0xFF, 0xFF, 0xFF, 0x08, 0x00, 0x00, 0x00, 0x00, 0x00, 0x00,
  0x00, 0x58, 0xFF, 0xFF, 0xFF, 0xFF, 0xFF, 0xFB, 0xE5, 0xAC, 0x3B, 0x00, 0x00, 0x58, 0xFF, 0xFF,
  0xFF, 0xFF, 0xFF, 0xFF, 0xFF, 0xFF, 0xFE, 0x66, 0x00, 0x58, 0xFF, 0xFF, 0xFF, 0x08, 0x00, 0x20,
  0xC1, 0xFF, 0xFF, 0xF6, 0x15, 0x58, 0xFF, 0xFF, 0xFF, 0x08, 0x00, 0x00, 0x33, 0xFF, 0xFF, 0xFF,
  0x58, 0x58, 0xFF, 0xFF, 0xFF, 0x08, 0x00, 0x00, 0x10, 0xFF, 0xFF, 0xFF, 0x6E, 0x58, 0xFF, 0xFF,
  0xFF, 0x08, 0x00, 0x00, 0x32, 0xFF, 0xFF, 0xFF, 0x58, 0x58, 0xFF, 0xFF, 0xFF, 0x08, 0x00, 0x1F,
  0xBF, 0xFF, 0xFF, 0xF6, 0x16, 0x58, 0xFF, 0xFF, 0xFF, 0xFF, 0xFF, 0xFF, 0xFF, 0xFF, 0xFE, 0x69,
  0x00, 0x58, 0xFF, 0xFF, 0xFF, 0xFF, 0xFF, 0xFB, 0xE7, 0xAE, 0x3E, 0x00, 0x00, 0x58, 0xFF, 0xFF,
  0xFF, 0x08, 0x00, 0x00, 0x00, 0x00, 0x00, 0x00, 0x00, 0x58, 0xFF, 0xFF, 0xFF, 0x08, 0x00, 0x00,
  0x00, 0x00, 0x00, 0x00, 0x00, 0x00, 0x08, 0x79, 0xCE, 0xF3, 0xFB, 0xE6, 0xA9, 0x2F, 0x00, 0x00,
  0x00, 0x01, 0xBC, 0xFF, 0xFF, 0xFF, 0xFF, 0xFF, 0xFF, 0xF7, 0x36, 0x00, 0x00, 0x43, 0xFF, 0xFF,
  0xFA, 0x48, 0x0A, 0x63, 0xFF, 0xFF, 0xB5, 0x00, 0x00, 0x72, 0xFF, 0xFF, 0xBB, 0x00, 0x00, 0x17,
  0xF8, 0xFF, 0xE6, 0x00, 0x00, 0x7C, 0xFF, 0xFF, 0xA8, 0x00, 0x61, 0xF6, 0xFF, 0xE0, 0xA2, 0x00,
  0x00, 0x7C, 0xFF, 0xFF, 0xA8, 0x23, 0xFB, 0xFF, 0x9D, 0x01, 0x00, 0x00, 0x00, 0x7C, 0xFF, 0xFF,
  0xA8, 0x5D, 0xFF, 0xFF, 0x7F, 0x00, 0x00, 0x00, 0x00, 0x7C, 0xFF, 0xFF, 0xA8, 0x49, 0xFF, 0xFF,
  0xFC, 0x89, 0x0B, 0x00, 0x00, 0x7C, 0xFF, 0xFF, 0xA8, 0x05, 0xC7, 0xFF, 0xFF, 0xFF, 0xDE, 0x2E,
  0x00, 0x7C, 0xFF, 0xFF, 0xA8, 0x00, 0x09, 0x8C, 0xF9, 0xFF, 0xFF, 0xDA, 0x02, 0x7C, 0xFF, 0xFF,
  0xA8, 0x00, 0x00, 0x00, 0x31, 0xFE, 0xFF, 0xFF, 0x20, 0x7C, 0xFF, 0xFF, 0xA8, 0x00, 0x00, 0x01,
  0x3B, 0xFC, 0xFF, 0xFF, 0x18, 0x7C, 0xFF, 0xFF, 0xA8, 0x50, 0xFF, 0xFF, 0xFF, 0xFF, 0xFF, 0xBD,
  0x00, 0x7C, 0xFF, 0xFF, 0xA8, 0x50, 0xFF, 0xFF, 0xFB, 0xE0, 0x92, 0x10, 0x00, 0x00, 0x00, 0x21,
  0xDC, 0xFF, 0x5D, 0x00, 0x00, 0x00, 0x00, 0x00, 0x00, 0x00, 0x00, 0x17, 0xD0, 0xF8, 0x38, 0x00,
  0x00, 0x00, 0x00, 0x00, 0x00, 0x00, 0x00, 0x0F, 0xC3, 0xE8, 0x1D, 0x00, 0x00, 0x00, 0x00, 0x00,
  0x00, 0x00, 0x00, 0x00, 0x00, 0x00, 0x00, 0x00, 0x00, 0x00, 0x5C, 0xFF, 0xFF, 0xFF, 0xFF, 0xF4,
  0xD1, 0x83, 0x0C, 0x00, 0x00, 0x5C, 0xFF, 0xFF, 0xFF, 0xFF, 0xFF, 0xFF, 0xFF, 0xCE, 0x07, 0x00,
  0x00, 0x00, 0x00, 0x00, 0x07, 0x30, 0xD2, 0xFF, 0xFF, 0x60, 0x00, 0x00, 0x00, 0x00, 0x00, 0x00,
  0x00, 0x75, 0xFF, 0xFF, 0xA0, 0x00, 0x0B, 0x7E, 0xCB, 0xF0, 0xFD, 0xFF, 0xFF, 0xFF, 0xFF, 0xB7,
  0x00, 0xC2, 0xFF, 0xFF, 0xFF, 0xFF, 0xFF, 0xFF, 0xFF, 0xFF, 0xBC, 0x26, 0xFF, 0xFF, 0xFF, 0x4E,
  0x08, 0x00, 0x7F, 0xFF, 0xFF, 0xBC, 0x21, 0xFF, 0xFF, 0xFE, 0x3D, 0x07, 0x41, 0xEA, 0xFF, 0xFF,
  0xBC, 0x00, 0xC5, 0xFF, 0xFF, 0xFF, 0xFF, 0xFA, 0xA6, 0xFF, 0xFF, 0xBC, 0x00, 0x15, 0x9B, 0xE5,
  0xF6, 0xC7, 0x3F, 0x70, 0xFF, 0xFF, 0xBC, 0x00, 0x00, 0x00, 0x00, 0x00, 0x00, 0x26, 0xEF, 0xF7,
  0x4E, 0x00, 0x00, 0x00, 0x00, 0x00, 0x00, 0x10, 0xD9, 0xF1, 0x3E, 0x00, 0x00, 0x00, 0x00, 0x00,
  0x00, 0x03, 0xBA, 0xE9, 0x31, 0x00, 0x00, 0x00, 0x00, 0x00, 0x00, 0x00, 0x00, 0x00, 0x00, 0x00,
  0x00, 0x00, 0x00, 0x00, 0x5C, 0xFF, 0xFF, 0xFF, 0xFF, 0xF4, 0xD1, 0x83, 0x0C, 0x00, 0x00, 0x5C,
  0xFF, 0xFF, 0xFF, 0xFF, 0xFF, 0xFF, 0xFF, 0xCE, 0x07, 0x00, 0x00, 0x00, 0x00, 0x00, 0x07, 0x30,
  0xD2, 0xFF, 0xFF, 0x60, 0x00, 0x00, 0x00, 0x00, 0x00, 0x00, 0x00, 0x75, 0xFF, 0xFF, 0xA0, 0x00,
  0x0B, 0x7E, 0xCB, 0xF0, 0xFD, 0xFF, 0xFF, 0xFF, 0xFF, 0xB7, 0x00, 0xC2, 0xFF, 0xFF, 0xFF, 0xFF,
  0xFF, 0xFF, 0xFF, 0xFF, 0xBC, 0x26, 0xFF, 0xFF, 0xFF, 0x4E, 0x08, 0x00, 0x7F, 0xFF, 0xFF, 0xBC,
  0x21, 0xFF, 0xFF, 0xFE, 0x3D, 0x07, 0x41, 0xEA, 0xFF, 0xFF, 0xBC, 0x00, 0xC5, 0xFF, 0xFF, 0xFF,
  0xFF, 0xFA, 0xA6, 0xFF, 0xFF, 0xBC, 0x00, 0x15, 0x9B, 0xE5, 0xF6, 0xC7, 0x3F, 0x70, 0xFF, 0xFF,
  0xBC, 0x00, 0x00, 0x00, 0x00, 0x4D, 0xFE, 0xFF, 0x93, 0x00, 0x00, 0x00, 0x00, 0x00, 0x00, 0x1E,
  0xED, 0xCA, 0x97, 0xFF, 0x53, 0x00, 0x00, 0x00, 0x00, 0x04, 0xC7, 0xCF, 0x11, 0x00, 0x97, 0xF0,
  0x22, 0x00, 0x00, 0x00, 0x00, 0x00, 0x00, 0x00, 0x00, 0x00, 0x00, 0x00, 0x00, 0x00, 0x5C, 0xFF,
  0xFF, 0xFF, 0xFF, 0xF4, 0xD1, 0x83, 0x0C, 0x00, 0x00, 0x5C, 0xFF, 0xFF, 0xFF, 0xFF, 0xFF, 0xFF,
  0xFF, 0xCE, 0x07, 0x00, 0x00, 0x00, 0x00, 0x00, 0x07, 0x30, 0xD2, 0xFF, 0xFF, 0x60, 0x00, 0x00,
  0x00, 0x00, 0x00, 0x00, 0x00, 0x75, 0xFF, 0xFF, 0xA0, 0x00, 0x0B, 0x7E, 0xCB, 0xF0, 0xFD, 0xFF,
  0xFF, 0xFF, 0xFF, 0xB7, 0x00, 0xC2, 0xFF, 0xFF, 0xFF, 0xFF, 0xFF, 0xFF, 0xFF, 0xFF, 0xBC, 0x26,
  0xFF, 0xFF, 0xFF, 0x4E, 0x08, 0x00, 0x7F, 0xFF, 0xFF, 0xBC, 0x21, 0xFF, 0xFF, 0xFE, 0x3D, 0x07,
  0x41, 0xEA, 0xFF, 0xFF, 0xBC, 0x00, 0xC5, 0xFF, 0xFF, 0xFF, 0xFF, 0xFA, 0xA6, 0xFF, 0xFF, 0xBC,
  0x00, 0x15, 0x9B, 0xE5, 0xF6, 0xC7, 0x3F, 0x70, 0xFF, 0xFF, 0xBC, 0x00, 0x00, 0x00, 0x3A, 0xE8,
  0xD4, 0x56, 0x30, 0xFC, 0x27, 0x00, 0x00, 0x00, 0x00, 0xB8, 0xFF, 0xFF, 0xFF, 0xFF, 0xF5, 0x0A,
  0x00, 0x00, 0x00, 0x00, 0xDD, 0x70, 0x38, 0xB9, 0xF2, 0x75, 0x00, 0x00, 0x00, 0x00, 0x00, 0x00,
  0x00, 0x00, 0x00, 0x00, 0x00, 0x00, 0x00, 0x00, 0x5C, 0xFF, 0xFF, 0xFF, 0xFF, 0xF4, 0xD1, 0x83,
  0x0C, 0x00, 0x00, 0x5C, 0xFF, 0xFF, 0xFF, 0xFF, 0xFF, 0xFF, 0xFF, 0xCE, 0x07, 0x00, 0x00, 0x00,
  0x00, 0x00, 0x07, 0x30, 0xD2, 0xFF, 0xFF, 0x60, 0x00, 0x00, 0x00, 0x00, 0x00, 0x00, 0x00, 0x75,
  0xFF, 0xFF, 0xA0, 0x00, 0x0B, 0x7E, 0xCB, 0xF0, 0xFD, 0xFF, 0xFF, 0xFF, 0xFF, 0xB7, 0x00, 0xC2,
  0xFF, 0xFF, 0xFF, 0xFF, 0xFF, 0xFF, 0xFF, 0xFF, 0xBC, 0x26, 0xFF, 0xFF, 0xFF, 0x4E, 0x08, 0x00,
  0x7F, 0xFF, 0xFF, 0xBC, 0x21, 0xFF, 0xFF, 0xFE, 0x3D, 0x07, 0x41, 0xEA, 0xFF, 0xFF, 0xBC, 0x00,
  0xC5, 0xFF, 0xFF, 0xFF, 0xFF, 0xFA, 0xA6, 0xFF, 0xFF, 0xBC, 0x00, 0x15, 0x9B, 0xE5, 0xF6, 0xC7,
  0x3F, 0x70, 0xFF, 0xFF, 0xBC, 0x00, 0x00, 0x00, 0xA0, 0xFF, 0x70, 0x28, 0xFF, 0xE8, 0x00, 0x00,
  0x00, 0x00, 0x00, 0xA0, 0xFF, 0x70, 0x28, 0xFF, 0xE8, 0x00, 0x00, 0x00, 0x00, 0x00, 0x00, 0x00,
  0x00, 0x00, 0x00, 0x00, 0x00, 0x00, 0x00, 0x00, 0x00, 0x00, 0x00, 0x00, 0x00, 0x00, 0x00, 0x00,
  0x00, 0x00, 0x5C, 0xFF, 0xFF, 0xFF, 0xFF, 0xF4, 0xD1, 0x83, 0x0C, 0x00, 0x00, 0x5C, 0xFF, 0xFF,
  0xFF, 0xFF, 0xFF, 0xFF, 0xFF, 0xCE, 0x07, 0x00, 0x00, 0x00, 0x00, 0x00, 0x07, 0x30, 0xD2, 0xFF,
  0xFF, 0x60, 0x00, 0x00, 0x00, 0x00, 0x00, 0x00, 0x00, 0x75, 0xFF, 0xFF, 0xA0, 0x00, 0x0B, 0x7E,
  0xCB, 0xF0, 0xFD, 0xFF, 0xFF, 0xFF, 0xFF, 0xB7, 0x00, 0xC2, 0xFF, 0xFF, 0xFF, 0xFF, 0xFF, 0xFF,
  0xFF, 0xFF, 0xBC, 0x26, 0xFF, 0xFF, 0xFF, 0x4E, 0x08, 0x00, 0x7F, 0xFF, 0xFF, 0xBC, 0x21, 0xFF,
  0xFF, 0xFE, 0x3D, 0x07, 0x41, 0xEA, 0xFF, 0xFF, 0xBC, 0x00, 0xC5, 0xFF, 0xFF, 0xFF, 0xFF, 0xFA,
  0xA6, 0xFF, 0xFF, 0xBC, 0x00, 0x15, 0x9B, 0xE5, 0xF6, 0xC7, 0x3F, 0x70, 0xFF, 0xFF, 0xBC, 0x00,
  0x00, 0x00, 0x00, 0x52, 0xDE, 0xEC, 0x89, 0x01, 0x00, 0x00, 0x00, 0x00, 0x00, 0x1F, 0xF9, 0x5B,
  0x26, 0xF1, 0x60, 0x00, 0x00, 0x00, 0x00, 0x00, 0x50, 0xFF, 0x05, 0x00, 0xBE, 0x97, 0x00, 0x00,
  0x00, 0x00, 0x00, 0x1F, 0xF9, 0x5B, 0x26, 0xF0, 0x60, 0x00, 0x00, 0x00, 0x00, 0x00, 0x00, 0x52,
  0xDE, 0xED, 0x89, 0x01, 0x00, 0x00, 0x00, 0x00, 0x00, 0x00, 0x00, 0x00, 0x00, 0x00, 0x00, 0x00,
  0x00, 0x00, 0x5C, 0xFF, 0xFF, 0xFF, 0xFF, 0xF4, 0xD1, 0x83, 0x0C, 0x00, 0x00, 0x5C, 0xFF, 0xFF,
  0xFF, 0xFF, 0xFF, 0xFF, 0xFF, 0xCE, 0x07, 0x00, 0x00, 0x00, 0x00, 0x00, 0x07, 0x30, 0xD2, 0xFF,
  0xFF, 0x60, 0x00, 0x00, 0x00, 0x00, 0x00, 0x00, 0x00, 0x75, 0xFF, 0xFF, 0xA0, 0x00, 0x0B, 0x7E,
  0xCB, 0xF0, 0xFD, 0xFF, 0xFF, 0xFF, 0xFF, 0xB7, 0x00, 0xC2, 0xFF, 0xFF, 0xFF, 0xFF, 0xFF, 0xFF,
  0xFF, 0xFF, 0xBC, 0x26, 0xFF, 0xFF, 0xFF, 0x4E, 0x08, 0x00, 0x7F, 0xFF, 0xFF, 0xBC, 0x21, 0xFF,
  0xFF, 0xFE, 0x3D, 0x07, 0x41, 0xEA, 0xFF, 0xFF, 0xBC, 0x00, 0xC5, 0xFF, 0xFF, 0xFF, 0xFF, 0xFA,
  0xA6, 0xFF, 0xFF, 0xBC, 0x00, 0x15, 0x9B, 0xE5, 0xF6, 0xC7, 0x3F, 0x70, 0xFF, 0xFF, 0xBC, 0x00,
  0x5C, 0xFF, 0xFF, 0xFF, 0xFE, 0xF1, 0xCA, 0x77, 0x23, 0x8D, 0xD3, 0xF2, 0xF2, 0xC4, 0x5C, 0x00,
  0x00, 0x00, 0x5C, 0xFF, 0xFF, 0xFF, 0xFF, 0xFF, 0xFF, 0xFF, 0xFF, 0xFF, 0xFF, 0xFF, 0xFF, 0xFF,
  0xFF, 0x99, 0x00, 0x00, 0x00, 0x00, 0x00, 0x00, 0x07, 0x30, 0xD2, 0xFF, 0xFF, 0xFF, 0x85, 0x0F,
  0x26, 0xD2, 0xFF, 0xFF, 0x54, 0x00, 0x00, 0x00, 0x00, 0x00, 0x00, 0x00, 0x75, 0xFF, 0xFF, 0xD9,
  0x00, 0x00, 0x00, 0x56, 0xFF, 0xFF, 0xBC, 0x00, 0x0B, 0x7E, 0xCB, 0xF0, 0xFD, 0xFF, 0xFF, 0xFF,
  0xFF, 0xFF, 0xFF, 0xFF, 0xFF, 0xFF, 0xFF, 0xFF, 0xEE, 0x00, 0xC2, 0xFF, 0xFF, 0xFF, 0xFF, 0xFF,
  0xFF, 0xFF, 0xFF, 0xFF, 0xFF, 0xFF, 0xFF, 0xFF, 0xFF, 0xFF, 0xFE, 0x26, 0xFF, 0xFF, 0xFF, 0x4E,
  0x08, 0x00, 0x8C, 0xFF, 0xFF, 0xCA, 0x00, 0x00, 0x00, 0x00, 0x00, 0x00, 0x00, 0x21, 0xFF, 0xFF,
  0xFE, 0x3D, 0x08, 0x4C, 0xF3, 0xFF, 0xFF, 0xFF, 0x89, 0x1B, 0x08, 0x23, 0x4D, 0xA3, 0x7B, 0x00,
  0xC6, 0xFF, 0xFF, 0xFF, 0xFF, 0xFF, 0xE1, 0x43, 0xE3, 0xFF, 0xFF, 0xFF, 0xFF, 0xFF, 0xFF, 0xFF,
  0x88, 0x00, 0x15, 0x95, 0xE0, 0xF8, 0xE0, 0x8E, 0x11, 0x00, 0x10, 0x85, 0xD3, 0xF4, 0xF3, 0xD7,
  0xAC, 0x59, 0x0C, 0x00, 0x00, 0x05, 0x6B, 0xC2, 0xEE, 0xF7, 0xD3, 0x7B, 0x0D, 0x00, 0x0F, 0xC9,
  0xFF, 0xFF, 0xFF, 0xFF, 0xFF, 0xFF, 0x78, 0x00, 0x9E, 0xFF, 0xFF, 0xED, 0x57, 0x10, 0x20, 0x69,
  0x64, 0x0A, 0xF8, 0xFF, 0xFF, 0x62, 0x00, 0x00, 0x00, 0x00, 0x00, 0x2D, 0xFF, 0xFF, 0xFF, 0x1E,
  0x00, 0x00, 0x00, 0x00, 0x00, 0x2E, 0xFF, 0xFF, 0xFF, 0x1E, 0x00, 0x00, 0x00, 0x00, 0x00, 0x0A,
  0xF8, 0xFF, 0xFF, 0x61, 0x00, 0x00, 0x00, 0x00, 0x00, 0x00, 0x9F, 0xFF, 0xFF, 0xEB, 0x54, 0x0F,
  0x1E, 0x6C, 0x67, 0x00, 0x10, 0xCC, 0xFF, 0xFF, 0xFF, 0xFF, 0xFF, 0xFF, 0x78, 0x00, 0x00, 0x06,
  0x6D, 0xC4, 0xEF, 0xF8, 0xD3, 0x7D, 0x0E, 0x00, 0x00, 0x00, 0x00, 0x00, 0x19, 0xF6, 0x45, 0x00,
  0x00, 0x00, 0x00, 0x00, 0x00, 0x00, 0x00, 0xA6, 0xBD, 0x00, 0x00, 0x00, 0x00, 0x00, 0x00, 0x00,
  0x08, 0xB9, 0xD7, 0x00, 0x00, 0x00, 0x00, 0x00, 0x12, 0xFF, 0xFE, 0xE3, 0x55, 0x00, 0x00, 0x00,
  0x00, 0x08, 0xB1, 0xFF, 0xA0, 0x00, 0x00, 0x00, 0x00, 0x00, 0x00, 0x00, 0x00, 0x00, 0x04, 0xA0,
  0xFF, 0x75, 0x00, 0x00, 0x00, 0x00, 0x00, 0x00, 0x00, 0x00, 0x00, 0x01, 0x8D, 0xFD, 0x4C, 0x00,
  0x00, 0x00, 0x00, 0x00, 0x00, 0x00, 0x00, 0x00, 0x00, 0x00, 0x00, 0x00, 0x00, 0x00, 0x00, 0x00,
  0x00, 0x08, 0x74, 0xCA, 0xF2, 0xF9, 0xDB, 0x8D, 0x14, 0x00, 0x00, 0x00, 0x11, 0xCE, 0xFF, 0xFF,
  0xFF, 0xFF, 0xFF, 0xFF, 0xE2, 0x1F, 0x00, 0x00, 0xA1, 0xFF, 0xFF, 0xC1, 0x24, 0x0F, 0x8F, 0xFF,
  0xFF, 0xBD, 0x00, 0x0B, 0xF9, 0xFF, 0xFF, 0x29, 0x00, 0x00, 0x04, 0xF6, 0xFF, 0xFF, 0x20, 0x2E,
  0xFF, 0xFF, 0xFF, 0xFF, 0xFF, 0xFF, 0xFF, 0xFF, 0xFF, 0xFF, 0x4B, 0x2E, 0xFF, 0xFF, 0xFF, 0xFF,
  0xFF, 0xFF, 0xFF, 0xFF, 0xFF, 0xFF, 0x57, 0x0B, 0xF9, 0xFF, 0xFF, 0x22, 0x00, 0x00, 0x00, 0x00,
  0x00, 0x00, 0x00, 0x00, 0xA4, 0xFF, 0xFF, 0xC5, 0x32, 0x08, 0x18, 0x3A, 0x84, 0xBD, 0x00, 0x00,
  0x13, 0xD1, 0xFF, 0xFF, 0xFF, 0xFF, 0xFF, 0xFF, 0xFF, 0xE0, 0x00, 0x00, 0x00, 0x08, 0x72, 0xC6,
  0xF0, 0xF9, 0xE1, 0xC0, 0x77, 0x21, 0x00, 0x00, 0x00, 0x00, 0x00, 0x00, 0x00, 0x08, 0xC9, 0xFF,
  0x89, 0x00, 0x00, 0x00, 0x00, 0x00, 0x00, 0x00, 0x00, 0xA5, 0xFF, 0x75, 0x00, 0x00, 0x00, 0x00,
  0x00, 0x00, 0x00, 0x00, 0x7A, 0xFC, 0x62, 0x00, 0x00, 0x00, 0x00, 0x00, 0x00, 0x00, 0x00, 0x00,
  0x00, 0x00, 0x00, 0x00, 0x00, 0x00, 0x00, 0x00, 0x00, 0x08, 0x74, 0xCA, 0xF2, 0xF9, 0xDB, 0x8D,
  0x14, 0x00, 0x00, 0x00, 0x11, 0xCE, 0xFF, 0xFF, 0xFF, 0xFF, 0xFF, 0xFF, 0xE2, 0x1F, 0x00, 0x00,
  0xA1, 0xFF, 0xFF, 0xC1, 0x24, 0x0F, 0x8F, 0xFF, 0xFF, 0xBD, 0x00, 0x0B, 0xF9, 0xFF, 0xFF, 0x29,
  0x00, 0x00, 0x04, 0xF6, 0xFF, 0xFF, 0x20, 0x2E, 0xFF, 0xFF, 0xFF, 0xFF, 0xFF, 0xFF, 0xFF, 0xFF,
  0xFF, 0xFF, 0x4B, 0x2E, 0xFF, 0xFF, 0xFF, 0xFF, 0xFF, 0xFF, 0xFF, 0xFF, 0xFF, 0xFF, 0x57, 0x0B,
  0xF9, 0xFF, 0xFF, 0x22, 0x00, 0x00, 0x00, 0x00, 0x00, 0x00, 0x00, 0x00, 0xA4, 0xFF, 0xFF, 0xC5,
  0x32, 0x08, 0x18, 0x3A, 0x84, 0xBD, 0x00, 0x00, 0x13, 0xD1, 0xFF, 0xFF, 0xFF, 0xFF, 0xFF, 0xFF,
  0xFF, 0xE0, 0x00, 0x00, 0x00, 0x08, 0x72, 0xC6, 0xF0, 0xF9, 0xE1, 0xC0, 0x77, 0x21, 0x00, 0x00,
  0x00, 0x00, 0x00, 0x1C, 0xEB, 0xFF, 0xCF, 0x07, 0x00, 0x00, 0x00, 0x00, 0x00, 0x00, 0x04, 0xC4,
  0xEE, 0x78, 0xFB, 0x97, 0x00, 0x00, 0x00, 0x00, 0x00, 0x00, 0x88, 0xF0, 0x34, 0x00, 0x58, 0xFC,
  0x58, 0x00, 0x00, 0x00, 0x00, 0x00, 0x00, 0x00, 0x00, 0x00, 0x00, 0x00, 0x00, 0x00, 0x00, 0x00,
  0x00, 0x08, 0x74, 0xCA, 0xF2, 0xF9, 0xDB, 0x8D, 0x14, 0x00, 0x00, 0x00, 0x11, 0xCE, 0xFF, 0xFF,
  0xFF, 0xFF, 0xFF, 0xFF, 0xE2, 0x1F, 0x00, 0x00, 0xA1, 0xFF, 0xFF, 0xC1, 0x24, 0x0F, 0x8F, 0xFF,
  0xFF, 0xBD, 0x00, 0x0B, 0xF9, 0xFF, 0xFF, 0x29, 0x00, 0x00, 0x04, 0xF6, 0xFF, 0xFF, 0x20, 0x2E,
  0xFF, 0xFF, 0xFF, 0xFF, 0xFF, 0xFF, 0xFF, 0xFF, 0xFF, 0xFF, 0x4B, 0x2E, 0xFF, 0xFF, 0xFF, 0xFF,
  0xFF, 0xFF, 0xFF, 0xFF, 0xFF, 0xFF, 0x57, 0x0B, 0xF9, 0xFF, 0xFF, 0x22, 0x00, 0x00, 0x00, 0x00,
  0x00, 0x00, 0x00, 0x00, 0xA4, 0xFF, 0xFF, 0xC5, 0x32, 0x08, 0x18, 0x3A, 0x84, 0xBD, 0x00, 0x00,
  0x13, 0xD1, 0xFF, 0xFF, 0xFF, 0xFF, 0xFF, 0xFF, 0xFF, 0xE0, 0x00, 0x00, 0x00, 0x08, 0x72, 0xC6,
  0xF0, 0xF9, 0xE1, 0xC0, 0x77, 0x21, 0x00, 0x00, 0x00, 0x00, 0x5C, 0xFF, 0xB4, 0x00, 0xE4, 0xFF,
  0x2C, 0x00, 0x00, 0x00, 0x00, 0x00, 0x5C, 0xFF, 0xB4, 0x00, 0xE4, 0xFF, 0x2C, 0x00, 0x00, 0x00,
  0x00, 0x00, 0x00, 0x00, 0x00, 0x00, 0x00, 0x00, 0x00, 0x00, 0x00, 0x00, 0x00, 0x00, 0x00, 0x00,
  0x00, 0x00, 0x00, 0x00, 0x00, 0x00, 0x00, 0x00, 0x00, 0x08, 0x74, 0xCA, 0xF2, 0xF9, 0xDB, 0x8D,
  0x14, 0x00, 0x00, 0x00, 0x11, 0xCE, 0xFF, 0xFF, 0xFF, 0xFF, 0xFF, 0xFF, 0xE2, 0x1F, 0x00, 0x00,
  0xA1, 0xFF, 0xFF, 0xC1, 0x24, 0x0F, 0x8F, 0xFF, 0xFF, 0xBD, 0x00, 0x0B, 0xF9, 0xFF, 0xFF, 0x29,
  0x00, 0x00, 0x04, 0xF6, 0xFF, 0xFF, 0x20, 0x2E, 0xFF, 0xFF, 0xFF, 0xFF, 0xFF, 0xFF, 0xFF, 0xFF,
  0xFF, 0xFF, 0x4B, 0x2E, 0xFF, 0xFF, 0xFF, 0xFF, 0xFF, 0xFF, 0xFF, 0xFF, 0xFF, 0xFF, 0x57, 0x0B,
  0xF9, 0xFF, 0xFF, 0x22, 0x00, 0x00, 0x00, 0x00, 0x00, 0x00, 0x00, 0x00, 0xA4, 0xFF, 0xFF, 0xC5,
  0x32, 0x08, 0x18, 0x3A, 0x84, 0xBD, 0x00, 0x00, 0x13, 0xD1, 0xFF, 0xFF, 0xFF, 0xFF, 0xFF, 0xFF,
  0xFF, 0xE0, 0x00, 0x00, 0x00, 0x08, 0x72, 0xC6, 0xF0, 0xF9, 0xE1, 0xC0, 0x77, 0x21, 0x00, 0x10,
  0xC4, 0xFF, 0x85, 0x00, 0x00, 0x00, 0x0A, 0xB6, 0xFF, 0x59, 0x00, 0x00, 0x00, 0x05, 0xA5, 0xF7,
  0x36, 0x00, 0x00, 0x00, 0x00, 0x00, 0x00, 0x00, 0x00, 0x7C, 0xFF, 0xFF, 0xA8, 0x00, 0x00, 0x7C,
  0xFF, 0xFF, 0xA8, 0x00, 0x00, 0x7C, 0xFF, 0xFF, 0xA8, 0x00, 0x00, 0x7C, 0xFF, 0xFF, 0xA8, 0x00,
  0x00, 0x7C, 0xFF, 0xFF, 0xA8, 0x00, 0x00, 0x7C, 0xFF, 0xFF, 0xA8, 0x00, 0x00, 0x7C, 0xFF, 0xFF,
  0xA8, 0x00, 0x00, 0x7C, 0xFF, 0xFF, 0xA8, 0x00, 0x00, 0x7C, 0xFF, 0xFF, 0xA8, 0x00, 0x00, 0x7C,
  0xFF, 0xFF, 0xA8, 0x00, 0x00, 0x12, 0xDB, 0xFE, 0x6E, 0x00, 0x04, 0xBD, 0xFB, 0x5C, 0x00, 0x00,
  0x96, 0xF6, 0x4C, 0x00, 0x00, 0x00, 0x00, 0x00, 0x00, 0x00, 0x00, 0x7C, 0xFF, 0xFF, 0xA8, 0x00,
  0x00, 0x7C, 0xFF, 0xFF, 0xA8, 0x00, 0x00, 0x7C, 0xFF, 0xFF, 0xA8, 0x00, 0x00, 0x7C, 0xFF, 0xFF,
  0xA8, 0x00, 0x00, 0x7C, 0xFF, 0xFF, 0xA8, 0x00, 0x00, 0x7C, 0xFF, 0xFF, 0xA8, 0x00, 0x00, 0x7C,
  0xFF, 0xFF, 0xA8, 0x00, 0x00, 0x7C, 0xFF, 0xFF, 0xA8, 0x00, 0x00, 0x7C, 0xFF, 0xFF, 0xA8, 0x00,
  0x00, 0x7C, 0xFF, 0xFF, 0xA8, 0x00, 0x00, 0x00, 0x00, 0x5C, 0xFF, 0xFF, 0x83, 0x00, 0x00, 0x00,
  0x28, 0xF4, 0xC0, 0xA1, 0xFD, 0x45, 0x00, 0x09, 0xD2, 0xC4, 0x0C, 0x02, 0xA6, 0xE9, 0x19, 0x00,
  0x00, 0x00, 0x00, 0x00, 0x00, 0x00, 0x00, 0x00, 0x00, 0x7C, 0xFF, 0xFF, 0xA8, 0x00, 0x00, 0x00,
  0x00, 0x7C, 0xFF, 0xFF, 0xA8, 0x00, 0x00, 0x00, 0x00, 0x7C, 0xFF, 0xFF, 0xA8, 0x00, 0x00, 0x00,
  0x00, 0x7C, 0xFF, 0xFF, 0xA8, 0x00, 0x00, 0x00, 0x00, 0x7C, 0xFF, 0xFF, 0xA8, 0x00, 0x00, 0x00,
  0x00, 0x7C, 0xFF, 0xFF, 0xA8, 0x00, 0x00, 0x00, 0x00, 0x7C, 0xFF, 0xFF, 0xA8, 0x00, 0x00, 0x00,
  0x00, 0x7C, 0xFF, 0xFF, 0xA8, 0x00, 0x00, 0x00, 0x00, 0x7C, 0xFF, 0xFF, 0xA8, 0x00, 0x00, 0x00,
  0x00, 0x7C, 0xFF, 0xFF, 0xA8, 0x00, 0x00, 0xB0, 0xFF, 0x60, 0x38, 0xFF, 0xD8, 0xB0, 0xFF, 0x60,
  0x38, 0xFF, 0xD8, 0x00, 0x00, 0x00, 0x00, 0x00, 0x00, 0x00, 0x00, 0x00, 0x00, 0x00, 0x00, 0x00,
  0x7C, 0xFF, 0xFF, 0xA8, 0x00, 0x00, 0x7C, 0xFF, 0xFF, 0xA8, 0x00, 0x00, 0x7C, 0xFF, 0xFF, 0xA8,
  0x00, 0x00, 0x7C, 0xFF, 0xFF, 0xA8, 0x00, 0x00, 0x7C, 0xFF, 0xFF, 0xA8, 0x00, 0x00, 0x7C, 0xFF,
  0xFF, 0xA8, 0x00, 0x00, 0x7C, 0xFF, 0xFF, 0xA8, 0x00, 0x00, 0x7C, 0xFF, 0xFF, 0xA8, 0x00, 0x00,
  0x7C, 0xFF, 0xFF, 0xA8, 0x00, 0x00, 0x7C, 0xFF, 0xFF, 0xA8, 0x00, 0x00, 0x00, 0x01, 0xAA, 0xFF,
  0xFF, 0x6E, 0x0D, 0x5D, 0xB5, 0x62, 0x00, 0x00, 0x00, 0x00, 0x0A, 0xCE, 0xFF, 0xFC, 0xF7, 0xF8,
  0xB1, 0x3C, 0x00, 0x00, 0x01, 0x3D, 0x98, 0xEE, 0xFF, 0xFF, 0xF9, 0x2A, 0x00, 0x00, 0x00, 0x00,
  0x07, 0xF6, 0xCB, 0x6E, 0x4C, 0xF9, 0xFF, 0xC7, 0x06, 0x00, 0x00, 0x00, 0x00, 0x1B, 0x00, 0x00,
  0x00, 0x6A, 0xFF, 0xFF, 0x99, 0x00, 0x00, 0x00, 0x00, 0x2E, 0xA4, 0xE3, 0xFA, 0xED, 0xFD, 0xFF,
  0xFF, 0x60, 0x00, 0x00, 0x48, 0xF9, 0xFF, 0xFF, 0xFF, 0xFF, 0xFF, 0xFF, 0xFF, 0xEB, 0x0D, 0x02,
  0xE2, 0xFF, 0xFF, 0xBB, 0x21, 0x0C, 0x43, 0xED, 0xFF, 0xFF, 0x5A, 0x28, 0xFF, 0xFF, 0xFF, 0x2B,
  0x00, 0x00, 0x00, 0xBD, 0xFF, 0xFF, 0x89, 0x30, 0xFF, 0xFF, 0xFF, 0x15, 0x00, 0x00, 0x00, 0xBB,
  0xFF, 0xFF, 0x8E, 0x0E, 0xFB, 0xFF, 0xFF, 0x44, 0x00, 0x00, 0x04, 0xE6, 0xFF, 0xFF, 0x68, 0x00,
  0xAC, 0xFF, 0xFF, 0xD1, 0x2A, 0x11, 0x8D, 0xFF, 0xFF, 0xF4, 0x16, 0x00, 0x18, 0xD9, 0xFF, 0xFF,
  0xFF, 0xFF, 0xFF, 0xFF, 0xFA, 0x55, 0x00, 0x00, 0x00, 0x0D, 0x7C, 0xCE, 0xF5, 0xFA, 0xE2, 0xA3,
  0x2F, 0x00, 0x00, 0x00, 0x00, 0x01, 0xA9, 0xF1, 0x9A, 0x1C, 0xAD, 0xA1, 0x00, 0x00, 0x00, 0x00,
  0x3C, 0xFF, 0xFF, 0xFF, 0xFF, 0xFF, 0x7B, 0x00, 0x00, 0x00, 0x00, 0x63, 0xDF, 0x1B, 0x79, 0xE8,
  0xD1, 0x16, 0x00, 0x00, 0x00, 0x00, 0x00, 0x00, 0x00, 0x00, 0x00, 0x00, 0x00, 0x00, 0x00, 0x7C,
  0xFF, 0xFF, 0xA8, 0x16, 0xA6, 0xF1, 0xE8, 0xA9, 0x1A, 0x00, 0x7C, 0xFF, 0xFF, 0xBA, 0xDB, 0xFF,
  0xFF, 0xFF, 0xFF, 0xCE, 0x02, 0x7C, 0xFF, 0xFF, 0xFF, 0x90, 0x13, 0x48, 0xFA, 0xFF, 0xFF, 0x39,
  0x7C, 0xFF, 0xFF, 0xE5, 0x04, 0x00, 0x00, 0xD0, 0xFF, 0xFF, 0x5D, 0x7C, 0xFF, 0xFF, 0xB5, 0x00,
  0x00, 0x00, 0xC2, 0xFF, 0xFF, 0x68, 0x7C, 0xFF, 0xFF, 0xA8, 0x00, 0x00, 0x00, 0xC0, 0xFF, 0xFF,
  0x68, 0x7C, 0xFF, 0xFF, 0xA8, 0x00, 0x00, 0x00, 0xC0, 0xFF, 0xFF, 0x68, 0x7C, 0xFF, 0xFF, 0xA8,
  0x00, 0x00, 0x00, 0xC0, 0xFF, 0xFF, 0x68, 0x7C, 0xFF, 0xFF, 0xA8, 0x00, 0x00, 0x00, 0xC0, 0xFF,
  0xFF, 0x68, 0x7C, 0xFF, 0xFF, 0xA8, 0x00, 0x00, 0x00, 0xC0, 0xFF, 0xFF, 0x68, 0x00, 0x00, 0x09,
  0xB4, 0xFF, 0x9D, 0x00, 0x00, 0x00, 0x00, 0x00, 0x00, 0x00, 0x00, 0x00, 0x04, 0xA3, 0xFF, 0x71,
  0x00, 0x00, 0x00, 0x00, 0x00, 0x00, 0x00, 0x00, 0x00, 0x01, 0x91, 0xFC, 0x48, 0x00, 0x00, 0x00,
  0x00, 0x00, 0x00, 0x00, 0x00, 0x00, 0x00, 0x00, 0x00, 0x00, 0x00, 0x00, 0x00, 0x00, 0x00, 0x0A,
  0x78, 0xCC, 0xF3, 0xF9, 0xE0, 0x9F, 0x2A, 0x00, 0x00, 0x00, 0x13, 0xD3, 0xFF, 0xFF, 0xFF, 0xFF,
  0xFF, 0xFF, 0xF8, 0x4E, 0x00, 0x00, 0xA4, 0xFF, 0xFF, 0xD4, 0x2B, 0x13, 0x91, 0xFF, 0xFF, 0xF1,
  0x12, 0x0B, 0xF9, 0xFF, 0xFF, 0x4A, 0x00, 0x00, 0x05, 0xE9, 0xFF, 0xFF, 0x64, 0x2E, 0xFF, 0xFF,
  0xFF, 0x19, 0x00, 0x00, 0x00, 0xBE, 0xFF, 0xFF, 0x8D, 0x2E, 0xFF, 0xFF, 0xFF, 0x19, 0x00, 0x00,
  0x00, 0xBE, 0xFF, 0xFF, 0x8D, 0x0B, 0xF9, 0xFF, 0xFF, 0x4A, 0x00, 0x00, 0x05, 0xE8, 0xFF, 0xFF,
  0x65, 0x00, 0xA4, 0xFF, 0xFF, 0xD2, 0x2A, 0x12, 0x8F, 0xFF, 0xFF, 0xF1, 0x13, 0x00, 0x13, 0xD4,
  0xFF, 0xFF, 0xFF, 0xFF, 0xFF, 0xFF, 0xF8, 0x4E, 0x00, 0x00, 0x00, 0x0B, 0x79, 0xCD, 0xF4, 0xFA,
  0xE1, 0xA0, 0x2B, 0x00, 0x00, 0x00, 0x00, 0x00, 0x00, 0x00, 0x00, 0x09, 0xCC, 0xFF, 0x85, 0x00,
  0x00, 0x00, 0x00, 0x00, 0x00, 0x00, 0x00, 0xA9, 0xFE, 0x71, 0x00, 0x00, 0x00, 0x00, 0x00, 0x00,
  0x00, 0x00, 0x7E, 0xFB, 0x5E, 0x00, 0x00, 0x00, 0x00, 0x00, 0x00, 0x00, 0x00, 0x00, 0x00, 0x00,
  0x00, 0x00, 0x00, 0x00, 0x00, 0x00, 0x00, 0x0A, 0x78, 0xCC, 0xF3, 0xF9, 0xE0, 0x9F, 0x2A, 0x00,
  0x00, 0x00, 0x13, 0xD3, 0xFF, 0xFF, 0xFF, 0xFF, 0xFF, 0xFF, 0xF8, 0x4E, 0x00, 0x00, 0xA4, 0xFF,
  0xFF, 0xD4, 0x2B, 0x13, 0x91, 0xFF, 0xFF, 0xF1, 0x12, 0x0B, 0xF9, 0xFF, 0xFF, 0x4A, 0x00, 0x00,
  0x05, 0xE9, 0xFF, 0xFF, 0x64, 0x2E, 0xFF, 0xFF, 0xFF, 0x19, 0x00, 0x00, 0x00, 0xBE, 0xFF, 0xFF,
  0x8D, 0x2E, 0xFF, 0xFF, 0xFF, 0x19, 0x00, 0x00, 0x00, 0xBE, 0xFF, 0xFF, 0x8D, 0x0B, 0xF9, 0xFF,
  0xFF, 0x4A, 0x00, 0x00, 0x05, 0xE8, 0xFF, 0xFF, 0x65, 0x00, 0xA4, 0xFF, 0xFF, 0xD2, 0x2A, 0x12,
  0x8F, 0xFF, 0xFF, 0xF1, 0x13, 0x00, 0x13, 0xD4, 0xFF, 0xFF, 0xFF, 0xFF, 0xFF, 0xFF, 0xF8, 0x4E,
  0x00, 0x00, 0x00, 0x0B, 0x79, 0xCD, 0xF4, 0xFA, 0xE1, 0xA0, 0x2B, 0x00, 0x00, 0x00, 0x00, 0x00,
  0x00, 0x46, 0xFD, 0xFF, 0x9B, 0x00, 0x00, 0x00, 0x00, 0x00, 0x00, 0x00, 0x1A, 0xEA, 0xD0, 0x92,
  0xFF, 0x5B, 0x00, 0x00, 0x00, 0x00, 0x00, 0x03, 0xC0, 0xD4, 0x14, 0x00, 0x90, 0xF3, 0x27, 0x00,
  0x00, 0x00, 0x00, 0x00, 0x00, 0x00, 0x00, 0x00, 0x00, 0x00, 0x00, 0x00, 0x00, 0x00, 0x00, 0x0A,
  0x78, 0xCC, 0xF3, 0xF9, 0xE0, 0x9F, 0x2A, 0x00, 0x00, 0x00, 0x13, 0xD3, 0xFF, 0xFF, 0xFF, 0xFF,
  0xFF, 0xFF, 0xF8, 0x4E, 0x00, 0x00, 0xA4, 0xFF, 0xFF, 0xD4, 0x2B, 0x13, 0x91, 0xFF, 0xFF, 0xF1,
  0x12, 0x0B, 0xF9, 0xFF, 0xFF, 0x4A, 0x00, 0x00, 0x05, 0xE9, 0xFF, 0xFF, 0x64, 0x2E, 0xFF, 0xFF,
  0xFF, 0x19, 0x00, 0x00, 0x00, 0xBE, 0xFF, 0xFF, 0x8D, 0x2E, 0xFF, 0xFF, 0xFF, 0x19, 0x00, 0x00,
  0x00, 0xBE, 0xFF, 0xFF, 0x8D, 0x0B, 0xF9, 0xFF, 0xFF, 0x4A, 0x00, 0x00, 0x05, 0xE8, 0xFF, 0xFF,
  0x65, 0x00, 0xA4, 0xFF, 0xFF, 0xD2, 0x2A, 0x12, 0x8F, 0xFF, 0xFF, 0xF1, 0x13, 0x00, 0x13, 0xD4,
  0xFF, 0xFF, 0xFF, 0xFF, 0xFF, 0xFF, 0xF8, 0x4E, 0x00, 0x00, 0x00, 0x0B, 0x79, 0xCD, 0xF4, 0xFA,
  0xE1, 0xA0, 0x2B, 0x00, 0x00, 0x00, 0x00, 0x00, 0x35, 0xE6, 0xD7, 0x5A, 0x29, 0xFB, 0x2F, 0x00,
  0x00, 0x00, 0x00, 0x00, 0xB0, 0xFF, 0xFF, 0xFF, 0xFF, 0xF9, 0x0E, 0x00, 0x00, 0x00, 0x00, 0x00,
  0xD5, 0x78, 0x35, 0xB6, 0xF3, 0x7C, 0x00, 0x00, 0x00, 0x00, 0x00, 0x00, 0x00, 0x00, 0x00, 0x00,
  0x00, 0x00, 0x00, 0x00, 0x00, 0x00, 0x00, 0x0A, 0x78, 0xCC, 0xF3, 0xF9, 0xE0, 0x9F, 0x2A, 0x00,
  0x00, 0x00, 0x13, 0xD3, 0xFF, 0xFF, 0xFF, 0xFF, 0xFF, 0xFF, 0xF8, 0x4E, 0x00, 0x00, 0xA4, 0xFF,
  0xFF, 0xD4, 0x2B, 0x13, 0x91, 0xFF, 0xFF, 0xF1, 0x12, 0x0B, 0xF9, 0xFF, 0xFF, 0x4A, 0x00, 0x00,
  0x05, 0xE9, 0xFF, 0xFF, 0x64, 0x2E, 0xFF, 0xFF, 0xFF, 0x19, 0x00, 0x00, 0x00, 0xBE, 0xFF, 0xFF,
  0x8D, 0x2E, 0xFF, 0xFF, 0xFF, 0x19, 0x00, 0x00, 0x00, 0xBE, 0xFF, 0xFF, 0x8D, 0x0B, 0xF9, 0xFF,
  0xFF, 0x4A, 0x00, 0x00, 0x05, 0xE8, 0xFF, 0xFF, 0x65, 0x00, 0xA4, 0xFF, 0xFF, 0xD2, 0x2A, 0x12,
  0x8F, 0xFF, 0xFF, 0xF1, 0x13, 0x00, 0x13, 0xD4, 0xFF, 0xFF, 0xFF, 0xFF, 0xFF, 0xFF, 0xF8, 0x4E,
  0x00, 0x00, 0x00, 0x0B, 0x79, 0xCD, 0xF4, 0xFA, 0xE1, 0xA0, 0x2B, 0x00, 0x00, 0x00, 0x00, 0x00,
  0x98, 0xFF, 0x78, 0x20, 0xFF, 0xF0, 0x00, 0x00, 0x00, 0x00, 0x00, 0x00, 0x98, 0xFF, 0x78, 0x20,
  0xFF, 0xF0, 0x00, 0x00, 0x00, 0x00, 0x00, 0x00, 0x00, 0x00, 0x00, 0x00, 0x00, 0x00, 0x00, 0x00,
  0x00, 0x00, 0x00, 0x00, 0x00, 0x00, 0x00, 0x00, 0x00, 0x00, 0x00, 0x00, 0x00, 0x00, 0x00, 0x0A,
  0x78, 0xCC, 0xF3, 0xF9, 0xE0, 0x9F, 0x2A, 0x00, 0x00, 0x00, 0x13, 0xD3, 0xFF, 0xFF, 0xFF, 0xFF,
  0xFF, 0xFF, 0xF8, 0x4E, 0x00, 0x00, 0xA4, 0xFF, 0xFF, 0xD4, 0x2B, 0x13, 0x91, 0xFF, 0xFF, 0xF1,
  0x12, 0x0B, 0xF9, 0xFF, 0xFF, 0x4A, 0x00, 0x00, 0x05, 0xE9, 0xFF, 0xFF, 0x64, 0x2E, 0xFF, 0xFF,
  0xFF, 0x19, 0x00, 0x00, 0x00, 0xBE, 0xFF, 0xFF, 0x8D, 0x2E, 0xFF, 0xFF, 0xFF, 0x19, 0x00, 0x00,
  0x00, 0xBE, 0xFF, 0xFF, 0x8D, 0x0B, 0xF9, 0xFF, 0xFF, 0x4A, 0x00, 0x00, 0x05, 0xE8, 0xFF, 0xFF,
  0x65, 0x00, 0xA4, 0xFF, 0xFF, 0xD2, 0x2A, 0x12, 0x8F, 0xFF, 0xFF, 0xF1, 0x13, 0x00, 0x13, 0xD4,
  0xFF, 0xFF, 0xFF, 0xFF, 0xFF, 0xFF, 0xF8, 0x4E, 0x00, 0x00, 0x00, 0x0B, 0x79, 0xCD, 0xF4, 0xFA,
  0xE1, 0xA0, 0x2B, 0x00, 0x00, 0x00, 0x00, 0x00, 0x00, 0x00, 0xCC, 0xFF, 0xE4, 0x00, 0x00, 0x00,
  0x00, 0x00, 0x00, 0x00, 0x00, 0x00, 0x00, 0xCC, 0xFF, 0xE4, 0x00, 0x00, 0x00, 0x00, 0x00, 0x00,
  0x00, 0x00, 0x00, 0x00, 0xCC, 0xFF, 0xE4, 0x00, 0x00, 0x00, 0x00, 0x00, 0x00, 0x00, 0x00, 0x00,
  0x00, 0x00, 0x00, 0x00, 0x00, 0x00, 0x00, 0x00, 0x00, 0x18, 0xFF, 0xFF, 0xFF, 0xFF, 0xFF, 0xFF,
  0xFF, 0xFF, 0xFF, 0xFF, 0xFF, 0x2C, 0x18, 0xFF, 0xFF, 0xFF, 0xFF, 0xFF, 0xFF, 0xFF, 0xFF, 0xFF,
  0xFF, 0xFF, 0x2C, 0x00, 0x00, 0x00, 0x00, 0x00, 0x00, 0x00, 0x00, 0x00, 0x00, 0x00, 0x00, 0x00,
  0x00, 0x00, 0x00, 0x00, 0x00, 0xCC, 0xFF, 0xE4, 0x00, 0x00, 0x00, 0x00, 0x00, 0x00, 0x00, 0x00,
  0x00, 0x00, 0xCC, 0xFF, 0xE4, 0x00, 0x00, 0x00, 0x00, 0x00, 0x00, 0x00, 0x00, 0x00, 0x00, 0xCC,
  0xFF, 0xE4, 0x00, 0x00, 0x00, 0x00, 0x00, 0x00, 0x00, 0x00, 0x00, 0x00, 0x00, 0x00, 0x00, 0x00,
  0x00, 0x57, 0x0C, 0x00, 0x00, 0x09, 0x76, 0xCB, 0xF3, 0xF7, 0xDE, 0x9D, 0x89, 0xFB, 0x4A, 0x00,
  0x0F, 0xCE, 0xFF, 0xFF, 0xFF, 0xFF, 0xFF, 0xFF, 0xFF, 0x96, 0x00, 0x00, 0x9C, 0xFF, 0xFF, 0xD4,
  0x2C, 0x0F, 0xC2, 0xFF, 0xFF, 0xF8, 0x18, 0x08, 0xF7, 0xFF, 0xFF, 0x4A, 0x00, 0x61, 0xFE, 0xF7,
  0xFF, 0xFF, 0x6A, 0x2C, 0xFF, 0xFF, 0xFF, 0x19, 0x4C, 0xFB, 0x80, 0xB7, 0xFF, 0xFF, 0x8F, 0x30,
  0xFF, 0xFF, 0xFF, 0x4D, 0xF6, 0x97, 0x00, 0xBE, 0xFF, 0xFF, 0x8C, 0x10, 0xFD, 0xFF, 0xFF, 0xFA,
  0xAB, 0x02, 0x05, 0xE8, 0xFF, 0xFF, 0x61, 0x00, 0xB9, 0xFF, 0xFF, 0xF7, 0x2F, 0x11, 0x8F, 0xFF,
  0xFF, 0xEF, 0x10, 0x00, 0x3F, 0xFF, 0xFF, 0xFF, 0xFF, 0xFF, 0xFF, 0xFF, 0xF7, 0x4B, 0x00, 0x0D,
  0xCD, 0xD1, 0x9E, 0xDC, 0xF4, 0xFA, 0xE1, 0x9F, 0x2A, 0x00, 0x00, 0x07, 0x66, 0x0D, 0x00, 0x00,
  0x00, 0x00, 0x00, 0x00, 0x00, 0x00, 0x00, 0x00, 0x00, 0x82, 0xFF, 0xCE, 0x0A, 0x00, 0x00, 0x00,
  0x00, 0x00, 0x00, 0x00, 0x00, 0x6D, 0xFE, 0xAB, 0x01, 0x00, 0x00, 0x00, 0x00, 0x00, 0x00, 0x00,
  0x00, 0x5C, 0xFB, 0x81, 0x00, 0x00, 0x00, 0x00, 0x00, 0x00, 0x00, 0x00, 0x00, 0x00, 0x00, 0x00,
  0x00, 0x00, 0x00, 0x98, 0xFF, 0xFF, 0x94, 0x00, 0x00, 0x00, 0xD8, 0xFF, 0xFF, 0x4C, 0x98, 0xFF,
  0xFF, 0x93, 0x00, 0x00, 0x00, 0xD8, 0xFF, 0xFF, 0x4C, 0x98, 0xFF, 0xFF, 0x91, 0x00, 0x00, 0x00,
  0xD8, 0xFF, 0xFF, 0x4C, 0x98, 0xFF, 0xFF, 0x8E, 0x00, 0x00, 0x00, 0xD8, 0xFF, 0xFF, 0x4C, 0x98,
  0xFF, 0xFF, 0x8C, 0x00, 0x00, 0x00, 0xD8, 0xFF, 0xFF, 0x4C, 0x98, 0xFF, 0xFF, 0x8E, 0x00, 0x00,
  0x00, 0xE6, 0xFF, 0xFF, 0x4C, 0x8E, 0xFF, 0xFF, 0x9D, 0x00, 0x00, 0x1B, 0xFD, 0xFF, 0xFF, 0x4C,
  0x6A, 0xFF, 0xFF, 0xE6, 0x2B, 0x1A, 0xB4, 0xFF, 0xFF, 0xFF, 0x4C, 0x13, 0xEF, 0xFF, 0xFF, 0xFF,
  0xFF, 0xBA, 0xDB, 0xFF, 0xFF, 0x4C, 0x00, 0x32, 0xBD, 0xEF, 0xEA, 0x8D, 0x08, 0xD8, 0xFF, 0xFF,
  0x4C, 0x00, 0x00, 0x00, 0x00, 0x00, 0x00, 0x9A, 0xFF, 0xB7, 0x0A, 0x00, 0x00, 0x00, 0x00, 0x00,
  0x00, 0x6F, 0xFF, 0xA6, 0x05, 0x00, 0x00, 0x00, 0x00, 0x00, 0x00, 0x45, 0xFC, 0x94, 0x01, 0x00,
  0x00, 0x00, 0x00, 0x00, 0x00, 0x00, 0x00, 0x00, 0x00, 0x00, 0x00, 0x00, 0x00, 0x98, 0xFF, 0xFF,
  0x94, 0x00, 0x00, 0x00, 0xD8, 0xFF, 0xFF, 0x4C, 0x98, 0xFF, 0xFF, 0x93, 0x00, 0x00, 0x00, 0xD8,
  0xFF, 0xFF, 0x4C, 0x98, 0xFF, 0xFF, 0x91, 0x00, 0x00, 0x00, 0xD8, 0xFF, 0xFF, 0x4C, 0x98, 0xFF,
  0xFF, 0x8E, 0x00, 0x00, 0x00, 0xD8, 0xFF, 0xFF, 0x4C, 0x98, 0xFF, 0xFF, 0x8C, 0x00, 0x00, 0x00,
  0xD8, 0xFF, 0xFF, 0x4C, 0x98, 0xFF, 0xFF, 0x8E, 0x00, 0x00, 0x00, 0xE6, 0xFF, 0xFF, 0x4C, 0x8E,
  0xFF, 0xFF, 0x9D, 0x00, 0x00, 0x1B, 0xFD, 0xFF, 0xFF, 0x4C, 0x6A, 0xFF, 0xFF, 0xE6, 0x2B, 0x1A,
  0xB4, 0xFF, 0xFF, 0xFF, 0x4C, 0x13, 0xEF, 0xFF, 0xFF, 0xFF, 0xFF, 0xBA, 0xDB, 0xFF, 0xFF, 0x4C,
  0x00, 0x32, 0xBD, 0xEF, 0xEA, 0x8D, 0x08, 0xD8, 0xFF, 0xFF, 0x4C, 0x00, 0x00, 0x00, 0x23, 0xF1,
  0xFF, 0xC6, 0x04, 0x00, 0x00, 0x00, 0x00, 0x00, 0x07, 0xCD, 0xE9, 0x7B, 0xFD, 0x8B, 0x00, 0x00,
  0x00, 0x00, 0x00, 0x94, 0xEC, 0x2C, 0x00, 0x62, 0xFD, 0x4C, 0x00, 0x00, 0x00, 0x00, 0x00, 0x00,
  0x00, 0x00, 0x00, 0x00, 0x00, 0x00, 0x00, 0x98, 0xFF, 0xFF, 0x94, 0x00, 0x00, 0x00, 0xD8, 0xFF,
  0xFF, 0x4C, 0x98, 0xFF, 0xFF, 0x93, 0x00, 0x00, 0x00, 0xD8, 0xFF, 0xFF, 0x4C, 0x98, 0xFF, 0xFF,
  0x91, 0x00, 0x00, 0x00, 0xD8, 0xFF, 0xFF, 0x4C, 0x98, 0xFF, 0xFF, 0x8E, 0x00, 0x00, 0x00, 0xD8,
  0xFF, 0xFF, 0x4C, 0x98, 0xFF, 0xFF, 0x8C, 0x00, 0x00, 0x00, 0xD8, 0xFF, 0xFF, 0x4C, 0x98, 0xFF,
  0xFF, 0x8E, 0x00, 0x00, 0x00, 0xE6, 0xFF, 0xFF, 0x4C, 0x8E, 0xFF, 0xFF, 0x9D, 0x00, 0x00, 0x1B,
  0xFD, 0xFF, 0xFF, 0x4C, 0x6A, 0xFF, 0xFF, 0xE6, 0x2B, 0x1A, 0xB4, 0xFF, 0xFF, 0xFF, 0x4C, 0x13,
  0xEF, 0xFF, 0xFF, 0xFF, 0xFF, 0xBA, 0xDB, 0xFF, 0xFF, 0x4C, 0x00, 0x32, 0xBD, 0xEF, 0xEA, 0x8D,
  0x08, 0xD8, 0xFF, 0xFF, 0x4C, 0x00, 0x00, 0x68, 0xFF, 0xA8, 0x00, 0xF0, 0xFF, 0x20, 0x00, 0x00,
  0x00, 0x00, 0x68, 0xFF, 0xA8, 0x00, 0xF0, 0xFF, 0x20, 0x00, 0x00, 0x00, 0x00, 0x00, 0x00, 0x00,
  0x00, 0x00, 0x00, 0x00, 0x00, 0x00, 0x00, 0x00, 0x00, 0x00, 0x00, 0x00, 0x00, 0x00, 0x00, 0x00,
  0x00, 0x98, 0xFF, 0xFF, 0x94, 0x00, 0x00, 0x00, 0xD8, 0xFF, 0xFF, 0x4C, 0x98, 0xFF, 0xFF, 0x93,
  0x00, 0x00, 0x00, 0xD8, 0xFF, 0xFF, 0x4C, 0x98, 0xFF, 0xFF, 0x91, 0x00, 0x00, 0x00, 0xD8, 0xFF,
  0xFF, 0x4C, 0x98, 0xFF, 0xFF, 0x8E, 0x00, 0x00, 0x00, 0xD8, 0xFF, 0xFF, 0x4C, 0x98, 0xFF, 0xFF,
  0x8C, 0x00, 0x00, 0x00, 0xD8, 0xFF, 0xFF, 0x4C, 0x98, 0xFF, 0xFF, 0x8E, 0x00, 0x00, 0x00, 0xE6,
  0xFF, 0xFF, 0x4C, 0x8E, 0xFF, 0xFF, 0x9D, 0x00, 0x00, 0x1B, 0xFD, 0xFF, 0xFF, 0x4C, 0x6A, 0xFF,
  0xFF, 0xE6, 0x2B, 0x1A, 0xB4, 0xFF, 0xFF, 0xFF, 0x4C, 0x13, 0xEF, 0xFF, 0xFF, 0xFF, 0xFF, 0xBA,
  0xDB, 0xFF, 0xFF, 0x4C, 0x00, 0x32, 0xBD, 0xEF, 0xEA, 0x8D, 0x08, 0xD8, 0xFF, 0xFF, 0x4C, 0x00,
  0x00, 0x00, 0x00, 0x00, 0x00, 0x5A, 0xFF, 0xDE, 0x23, 0x00, 0x00, 0x00, 0x00, 0x00, 0x00, 0x00,
  0x36, 0xF7, 0xD2, 0x19, 0x00, 0x00, 0x00, 0x00, 0x00, 0x00, 0x00, 0x1B, 0xE6, 0xC5, 0x11, 0x00,
  0x00, 0x00, 0x00, 0x00, 0x00, 0x00, 0x00, 0x00, 0x00, 0x00, 0x00, 0x00, 0x00, 0x00, 0x00, 0x93,
  0xFF, 0xFF, 0x8D, 0x00, 0x00, 0x00, 0x01, 0xE5, 0xFF, 0xFF, 0x37, 0x27, 0xFE, 0xFF, 0xEB, 0x06,
  0x00, 0x00, 0x3B, 0xFF, 0xFF, 0xD7, 0x00, 0x00, 0xBB, 0xFF, 0xFF, 0x56, 0x00, 0x00, 0x90, 0xFF,
  0xFF, 0x78, 0x00, 0x00, 0x4F, 0xFF, 0xFF, 0xBA, 0x00, 0x01, 0xE3, 0xFF, 0xFD, 0x1C, 0x00, 0x00,
  0x03, 0xE0, 0xFF, 0xFE, 0x20, 0x3A, 0xFF, 0xFF, 0xB9, 0x00, 0x00, 0x00, 0x00, 0x78, 0xFF, 0xFF,
  0x83, 0x8F, 0xFF, 0xFF, 0x5A, 0x00, 0x00, 0x00, 0x00, 0x14, 0xF8, 0xFF, 0xE4, 0xE3, 0xFF, 0xF1,
  0x09, 0x00, 0x00, 0x00, 0x00, 0x00, 0xA1, 0xFF, 0xFF, 0xFF, 0xFF, 0x9B, 0x00, 0x00, 0x00, 0x00,
  0x00, 0x00, 0x35, 0xFF, 0xFF, 0xFF, 0xFF, 0x3B, 0x00, 0x00, 0x00, 0x00, 0x00, 0x00, 0x00, 0xC9,
  0xFF, 0xFF, 0xDB, 0x00, 0x00, 0x00, 0x00, 0x00, 0x00, 0x00, 0x00, 0x7C, 0xFF, 0xFF, 0x7C, 0x00,
  0x00, 0x00, 0x00, 0x00, 0x00, 0x00, 0x1F, 0xD8, 0xFF, 0xF7, 0x19, 0x00, 0x00, 0x00, 0x00, 0x00,
  0x34, 0xFF, 0xFF, 0xFF, 0xFF, 0x85, 0x00, 0x00, 0x00, 0x00, 0x00, 0x00, 0x34, 0xFF, 0xFD, 0xE2,
  0x81, 0x02, 0x00, 0x00, 0x00, 0x00, 0x00, 0x7C, 0xFF, 0xFF, 0xA8, 0x00, 0x00, 0x00, 0x00, 0x00,
  0x00, 0x00, 0x00, 0x7C, 0xFF, 0xFF, 0xA8, 0x00, 0x00, 0x00, 0x00, 0x00, 0x00, 0x00, 0x00, 0x7C,
  0xFF, 0xFF, 0xA8, 0x00, 0x00, 0x00, 0x00, 0x00, 0x00, 0x00, 0x00, 0x7C, 0xFF, 0xFF, 0xA8, 0x00,
  0x00, 0x00, 0x00, 0x00, 0x00, 0x00, 0x00, 0x7C, 0xFF, 0xFF, 0xA8, 0x1D, 0xAF, 0xF2, 0xEE, 0xA5,
  0x1A, 0x00, 0x00, 0x7C, 0xFF, 0xFF, 0xBB, 0xE1, 0xFF, 0xFF, 0xFF, 0xFF, 0xDE, 0x12, 0x00, 0x7C,
  0xFF, 0xFF, 0xFF, 0x87, 0x11, 0x34, 0xE1, 0xFF, 0xFF, 0x90, 0x00, 0x7C, 0xFF, 0xFF, 0xE2, 0x02,
  0x00, 0x00, 0x68, 0xFF, 0xFF, 0xE5, 0x00, 0x7C, 0xFF, 0xFF, 0xB5, 0x00, 0x00, 0x00, 0x39, 0xFF,
  0xFF, 0xFF, 0x0A, 0x7C, 0xFF, 0xFF, 0xB4, 0x00, 0x00, 0x00, 0x3A, 0xFF, 0xFF, 0xFF, 0x0A, 0x7C,
  0xFF, 0xFF, 0xE1, 0x02, 0x00, 0x00, 0x68, 0xFF, 0xFF, 0xE6, 0x00, 0x7C, 0xFF, 0xFF, 0xFF, 0x84,
  0x10, 0x33, 0xE1, 0xFF, 0xFF, 0x91, 0x00, 0x7C, 0xFF, 0xFF, 0xBB, 0xE1, 0xFF, 0xFF, 0xFF, 0xFF,
  0xE0, 0x13, 0x00, 0x7C, 0xFF, 0xFF, 0xA8, 0x1E, 0xAF, 0xF2, 0xF0, 0xA6, 0x1B, 0x00, 0x00, 0x7C,
  0xFF, 0xFF, 0xA8, 0x00, 0x00, 0x00, 0x00, 0x00, 0x00, 0x00, 0x00, 0x7C, 0xFF, 0xFF, 0xA8, 0x00,
  0x00, 0x00, 0x00, 0x00, 0x00, 0x00, 0x00, 0x7C, 0xFF, 0xFF, 0xA8, 0x00, 0x00, 0x00, 0x00, 0x00,
  0x00, 0x00, 0x00, 0x7C, 0xFF, 0xFF, 0xA8, 0x00, 0x00, 0x00, 0x00, 0x00, 0x00, 0x00, 0x00, 0x00,
  0x00, 0x00, 0xE4, 0xFF, 0x2C, 0x6C, 0xFF, 0xA4, 0x00, 0x00, 0x00, 0x00, 0x00, 0x00, 0xE4, 0xFF,
  0x2C, 0x6C, 0xFF, 0xA4, 0x00, 0x00, 0x00, 0x00, 0x00, 0x00, 0x00, 0x00, 0x00, 0x00, 0x00, 0x00,
  0x00, 0x00, 0x00, 0x00, 0x00, 0x00, 0x00, 0x00, 0x00, 0x00, 0x00, 0x00, 0x00, 0x00, 0x00, 0x93,
  0xFF, 0xFF, 0x8D, 0x00, 0x00, 0x00, 0x01, 0xE5, 0xFF, 0xFF, 0x37, 0x27, 0xFE, 0xFF, 0xEB, 0x06,
  0x00, 0x00, 0x3B, 0xFF, 0xFF, 0xD7, 0x00, 0x00, 0xBB, 0xFF, 0xFF, 0x56, 0x00, 0x00, 0x90, 0xFF,
  0xFF, 0x78, 0x00, 0x00, 0x4F, 0xFF, 0xFF, 0xBA, 0x00, 0x01, 0xE3, 0xFF, 0xFD, 0x1C, 0x00, 0x00,
  0x03, 0xE0, 0xFF, 0xFE, 0x20, 0x3A, 0xFF, 0xFF, 0xB9, 0x00, 0x00, 0x00, 0x00, 0x78, 0xFF, 0xFF,
  0x83, 0x8F, 0xFF, 0xFF, 0x5A, 0x00, 0x00, 0x00, 0x00, 0x14, 0xF8, 0xFF, 0xE4, 0xE3, 0xFF, 0xF1,
  0x09, 0x00, 0x00, 0x00, 0x00, 0x00, 0xA1, 0xFF, 0xFF, 0xFF, 0xFF, 0x9B, 0x00, 0x00, 0x00, 0x00,
  0x00, 0x00, 0x35, 0xFF, 0xFF, 0xFF, 0xFF, 0x3B, 0x00, 0x00, 0x00, 0x00, 0x00, 0x00, 0x00, 0xC9,
  0xFF, 0xFF, 0xDB, 0x00, 0x00, 0x00, 0x00, 0x00, 0x00, 0x00, 0x00, 0x7C, 0xFF, 0xFF, 0x7C, 0x00,
  0x00, 0x00, 0x00, 0x00, 0x00, 0x00, 0x1F, 0xD8, 0xFF, 0xF7, 0x19, 0x00, 0x00, 0x00, 0x00, 0x00,
  0x34, 0xFF, 0xFF, 0xFF, 0xFF, 0x85, 0x00, 0x00, 0x00, 0x00, 0x00, 0x00, 0x34, 0xFF, 0xFD, 0xE2,
  0x81, 0x02, 0x00, 0x00, 0x00, 0x00, 0x00, 0x00, 0x00, 0x00, 0x00, 0xCC, 0xFF, 0xFF, 0xFF, 0xFF,
  0xBC, 0x00, 0x00, 0x00, 0x00, 0x00, 0x00, 0x00, 0x00, 0xCC, 0xFF, 0xFF, 0xFF, 0xFF, 0xBC, 0x00,
  0x00, 0x00, 0x00, 0x00, 0x00, 0x00, 0x00, 0x00, 0x00, 0x00, 0x00, 0x00, 0x00, 0x00, 0x00, 0x00,
  0x00, 0x00, 0x00, 0x00, 0x00, 0x00, 0x00, 0x00, 0x00, 0x00, 0x00, 0x00, 0x00, 0x00, 0x00, 0x00,
  0x00, 0x00, 0x00, 0x3C, 0xFF, 0xFF, 0xFF, 0xFF, 0x2B, 0x00, 0x00, 0x00, 0x00, 0x00, 0x00, 0x00,
  0x00, 0x9C, 0xFF, 0xFF, 0xFF, 0xFF, 0x8B, 0x00, 0x00, 0x00, 0x00, 0x00, 0x00, 0x00, 0x09, 0xF1,
  0xFF, 0xFF, 0xFF, 0xFF, 0xE7, 0x03, 0x00, 0x00, 0x00, 0x00, 0x00, 0x00, 0x5B, 0xFF, 0xFF, 0xC7,
  0xD7, 0xFF, 0xFF, 0x4A, 0x00, 0x00, 0x00, 0x00, 0x00, 0x00, 0xBB, 0xFF, 0xFF, 0x6B, 0x7C, 0xFF,
  0xFF, 0xAA, 0x00, 0x00, 0x00, 0x00, 0x00, 0x1D, 0xFD, 0xFF, 0xFB, 0x15, 0x21, 0xFF, 0xFF, 0xF8,
  0x11, 0x00, 0x00, 0x00, 0x00, 0x7A, 0xFF, 0xFF, 0xB4, 0x00, 0x00, 0xC5, 0xFF, 0xFF, 0x69, 0x00,
  0x00, 0x00, 0x00, 0xD9, 0xFF, 0xFF, 0x59, 0x00, 0x00, 0x6A, 0xFF, 0xFF, 0xC9, 0x00, 0x00, 0x00,
  0x3A, 0xFF, 0xFF, 0xFF, 0xFF, 0xFF, 0xFF, 0xFF, 0xFF, 0xFF, 0xFF, 0x29, 0x00, 0x00, 0x99, 0xFF,
  0xFF, 0xFF, 0xFF, 0xFF, 0xFF, 0xFF, 0xFF, 0xFF, 0xFF, 0x88, 0x00, 0x08, 0xF0, 0xFF, 0xFF, 0x2F,
  0x00, 0x00, 0x00, 0x00, 0x41, 0xFF, 0xFF, 0xE5, 0x03, 0x59, 0xFF, 0xFF, 0xE6, 0x00, 0x00, 0x00,
  0x00, 0x00, 0x06, 0xF4, 0xFF, 0xFF, 0x48, 0xB8, 0xFF, 0xFF, 0x9F, 0x00, 0x00, 0x00, 0x00, 0x00,
  0x00, 0xB3, 0xFF, 0xFF, 0xA8, 0x00, 0x00, 0x10, 0xFF, 0xFF, 0xFF, 0xFF, 0xFF, 0x78, 0x00, 0x00,
  0x00, 0x00, 0x10, 0xFF, 0xFF, 0xFF, 0xFF, 0xFF, 0x78, 0x00, 0x00, 0x00, 0x00, 0x00, 0x00, 0x00,
  0x00, 0x00, 0x00, 0x00, 0x00, 0x00, 0x00, 0x00, 0x00, 0x00, 0x00, 0x00, 0x00, 0x00, 0x00, 0x00,
  0x00, 0x00, 0x5C, 0xFF, 0xFF, 0xFF, 0xFF, 0xF4, 0xD1, 0x83, 0x0C, 0x00, 0x00, 0x5C, 0xFF, 0xFF,
  0xFF, 0xFF, 0xFF, 0xFF, 0xFF, 0xCE, 0x07, 0x00, 0x00, 0x00, 0x00, 0x00, 0x07, 0x30, 0xD2, 0xFF,
  0xFF, 0x60, 0x00, 0x00, 0x00, 0x00, 0x00, 0x00, 0x00, 0x75, 0xFF, 0xFF, 0xA0, 0x00, 0x0B, 0x7E,
  0xCB, 0xF0, 0xFD, 0xFF, 0xFF, 0xFF, 0xFF, 0xB7, 0x00, 0xC2, 0xFF, 0xFF, 0xFF, 0xFF, 0xFF, 0xFF,
  0xFF, 0xFF, 0xBC, 0x26, 0xFF, 0xFF, 0xFF, 0x4E, 0x08, 0x00, 0x7F, 0xFF, 0xFF, 0xBC, 0x21, 0xFF,
  0xFF, 0xFE, 0x3D, 0x07, 0x41, 0xEA, 0xFF, 0xFF, 0xBC, 0x00, 0xC5, 0xFF, 0xFF, 0xFF, 0xFF, 0xFA,
  0xA6, 0xFF, 0xFF, 0xBC, 0x00, 0x15, 0x9B, 0xE5, 0xF6, 0xC7, 0x3F, 0x70, 0xFF, 0xFF, 0xBC, 0x00,
  0x00, 0x00, 0x00, 0xED, 0x57, 0x00, 0x00, 0x78, 0xCC, 0x00, 0x00, 0x00, 0x00, 0x00, 0x00, 0x00,
  0x00, 0xA3, 0xCC, 0x1B, 0x27, 0xE0, 0x83, 0x00, 0x00, 0x00, 0x00, 0x00, 0x00, 0x00, 0x00, 0x13,
  0xA7, 0xEE, 0xEA, 0x97, 0x09, 0x00, 0x00, 0x00, 0x00, 0x00, 0x00, 0x00, 0x00, 0x00, 0x00, 0x00,
  0x00, 0x00, 0x00, 0x00, 0x00, 0x00, 0x00, 0x00, 0x00, 0x00, 0x00, 0x3C, 0xFF, 0xFF, 0xFF, 0xFF,
  0x2B, 0x00, 0x00, 0x00, 0x00, 0x00, 0x00, 0x00, 0x00, 0x9C, 0xFF, 0xFF, 0xFF, 0xFF, 0x8B, 0x00,
  0x00, 0x00, 0x00, 0x00, 0x00, 0x00, 0x09, 0xF1, 0xFF, 0xFF, 0xFF, 0xFF, 0xE7, 0x03, 0x00, 0x00,
  0x00, 0x00, 0x00, 0x00, 0x5B, 0xFF, 0xFF, 0xC7, 0xD7, 0xFF, 0xFF, 0x4A, 0x00, 0x00, 0x00, 0x00,
  0x00, 0x00, 0xBB, 0xFF, 0xFF, 0x6B, 0x7C, 0xFF, 0xFF, 0xAA, 0x00, 0x00, 0x00, 0x00, 0x00, 0x1D,
  0xFD, 0xFF, 0xFB, 0x15, 0x21, 0xFF, 0xFF, 0xF8, 0x11, 0x00, 0x00, 0x00, 0x00, 0x7A, 0xFF, 0xFF,
  0xB4, 0x00, 0x00, 0xC5, 0xFF, 0xFF, 0x69, 0x00, 0x00, 0x00, 0x00, 0xD9, 0xFF, 0xFF, 0x59, 0x00,
  0x00, 0x6A, 0xFF, 0xFF, 0xC9, 0x00, 0x00, 0x00, 0x3A, 0xFF, 0xFF, 0xFF, 0xFF, 0xFF, 0xFF, 0xFF,
  0xFF, 0xFF, 0xFF, 0x29, 0x00, 0x00, 0x99, 0xFF, 0xFF, 0xFF, 0xFF, 0xFF, 0xFF, 0xFF, 0xFF, 0xFF,
  0xFF, 0x88, 0x00, 0x08, 0xF0, 0xFF, 0xFF, 0x2F, 0x00, 0x00, 0x00, 0x00, 0x41, 0xFF, 0xFF, 0xE5,
  0x03, 0x59, 0xFF, 0xFF, 0xE6, 0x00, 0x00, 0x00, 0x00, 0x00, 0x06, 0xF4, 0xFF, 0xFF, 0x48, 0xB8,
  0xFF, 0xFF, 0x9F, 0x00, 0x00, 0x00, 0x00, 0x00, 0x00, 0xB3, 0xFF, 0xFF, 0xA8, 0x00, 0x00, 0x00,
  0x72, 0xD3, 0x00, 0x00, 0x05, 0xF6, 0x48, 0x00, 0x00, 0x00, 0x00, 0x2B, 0xFC, 0x5F, 0x0C, 0x84,
  0xEE, 0x11, 0x00, 0x00, 0x00, 0x00, 0x00, 0x59, 0xD9, 0xF5, 0xCD, 0x3F, 0x00, 0x00, 0x00, 0x00,
  0x00, 0x00, 0x00, 0x00, 0x00, 0x00, 0x00, 0x00, 0x00, 0x00, 0x5C, 0xFF, 0xFF, 0xFF, 0xFF, 0xF4,
  0xD1, 0x83, 0x0C, 0x00, 0x00, 0x5C, 0xFF, 0xFF, 0xFF, 0xFF, 0xFF, 0xFF, 0xFF, 0xCE, 0x07, 0x00,
  0x00, 0x00, 0x00, 0x00, 0x07, 0x30, 0xD2, 0xFF, 0xFF, 0x60, 0x00, 0x00, 0x00, 0x00, 0x00, 0x00,
  0x00, 0x75, 0xFF, 0xFF, 0xA0, 0x00, 0x0B, 0x7E, 0xCB, 0xF0, 0xFD, 0xFF, 0xFF, 0xFF, 0xFF, 0xB7,
  0x00, 0xC2, 0xFF, 0xFF, 0xFF, 0xFF, 0xFF, 0xFF, 0xFF, 0xFF, 0xBC, 0x26, 0xFF, 0xFF, 0xFF, 0x4E,
  0x08, 0x00, 0x7F, 0xFF, 0xFF, 0xBC, 0x21, 0xFF, 0xFF, 0xFE, 0x3D, 0x07, 0x41, 0xEA, 0xFF, 0xFF,
  0xBC, 0x00, 0xC5, 0xFF, 0xFF, 0xFF, 0xFF, 0xFA, 0xA6, 0xFF, 0xFF, 0xBC, 0x00, 0x15, 0x9B, 0xE5,
  0xF6, 0xC7, 0x3F, 0x70, 0xFF, 0xFF, 0xBC, 0x00, 0x00, 0x00, 0x00, 0x3C, 0xFF, 0xFF, 0xFF, 0xFF,
  0x2B, 0x00, 0x00, 0x00, 0x00, 0x00, 0x00, 0x00, 0x00, 0x9C, 0xFF, 0xFF, 0xFF, 0xFF, 0x8B, 0x00,
  0x00, 0x00, 0x00, 0x00, 0x00, 0x00, 0x09, 0xF1, 0xFF, 0xFF, 0xFF, 0xFF, 0xE7, 0x03, 0x00, 0x00,
  0x00, 0x00, 0x00, 0x00, 0x5B, 0xFF, 0xFF, 0xC7, 0xD7, 0xFF, 0xFF, 0x4A, 0x00, 0x00, 0x00, 0x00,
  0x00, 0x00, 0xBB, 0xFF, 0xFF, 0x6B, 0x7C, 0xFF, 0xFF, 0xAA, 0x00, 0x00, 0x00, 0x00, 0x00, 0x1D,
  0xFD, 0xFF, 0xFB, 0x15, 0x21, 0xFF, 0xFF, 0xF8, 0x11, 0x00, 0x00, 0x00, 0x00, 0x7A, 0xFF, 0xFF,
  0xB4, 0x00, 0x00, 0xC5, 0xFF, 0xFF, 0x69, 0x00, 0x00, 0x00, 0x00, 0xD9, 0xFF, 0xFF, 0x59, 0x00,
  0x00, 0x6A, 0xFF, 0xFF, 0xC9, 0x00, 0x00, 0x00, 0x3A, 0xFF, 0xFF, 0xFF, 0xFF, 0xFF, 0xFF, 0xFF,
  0xFF, 0xFF, 0xFF, 0x29, 0x00, 0x00, 0x99, 0xFF, 0xFF, 0xFF, 0xFF, 0xFF, 0xFF, 0xFF, 0xFF, 0xFF,
  0xFF, 0x88, 0x00, 0x08, 0xF0, 0xFF, 0xFF, 0x2F, 0x00, 0x00, 0x00, 0x00, 0x41, 0xFF, 0xFF, 0xE5,
  0x03, 0x59, 0xFF, 0xFF, 0xE6, 0x00, 0x00, 0x00, 0x00, 0x00, 0x06, 0xF4, 0xFF, 0xFF, 0x48, 0xB8,
  0xFF, 0xFF, 0x9F, 0x00, 0x00, 0x00, 0x00, 0x00, 0x00, 0xB3, 0xFF, 0xFF, 0xA8, 0x00, 0x00, 0x00,
  0x00, 0x00, 0x00, 0x00, 0x00, 0x00, 0x08, 0xDA, 0x69, 0x00, 0x00, 0x00, 0x00, 0x00, 0x00, 0x00,
  0x00, 0x00, 0x00, 0x00, 0x62, 0xF9, 0x09, 0x00, 0x00, 0x00, 0x00, 0x00, 0x00, 0x00, 0x00, 0x00,
  0x00, 0x00, 0x7D, 0xFD, 0x26, 0x00, 0x00, 0x00, 0x00, 0x00, 0x00, 0x00, 0x00, 0x00, 0x00, 0x00,
  0x1D, 0xC9, 0xFB, 0xFF, 0x38, 0x00, 0x5C, 0xFF, 0xFF, 0xFF, 0xFF, 0xF4, 0xD1, 0x83, 0x0C, 0x00,
  0x00, 0x5C, 0xFF, 0xFF, 0xFF, 0xFF, 0xFF, 0xFF, 0xFF, 0xCE, 0x07, 0x00, 0x00, 0x00, 0x00, 0x00,
  0x07, 0x30, 0xD2, 0xFF, 0xFF, 0x60, 0x00, 0x00, 0x00, 0x00, 0x00, 0x00, 0x00, 0x75, 0xFF, 0xFF,
  0xA0, 0x00, 0x0B, 0x7E, 0xCB, 0xF0, 0xFD, 0xFF, 0xFF, 0xFF, 0xFF, 0xB7, 0x00, 0xC2, 0xFF, 0xFF,
  0xFF, 0xFF, 0xFF, 0xFF, 0xFF, 0xFF, 0xBC, 0x26, 0xFF, 0xFF, 0xFF, 0x4E, 0x08, 0x00, 0x7F, 0xFF,
  0xFF, 0xBC, 0x21, 0xFF, 0xFF, 0xFE, 0x3D, 0x07, 0x41, 0xEA, 0xFF, 0xFF, 0xBC, 0x00, 0xC5, 0xFF,
  0xFF, 0xFF, 0xFF, 0xFA, 0xA6, 0xFF, 0xFF, 0xBC, 0x00, 0x15, 0x9B, 0xE5, 0xF6, 0xC7, 0x3F, 0x70,
  0xFF, 0xFF, 0xBC, 0x00, 0x00, 0x00, 0x00, 0x00, 0x00, 0x00, 0xB7, 0x95, 0x00, 0x00, 0x00, 0x00,
  0x00, 0x00, 0x00, 0x00, 0x36, 0xFF, 0x2E, 0x00, 0x00, 0x00, 0x00, 0x00, 0x00, 0x00, 0x00, 0x51,
  0xFF, 0x4F, 0x00, 0x00, 0x00, 0x00, 0x00, 0x00, 0x00, 0x00, 0x09, 0xB4, 0xF7, 0xFF, 0x64, 0x00,
  0x00, 0x00, 0x00, 0x00, 0x00, 0x00, 0x59, 0xFE, 0xD0, 0x21, 0x00, 0x00, 0x00, 0x00, 0x00, 0x00,
  0x00, 0x00, 0x3E, 0xF9, 0xA6, 0x0A, 0x00, 0x00, 0x00, 0x00, 0x00, 0x00, 0x00, 0x00, 0x00, 0x00,
  0x00, 0x00, 0x00, 0x00, 0x00, 0x00, 0x00, 0x00, 0x00, 0x02, 0x4F, 0xAA, 0xE0, 0xF6, 0xF3, 0xDA,
  0xAC, 0x5F, 0x03, 0x00, 0x00, 0x17, 0xC1, 0xFF, 0xFF, 0xFF, 0xFF, 0xFF, 0xFF, 0xFF, 0xFF, 0x10,
  0x00, 0x09, 0xCF, 0xFF, 0xFF, 0xF0, 0x68, 0x16, 0x09, 0x29, 0x5A, 0xBB, 0x0F, 0x00, 0x76, 0xFF,
  0xFF, 0xFD, 0x3C, 0x00, 0x00, 0x00, 0x00, 0x00, 0x00, 0x00, 0x00, 0xD4, 0xFF, 0xFF, 0xB6, 0x00,
  0x00, 0x00, 0x00, 0x00, 0x00, 0x00, 0x00, 0x07, 0xFF, 0xFF, 0xFF, 0x79, 0x00, 0x00, 0x00, 0x00,
  0x00, 0x00, 0x00, 0x00, 0x17, 0xFF, 0xFF, 0xFF, 0x67, 0x00, 0x00, 0x00, 0x00, 0x00, 0x00, 0x00,
  0x00, 0x07, 0xFF, 0xFF, 0xFF, 0x78, 0x00, 0x00, 0x00, 0x00, 0x00, 0x00, 0x00, 0x00, 0x00, 0xD4,
  0xFF, 0xFF, 0xB5, 0x00, 0x00, 0x00, 0x00, 0x00, 0x00, 0x00, 0x00, 0x00, 0x76, 0xFF, 0xFF, 0xFD,
  0x3A, 0x00, 0x00, 0x00, 0x00, 0x00, 0x00, 0x00, 0x00, 0x09, 0xCF, 0xFF, 0xFF, 0xEF, 0x66, 0x15,
  0x08, 0x25, 0x56, 0xBA, 0x0F, 0x00, 0x00, 0x18, 0xC1, 0xFF, 0xFF, 0xFF, 0xFF, 0xFF, 0xFF, 0xFF,
  0xFF, 0x10, 0x00, 0x00, 0x00, 0x02, 0x50, 0xAB, 0xE1, 0xF7, 0xF4, 0xDB, 0xAD, 0x60, 0x03, 0x00,
  0x00, 0x00, 0x00, 0x00, 0x00, 0x0C, 0xD1, 0xFF, 0x7E, 0x00, 0x00, 0x00, 0x00, 0x00, 0x01, 0xB0,
  0xFD, 0x6A, 0x00, 0x00, 0x00, 0x00, 0x00, 0x00, 0x86, 0xFA, 0x58, 0x00, 0x00, 0x00, 0x00, 0x00,
  0x00, 0x00, 0x00, 0x00, 0x00, 0x00, 0x00, 0x00, 0x00, 0x05, 0x6B, 0xC2, 0xEE, 0xF7, 0xD3, 0x7B,
  0x0D, 0x00, 0x0F, 0xC9, 0xFF, 0xFF, 0xFF, 0xFF, 0xFF, 0xFF, 0x78, 0x00, 0x9E, 0xFF, 0xFF, 0xED,
  0x57, 0x10, 0x20, 0x69, 0x64, 0x0A, 0xF8, 0xFF, 0xFF, 0x62, 0x00, 0x00, 0x00, 0x00, 0x00, 0x2D,
  0xFF, 0xFF, 0xFF, 0x1E, 0x00, 0x00, 0x00, 0x00, 0x00, 0x2E, 0xFF, 0xFF, 0xFF, 0x1E, 0x00, 0x00,
  0x00, 0x00, 0x00, 0x0A, 0xF8, 0xFF, 0xFF, 0x61, 0x00, 0x00, 0x00, 0x00, 0x00, 0x00, 0x9F, 0xFF,
  0xFF, 0xEB, 0x54, 0x0F, 0x1E, 0x6C, 0x67, 0x00, 0x10, 0xCC, 0xFF, 0xFF, 0xFF, 0xFF, 0xFF, 0xFF,
  0x78, 0x00, 0x00, 0x06, 0x6D, 0xC4, 0xEF, 0xF8, 0xD3, 0x7D, 0x0E, 0x00, 0x00, 0x00, 0x00, 0x00,
  0x0E, 0xCA, 0xF7, 0xF7, 0xC9, 0x0E, 0x00, 0x00, 0x00, 0x00, 0x00, 0x00, 0x0C, 0xC6, 0xCE, 0x2A,
  0x2A, 0xCE, 0xC5, 0x0C, 0x00, 0x00, 0x00, 0x00, 0x00, 0x00, 0x00, 0x00, 0x00, 0x00, 0x00, 0x00,
  0x00, 0x00, 0x00, 0x00, 0x00, 0x02, 0x4F, 0xAA, 0xE0, 0xF6, 0xF3, 0xDA, 0xAC, 0x5F, 0x03, 0x00,
  0x00, 0x17, 0xC1, 0xFF, 0xFF, 0xFF, 0xFF, 0xFF, 0xFF, 0xFF, 0xFF, 0x10, 0x00, 0x09, 0xCF, 0xFF,
  0xFF, 0xF0, 0x68, 0x16, 0x09, 0x29, 0x5A, 0xBB, 0x0F, 0x00, 0x76, 0xFF, 0xFF, 0xFD, 0x3C, 0x00,
  0x00, 0x00, 0x00, 0x00, 0x00, 0x00, 0x00, 0xD4, 0xFF, 0xFF, 0xB6, 0x00, 0x00, 0x00, 0x00, 0x00,
  0x00, 0x00, 0x00, 0x07, 0xFF, 0xFF, 0xFF, 0x79, 0x00, 0x00, 0x00, 0x00, 0x00, 0x00, 0x00, 0x00,
  0x17, 0xFF, 0xFF, 0xFF, 0x67, 0x00, 0x00, 0x00, 0x00, 0x00, 0x00, 0x00, 0x00, 0x07, 0xFF, 0xFF,
  0xFF, 0x78, 0x00, 0x00, 0x00, 0x00, 0x00, 0x00, 0x00, 0x00, 0x00, 0xD4, 0xFF, 0xFF, 0xB5, 0x00,
  0x00, 0x00, 0x00, 0x00, 0x00, 0x00, 0x00, 0x00, 0x76, 0xFF, 0xFF, 0xFD, 0x3A, 0x00, 0x00, 0x00,
  0x00, 0x00, 0x00, 0x00, 0x00, 0x09, 0xCF, 0xFF, 0xFF, 0xEF, 0x66, 0x15, 0x08, 0x25, 0x56, 0xBA,
  0x0F, 0x00, 0x00, 0x18, 0xC1, 0xFF, 0xFF, 0xFF, 0xFF, 0xFF, 0xFF, 0xFF, 0xFF, 0x10, 0x00, 0x00,
  0x00, 0x02, 0x50, 0xAB, 0xE1, 0xF7, 0xF4, 0xDB, 0xAD, 0x60, 0x03, 0x00, 0x00, 0x00, 0x00, 0x18,
  0xE8, 0xFF, 0xD4, 0x0A, 0x00, 0x00, 0x00, 0x00, 0x02, 0xBD, 0xF1, 0x77, 0xFA, 0x9F, 0x00, 0x00,
  0x00, 0x00, 0x80, 0xF3, 0x39, 0x00, 0x51, 0xFB, 0x60, 0x00, 0x00, 0x00, 0x00, 0x00, 0x00, 0x00,
  0x00, 0x00, 0x00, 0x00, 0x00, 0x05, 0x6B, 0xC2, 0xEE, 0xF7, 0xD3, 0x7B, 0x0D, 0x00, 0x0F, 0xC9,
  0xFF, 0xFF, 0xFF, 0xFF, 0xFF, 0xFF, 0x78, 0x00, 0x9E, 0xFF, 0xFF, 0xED, 0x57, 0x10, 0x20, 0x69,
  0x64, 0x0A, 0xF8, 0xFF, 0xFF, 0x62, 0x00, 0x00, 0x00, 0x00, 0x00, 0x2D, 0xFF, 0xFF, 0xFF, 0x1E,
  0x00, 0x00, 0x00, 0x00, 0x00, 0x2E, 0xFF, 0xFF, 0xFF, 0x1E, 0x00, 0x00, 0x00, 0x00, 0x00, 0x0A,
  0xF8, 0xFF, 0xFF, 0x61, 0x00, 0x00, 0x00, 0x00, 0x00, 0x00, 0x9F, 0xFF, 0xFF, 0xEB, 0x54, 0x0F,
  0x1E, 0x6C, 0x67, 0x00, 0x10, 0xCC, 0xFF, 0xFF, 0xFF, 0xFF, 0xFF, 0xFF, 0x78, 0x00, 0x00, 0x06,
  0x6D, 0xC4, 0xEF, 0xF8, 0xD3, 0x7D, 0x0E, 0x00, 0x00, 0x00, 0x00, 0x00, 0x00, 0x34, 0xFF, 0xFF,
  0x34, 0x00, 0x00, 0x00, 0x00, 0x00, 0x00, 0x00, 0x00, 0x00, 0x34, 0xFF, 0xFF, 0x34, 0x00, 0x00,
  0x00, 0x00, 0x00, 0x00, 0x00, 0x00, 0x00, 0x00, 0x00, 0x00, 0x00, 0x00, 0x00, 0x00, 0x00, 0x00,
  0x00, 0x02, 0x4F, 0xAA, 0xE0, 0xF6, 0xF3, 0xDA, 0xAC, 0x5F, 0x03, 0x00, 0x00, 0x17, 0xC1, 0xFF,
  0xFF, 0xFF, 0xFF, 0xFF, 0xFF, 0xFF, 0xFF, 0x10, 0x00, 0x09, 0xCF, 0xFF, 0xFF, 0xF0, 0x68, 0x16,
  0x09, 0x29, 0x5A, 0xBB, 0x0F, 0x00, 0x76, 0xFF, 0xFF, 0xFD, 0x3C, 0x00, 0x00, 0x00, 0x00, 0x00,
  0x00, 0x00, 0x00, 0xD4, 0xFF, 0xFF, 0xB6, 0x00, 0x00, 0x00, 0x00, 0x00, 0x00, 0x00, 0x00, 0x07,
  0xFF, 0xFF, 0xFF, 0x79, 0x00, 0x00, 0x00, 0x00, 0x00, 0x00, 0x00, 0x00, 0x17, 0xFF, 0xFF, 0xFF,
  0x67, 0x00, 0x00, 0x00, 0x00, 0x00, 0x00, 0x00, 0x00, 0x07, 0xFF, 0xFF, 0xFF, 0x78, 0x00, 0x00,
  0x00, 0x00, 0x00, 0x00, 0x00, 0x00, 0x00, 0xD4, 0xFF, 0xFF, 0xB5, 0x00, 0x00, 0x00, 0x00, 0x00,
  0x00, 0x00, 0x00, 0x00, 0x76, 0xFF, 0xFF, 0xFD, 0x3A, 0x00, 0x00, 0x00, 0x00, 0x00, 0x00, 0x00,
  0x00, 0x09, 0xCF, 0xFF, 0xFF, 0xEF, 0x66, 0x15, 0x08, 0x25, 0x56, 0xBA, 0x0F, 0x00, 0x00, 0x18,
  0xC1, 0xFF, 0xFF, 0xFF, 0xFF, 0xFF, 0xFF, 0xFF, 0xFF, 0x10, 0x00, 0x00, 0x00, 0x02, 0x50, 0xAB,
  0xE1, 0xF7, 0xF4, 0xDB, 0xAD, 0x60, 0x03, 0x00, 0x00, 0x00, 0x00, 0x24, 0xFF, 0xFF, 0xFF, 0x04,
  0x00, 0x00, 0x00, 0x00, 0x00, 0x24, 0xFF, 0xFF, 0xFF, 0x04, 0x00, 0x00, 0x00, 0x00, 0x00, 0x24,
  0xFF, 0xFF, 0xFF, 0x04, 0x00, 0x00, 0x00, 0x00, 0x00, 0x00, 0x00, 0x00, 0x00, 0x00, 0x00, 0x00,
  0x00, 0x05, 0x6B, 0xC2, 0xEE, 0xF7, 0xD3, 0x7B, 0x0D, 0x00, 0x0F, 0xC9, 0xFF, 0xFF, 0xFF, 0xFF,
  0xFF, 0xFF, 0x78, 0x00, 0x9E, 0xFF, 0xFF, 0xED, 0x57, 0x10, 0x20, 0x69, 0x64, 0x0A, 0xF8, 0xFF,
  0xFF, 0x62, 0x00, 0x00, 0x00, 0x00, 0x00, 0x2D, 0xFF, 0xFF, 0xFF, 0x1E, 0x00, 0x00, 0x00, 0x00,
  0x00, 0x2E, 0xFF, 0xFF, 0xFF, 0x1E, 0x00, 0x00, 0x00, 0x00, 0x00, 0x0A, 0xF8, 0xFF, 0xFF, 0x61,
  0x00, 0x00, 0x00, 0x00, 0x00, 0x00, 0x9F, 0xFF, 0xFF, 0xEB, 0x54, 0x0F, 0x1E, 0x6C, 0x67, 0x00,
  0x10, 0xCC, 0xFF, 0xFF, 0xFF, 0xFF, 0xFF, 0xFF, 0x78, 0x00, 0x00, 0x06, 0x6D, 0xC4, 0xEF, 0xF8,
  0xD3, 0x7D, 0x0E, 0x00, 0x00, 0x00, 0x00, 0x3B, 0xF2, 0x91, 0x08, 0x5E, 0xF2, 0x76, 0x00, 0x00,
  0x00, 0x00, 0x00, 0x00, 0x00, 0x3F, 0xF5, 0xEB, 0xFF, 0x7C, 0x00, 0x00, 0x00, 0x00, 0x00, 0x00,
  0x00, 0x00, 0x00, 0x00, 0x00, 0x00, 0x00, 0x00, 0x00, 0x00, 0x00, 0x00, 0x00, 0x02, 0x4F, 0xAA,
  0xE0, 0xF6, 0xF3, 0xDA, 0xAC, 0x5F, 0x03, 0x00, 0x00, 0x17, 0xC1, 0xFF, 0xFF, 0xFF, 0xFF, 0xFF,
  0xFF, 0xFF, 0xFF, 0x10, 0x00, 0x09, 0xCF, 0xFF, 0xFF, 0xF0, 0x68, 0x16, 0x09, 0x29, 0x5A, 0xBB,
  0x0F, 0x00, 0x76, 0xFF, 0xFF, 0xFD, 0x3C, 0x00, 0x00, 0x00, 0x00, 0x00, 0x00, 0x00, 0x00, 0xD4,
  0xFF, 0xFF, 0xB6, 0x00, 0x00, 0x00, 0x00, 0x00, 0x00, 0x00, 0x00, 0x07, 0xFF, 0xFF, 0xFF, 0x79,
  0x00, 0x00, 0x00, 0x00, 0x00, 0x00, 0x00, 0x00, 0x17, 0xFF, 0xFF, 0xFF, 0x67, 0x00, 0x00, 0x00,
  0x00, 0x00, 0x00, 0x00, 0x00, 0x07, 0xFF, 0xFF, 0xFF, 0x78, 0x00, 0x00, 0x00, 0x00, 0x00, 0x00,
  0x00, 0x00, 0x00, 0xD4, 0xFF, 0xFF, 0xB5, 0x00, 0x00, 0x00, 0x00, 0x00, 0x00, 0x00, 0x00, 0x00,
  0x76, 0xFF, 0xFF, 0xFD, 0x3A, 0x00, 0x00, 0x00, 0x00, 0x00, 0x00, 0x00, 0x00, 0x09, 0xCF, 0xFF,
  0xFF, 0xEF, 0x66, 0x15, 0x08, 0x25, 0x56, 0xBA, 0x0F, 0x00, 0x00, 0x18, 0xC1, 0xFF, 0xFF, 0xFF,
  0xFF, 0xFF, 0xFF, 0xFF, 0xFF, 0x10, 0x00, 0x00, 0x00, 0x02, 0x50, 0xAB, 0xE1, 0xF7, 0xF4, 0xDB,
  0xAD, 0x60, 0x03, 0x00, 0x00, 0x00, 0x95, 0xEB, 0x2B, 0x00, 0x61, 0xFD, 0x4C, 0x00, 0x00, 0x00,
  0x07, 0xCD, 0xE7, 0x77, 0xFD, 0x8B, 0x00, 0x00, 0x00, 0x00, 0x00, 0x23, 0xF1, 0xFF, 0xC7, 0x04,
  0x00, 0x00, 0x00, 0x00, 0x00, 0x00, 0x00, 0x00, 0x00, 0x00, 0x00, 0x00, 0x00, 0x05, 0x6B, 0xC2,
  0xEE, 0xF7, 0xD3, 0x7B, 0x0D, 0x00, 0x0F, 0xC9, 0xFF, 0xFF, 0xFF, 0xFF, 0xFF, 0xFF, 0x78, 0x00,
  0x9E, 0xFF, 0xFF, 0xED, 0x57, 0x10, 0x20, 0x69, 0x64, 0x0A, 0xF8, 0xFF, 0xFF, 0x62, 0x00, 0x00,
  0x00, 0x00, 0x00, 0x2D, 0xFF, 0xFF, 0xFF, 0x1E, 0x00, 0x00, 0x00, 0x00, 0x00, 0x2E, 0xFF, 0xFF,
  0xFF, 0x1E, 0x00, 0x00, 0x00, 0x00, 0x00, 0x0A, 0xF8, 0xFF, 0xFF, 0x61, 0x00, 0x00, 0x00, 0x00,
  0x00, 0x00, 0x9F, 0xFF, 0xFF, 0xEB, 0x54, 0x0F, 0x1E, 0x6C, 0x67, 0x00, 0x10, 0xCC, 0xFF, 0xFF,
  0xFF, 0xFF, 0xFF, 0xFF, 0x78, 0x00, 0x00, 0x06, 0x6D, 0xC4, 0xEF, 0xF8, 0xD3, 0x7D, 0x0E, 0x00,
  0x00, 0x1D, 0xDE, 0xB5, 0x17, 0x3C, 0xE0, 0xA7, 0x03, 0x00, 0x00, 0x00, 0x00, 0x00, 0x00, 0x20,
  0xE1, 0xEE, 0xFD, 0xAD, 0x04, 0x00, 0x00, 0x00, 0x00, 0x00, 0x00, 0x00, 0x00, 0x00, 0x00, 0x00,
  0x00, 0x00, 0x00, 0x00, 0x00, 0x00, 0x58, 0xFF, 0xFF, 0xFF, 0xFE, 0xF8, 0xE9, 0xCD, 0x9A, 0x3A,
  0x00, 0x00, 0x00, 0x58, 0xFF, 0xFF, 0xFF, 0xFF, 0xFF, 0xFF, 0xFF, 0xFF, 0xFF, 0xA7, 0x0C, 0x00,
  0x58, 0xFF, 0xFF, 0xFF, 0x08, 0x05, 0x25, 0x80, 0xFA, 0xFF, 0xFF, 0xB7, 0x01, 0x58, 0xFF, 0xFF,
  0xFF, 0x08, 0x00, 0x00, 0x00, 0x55, 0xFF, 0xFF, 0xFF, 0x57, 0x58, 0xFF, 0xFF, 0xFF, 0x08, 0x00,
  0x00, 0x00, 0x00, 0xCE, 0xFF, 0xFF, 0xB7, 0x58, 0xFF, 0xFF, 0xFF, 0x08, 0x00, 0x00, 0x00, 0x00,
  0x91, 0xFF, 0xFF, 0xEA, 0x58, 0xFF, 0xFF, 0xFF, 0x08, 0x00, 0x00, 0x00, 0x00, 0x80, 0xFF, 0xFF,
  0xFA, 0x58, 0xFF, 0xFF, 0xFF, 0x08, 0x00, 0x00, 0x00, 0x00, 0x92, 0xFF, 0xFF, 0xEA, 0x58, 0xFF,
  0xFF, 0xFF, 0x08, 0x00, 0x00, 0x00, 0x00, 0xCF, 0xFF, 0xFF, 0xB6, 0x58, 0xFF, 0xFF, 0xFF, 0x08,
  0x00, 0x00, 0x00, 0x55, 0xFF, 0xFF, 0xFF, 0x57, 0x58, 0xFF, 0xFF, 0xFF, 0x08, 0x04, 0x24, 0x80,
  0xFA, 0xFF, 0xFF, 0xB7, 0x01, 0x58, 0xFF, 0xFF, 0xFF, 0xFF, 0xFF, 0xFF, 0xFF, 0xFF, 0xFF, 0xA6,
  0x0C, 0x00, 0x58, 0xFF, 0xFF, 0xFF, 0xFE, 0xF9, 0xEA, 0xCE, 0x99, 0x39, 0x00, 0x00, 0x00, 0x00,
  0x00, 0x00, 0x00, 0x00, 0x00, 0x00, 0x00, 0xCC, 0xFF, 0xFF, 0x60, 0x00, 0x00, 0x00, 0x00, 0x00,
  0x00, 0x00, 0x00, 0x00, 0x00, 0x00, 0x00, 0xCC, 0xFF, 0xFF, 0x60, 0x01, 0xED, 0xFF, 0x6C, 0x00,
  0x00, 0x00, 0x00, 0x00, 0x00, 0x00, 0x00, 0xCC, 0xFF, 0xFF, 0x60, 0x2B, 0xFF, 0xE7, 0x08, 0x00,
  0x00, 0x00, 0x00, 0x00, 0x00, 0x00, 0x00, 0xCC, 0xFF, 0xFF, 0x60, 0x66, 0xFF, 0x72, 0x00, 0x00,
  0x00, 0x28, 0xB3, 0xF3, 0xEE, 0x9E, 0x0F, 0xCC, 0xFF, 0xFF, 0x60, 0x00, 0x00, 0x00, 0x00, 0x00,
  0x23, 0xED, 0xFF, 0xFF, 0xFF, 0xFF, 0xC9, 0xD2, 0xFF, 0xFF, 0x60, 0x00, 0x00, 0x00, 0x00, 0x00,
  0xAF, 0xFF, 0xFF, 0xD1, 0x27, 0x15, 0xA1, 0xFF, 0xFF, 0xFF, 0x60, 0x00, 0x00, 0x00, 0x00, 0x09,
  0xFA, 0xFF, 0xFF, 0x4B, 0x00, 0x00, 0x10, 0xF8, 0xFF, 0xFF, 0x60, 0x00, 0x00, 0x00, 0x00, 0x27,
  0xFF, 0xFF, 0xFF, 0x1D, 0x00, 0x00, 0x00, 0xD9, 0xFF, 0xFF, 0x60, 0x00, 0x00, 0x00, 0x00, 0x28,
  0xFF, 0xFF, 0xFF, 0x1C, 0x00, 0x00, 0x00, 0xDA, 0xFF, 0xFF, 0x60, 0x00, 0x00, 0x00, 0x00, 0x09,
  0xFA, 0xFF, 0xFF, 0x4B, 0x00, 0x00, 0x0F, 0xF8, 0xFF, 0xFF, 0x60, 0x00, 0x00, 0x00, 0x00, 0x00,
  0xB0, 0xFF, 0xFF, 0xD1, 0x27, 0x14, 0xA1, 0xFF, 0xFF, 0xFF, 0x60, 0x00, 0x00, 0x00, 0x00, 0x00,
  0x25, 0xEF, 0xFF, 0xFF, 0xFF, 0xFF, 0xCA, 0xD2, 0xFF, 0xFF, 0x60, 0x00, 0x00, 0x00, 0x00, 0x00,
  0x00, 0x2A, 0xB4, 0xF3, 0xEE, 0x9E, 0x10, 0xCC, 0xFF, 0xFF, 0x60, 0x00, 0x00, 0x00, 0x00, 0x00,
  0x30, 0xFF, 0xFF, 0xFF, 0xFE, 0xF9, 0xEC, 0xD3, 0xA5, 0x4B, 0x02, 0x00, 0x00, 0x00, 0x00, 0x30,
  0xFF, 0xFF, 0xFF, 0xFF, 0xFF, 0xFF, 0xFF, 0xFF, 0xFF, 0xC2, 0x19, 0x00, 0x00, 0x00, 0x30, 0xFF,
  0xFF, 0xFF, 0x34, 0x03, 0x1E, 0x6D, 0xF0, 0xFF, 0xFF, 0xD4, 0x0D, 0x00, 0x00, 0x30, 0xFF, 0xFF,
  0xFF, 0x34, 0x00, 0x00, 0x00, 0x33, 0xFA, 0xFF, 0xFF, 0x82, 0x00, 0x00, 0x30, 0xFF, 0xFF, 0xFF,
  0x34, 0x00, 0x00, 0x00, 0x00, 0xA6, 0xFF, 0xFF, 0xE2, 0x00, 0x00, 0x30, 0xFF, 0xFF, 0xFF, 0x34,
  0x00, 0x00, 0x00, 0x00, 0x69, 0xFF, 0xFF, 0xFF, 0x16, 0xB4, 0xFF, 0xFF, 0xFF, 0xFF, 0xFF, 0xFF,
  0x44, 0x00, 0x00, 0x58, 0xFF, 0xFF, 0xFF, 0x26, 0xB4, 0xFF, 0xFF, 0xFF, 0xFF, 0xFF, 0xFF, 0x44,
  0x00, 0x00, 0x6A, 0xFF, 0xFF, 0xFF, 0x16, 0x00, 0x30, 0xFF, 0xFF, 0xFF, 0x34, 0x00, 0x00, 0x00,
  0x00, 0xA7, 0xFF, 0xFF, 0xE2, 0x00, 0x00, 0x30, 0xFF, 0xFF, 0xFF, 0x34, 0x00, 0x00, 0x00, 0x33,
  0xFA, 0xFF, 0xFF, 0x82, 0x00, 0x00, 0x30, 0xFF, 0xFF, 0xFF, 0x34, 0x02, 0x1C, 0x6C, 0xEF, 0xFF,
  0xFF, 0xD4, 0x0D, 0x00, 0x00, 0x30, 0xFF, 0xFF, 0xFF, 0xFF, 0xFF, 0xFF, 0xFF, 0xFF, 0xFF, 0xC1,
  0x19, 0x00, 0x00, 0x00, 0x30, 0xFF, 0xFF, 0xFF, 0xFF, 0xFB, 0xED, 0xD3, 0xA4, 0x4A, 0x02, 0x00,
  0x00, 0x00, 0x00, 0x00, 0x00, 0x00, 0x00, 0x00, 0x00, 0x00, 0xCC, 0xFF, 0xFF, 0x60, 0x00, 0x00,
  0x00, 0x00, 0x00, 0x00, 0xA8, 0xFF, 0xFF, 0xFF, 0xFF, 0xFF, 0xFF, 0xBC, 0x00, 0x00, 0x00, 0x00,
  0x00, 0xA8, 0xFF, 0xFF, 0xFF, 0xFF, 0xFF, 0xFF, 0xBC, 0x00, 0x00, 0x00, 0x00, 0x00, 0x00, 0x00,
  0x00, 0xCC, 0xFF, 0xFF, 0x60, 0x00, 0x00, 0x00, 0x28, 0xB3, 0xF3, 0xEE, 0x9E, 0x0F, 0xCC, 0xFF,
  0xFF, 0x60, 0x00, 0x00, 0x23, 0xED, 0xFF, 0xFF, 0xFF, 0xFF, 0xC9, 0xD2, 0xFF, 0xFF, 0x60, 0x00,
  0x00, 0xAF, 0xFF, 0xFF, 0xD1, 0x27, 0x15, 0xA1, 0xFF, 0xFF, 0xFF, 0x60, 0x00, 0x09, 0xFA, 0xFF,
  0xFF, 0x4B, 0x00, 0x00, 0x10, 0xF8, 0xFF, 0xFF, 0x60, 0x00, 0x27, 0xFF, 0xFF, 0xFF, 0x1D, 0x00,
  0x00, 0x00, 0xD9, 0xFF, 0xFF, 0x60, 0x00, 0x28, 0xFF, 0xFF, 0xFF, 0x1C, 0x00, 0x00, 0x00, 0xDA,
  0xFF, 0xFF, 0x60, 0x00, 0x09, 0xFA, 0xFF, 0xFF, 0x4B, 0x00, 0x00, 0x0F, 0xF8, 0xFF, 0xFF, 0x60,
  0x00, 0x00, 0xB0, 0xFF, 0xFF, 0xD1, 0x27, 0x14, 0xA1, 0xFF, 0xFF, 0xFF, 0x60, 0x00, 0x00, 0x25,
  0xEF, 0xFF, 0xFF, 0xFF, 0xFF, 0xCA, 0xD2, 0xFF, 0xFF, 0x60, 0x00, 0x00, 0x00, 0x2A, 0xB4, 0xF3,
  0xEE, 0x9E, 0x10, 0xCC, 0xFF, 0xFF, 0x60, 0x00, 0x00, 0x00, 0x8C, 0xFF, 0xFF, 0xFF, 0xFF, 0xFC,
  0x00, 0x00, 0x00, 0x00, 0x8C, 0xFF, 0xFF, 0xFF, 0xFF, 0xFC, 0x00, 0x00, 0x00, 0x00, 0x00, 0x00,
  0x00, 0x00, 0x00, 0x00, 0x00, 0x00, 0x00, 0x00, 0x00, 0x00, 0x00, 0x00, 0x00, 0x00, 0x00, 0x00,
  0x58, 0xFF, 0xFF, 0xFF, 0xFF, 0xFF, 0xFF, 0xFF, 0xFF, 0xC8, 0x58, 0xFF, 0xFF, 0xFF, 0xFF, 0xFF,
  0xFF, 0xFF, 0xFF, 0xC8, 0x58, 0xFF, 0xFF, 0xFF, 0x08, 0x00, 0x00, 0x00, 0x00, 0x00, 0x58, 0xFF,
  0xFF, 0xFF, 0x08, 0x00, 0x00, 0x00, 0x00, 0x00, 0x58, 0xFF, 0xFF, 0xFF, 0x08, 0x00, 0x00, 0x00,
  0x00, 0x00, 0x58, 0xFF, 0xFF, 0xFF, 0xFF, 0xFF, 0xFF, 0xFF, 0xFF, 0x70, 0x58, 0xFF, 0xFF, 0xFF,
  0xFF, 0xFF, 0xFF, 0xFF, 0xFF, 0x70, 0x58, 0xFF, 0xFF, 0xFF, 0x08, 0x00, 0x00, 0x00, 0x00, 0x00,
  0x58, 0xFF, 0xFF, 0xFF, 0x08, 0x00, 0x00, 0x00, 0x00, 0x00, 0x58, 0xFF, 0xFF, 0xFF, 0x08, 0x00,
  0x00, 0x00, 0x00, 0x00, 0x58, 0xFF, 0xFF, 0xFF, 0x08, 0x00, 0x00, 0x00, 0x00, 0x00, 0x58, 0xFF,
  0xFF, 0xFF, 0xFF, 0xFF, 0xFF, 0xFF, 0xFF, 0xFC, 0x58, 0xFF, 0xFF, 0xFF, 0xFF, 0xFF, 0xFF, 0xFF,
  0xFF, 0xFC, 0x00, 0x00, 0x00, 0xC0, 0xFF, 0xFF, 0xFF, 0xFF, 0xC8, 0x00, 0x00, 0x00, 0x00, 0x00,
  0x00, 0xC0, 0xFF, 0xFF, 0xFF, 0xFF, 0xC8, 0x00, 0x00, 0x00, 0x00, 0x00, 0x00, 0x00, 0x00, 0x00,
  0x00, 0x00, 0x00, 0x00, 0x00, 0x00, 0x00, 0x00, 0x00, 0x00, 0x00, 0x00, 0x00, 0x00, 0x00, 0x00,
  0x00, 0x00, 0x00, 0x00, 0x08, 0x74, 0xCA, 0xF2, 0xF9, 0xDB, 0x8D, 0x14, 0x00, 0x00, 0x00, 0x11,
  0xCE, 0xFF, 0xFF, 0xFF, 0xFF, 0xFF, 0xFF, 0xE2, 0x1F, 0x00, 0x00, 0xA1, 0xFF, 0xFF, 0xC1, 0x24,
  0x0F, 0x8F, 0xFF, 0xFF, 0xBD, 0x00, 0x0B, 0xF9, 0xFF, 0xFF, 0x29, 0x00, 0x00, 0x04, 0xF6, 0xFF,
  0xFF, 0x20, 0x2E, 0xFF, 0xFF, 0xFF, 0xFF, 0xFF, 0xFF, 0xFF, 0xFF, 0xFF, 0xFF, 0x4B, 0x2E, 0xFF,
  0xFF, 0xFF, 0xFF, 0xFF, 0xFF, 0xFF, 0xFF, 0xFF, 0xFF, 0x57, 0x0B, 0xF9, 0xFF, 0xFF, 0x22, 0x00,
  0x00, 0x00, 0x00, 0x00, 0x00, 0x00, 0x00, 0xA4, 0xFF, 0xFF, 0xC5, 0x32, 0x08, 0x18, 0x3A, 0x84,
  0xBD, 0x00, 0x00, 0x13, 0xD1, 0xFF, 0xFF, 0xFF, 0xFF, 0xFF, 0xFF, 0xFF, 0xE0, 0x00, 0x00, 0x00,
  0x08, 0x72, 0xC6, 0xF0, 0xF9, 0xE1, 0xC0, 0x77, 0x21, 0x00, 0x00, 0x00, 0xB3, 0xC2, 0x21, 0x18,
  0xA3, 0xDA, 0x00, 0x00, 0x00, 0x00, 0x1C, 0xB3, 0xF0, 0xF4, 0xC1, 0x2F, 0x00, 0x00, 0x00, 0x00,
  0x00, 0x00, 0x00, 0x00, 0x00, 0x00, 0x00, 0x00, 0x58, 0xFF, 0xFF, 0xFF, 0xFF, 0xFF, 0xFF, 0xFF,
  0xFF, 0xC8, 0x58, 0xFF, 0xFF, 0xFF, 0xFF, 0xFF, 0xFF, 0xFF, 0xFF, 0xC8, 0x58, 0xFF, 0xFF, 0xFF,
  0x08, 0x00, 0x00, 0x00, 0x00, 0x00, 0x58, 0xFF, 0xFF, 0xFF, 0x08, 0x00, 0x00, 0x00, 0x00, 0x00,
  0x58, 0xFF, 0xFF, 0xFF, 0x08, 0x00, 0x00, 0x00, 0x00, 0x00, 0x58, 0xFF, 0xFF, 0xFF, 0xFF, 0xFF,
  0xFF, 0xFF, 0xFF, 0x70, 0x58, 0xFF, 0xFF, 0xFF, 0xFF, 0xFF, 0xFF, 0xFF, 0xFF, 0x70, 0x58, 0xFF,
  0xFF, 0xFF, 0x08, 0x00, 0x00, 0x00, 0x00, 0x00, 0x58, 0xFF, 0xFF, 0xFF, 0x08, 0x00, 0x00, 0x00,
  0x00, 0x00, 0x58, 0xFF, 0xFF, 0xFF, 0x08, 0x00, 0x00, 0x00, 0x00, 0x00, 0x58, 0xFF, 0xFF, 0xFF,
  0x08, 0x00, 0x00, 0x00, 0x00, 0x00, 0x58, 0xFF, 0xFF, 0xFF, 0xFF, 0xFF, 0xFF, 0xFF, 0xFF, 0xFC,
  0x58, 0xFF, 0xFF, 0xFF, 0xFF, 0xFF, 0xFF, 0xFF, 0xFF, 0xFC, 0x00, 0x00, 0x00, 0x76, 0xCF, 0x00,
  0x00, 0x07, 0xF8, 0x44, 0x00, 0x00, 0x00, 0x00, 0x00, 0x2E, 0xFC, 0x5C, 0x0C, 0x87, 0xEC, 0x0F,
  0x00, 0x00, 0x00, 0x00, 0x00, 0x00, 0x5B, 0xD9, 0xF5, 0xCC, 0x3D, 0x00, 0x00, 0x00, 0x00, 0x00,
  0x00, 0x00, 0x00, 0x00, 0x00, 0x00, 0x00, 0x00, 0x00, 0x00, 0x00, 0x00, 0x08, 0x74, 0xCA, 0xF2,
  0xF9, 0xDB, 0x8D, 0x14, 0x00, 0x00, 0x00, 0x11, 0xCE, 0xFF, 0xFF, 0xFF, 0xFF, 0xFF, 0xFF, 0xE2,
  0x1F, 0x00, 0x00, 0xA1, 0xFF, 0xFF, 0xC1, 0x24, 0x0F, 0x8F, 0xFF, 0xFF, 0xBD, 0x00, 0x0B, 0xF9,
  0xFF, 0xFF, 0x29, 0x00, 0x00, 0x04, 0xF6, 0xFF, 0xFF, 0x20, 0x2E, 0xFF, 0xFF, 0xFF, 0xFF, 0xFF,
  0xFF, 0xFF, 0xFF, 0xFF, 0xFF, 0x4B, 0x2E, 0xFF, 0xFF, 0xFF, 0xFF, 0xFF, 0xFF, 0xFF, 0xFF, 0xFF,
  0xFF, 0x57, 0x0B, 0xF9, 0xFF, 0xFF, 0x22, 0x00, 0x00, 0x00, 0x00, 0x00, 0x00, 0x00, 0x00, 0xA4,
  0xFF, 0xFF, 0xC5, 0x32, 0x08, 0x18, 0x3A, 0x84, 0xBD, 0x00, 0x00, 0x13, 0xD1, 0xFF, 0xFF, 0xFF,
  0xFF, 0xFF, 0xFF, 0xFF, 0xE0, 0x00, 0x00, 0x00, 0x08, 0x72, 0xC6, 0xF0, 0xF9, 0xE1, 0xC0, 0x77,
  0x21, 0x00, 0x00, 0x00, 0x00, 0x20, 0xFF, 0xFF, 0x48, 0x00, 0x00, 0x00, 0x00, 0x00, 0x00, 0x20,
  0xFF, 0xFF, 0x48, 0x00, 0x00, 0x00, 0x00, 0x00, 0x00, 0x00, 0x00, 0x00, 0x00, 0x00, 0x00, 0x00,
  0x58, 0xFF, 0xFF, 0xFF, 0xFF, 0xFF, 0xFF, 0xFF, 0xFF, 0xC8, 0x58, 0xFF, 0xFF, 0xFF, 0xFF, 0xFF,
  0xFF, 0xFF, 0xFF, 0xC8, 0x58, 0xFF, 0xFF, 0xFF, 0x08, 0x00, 0x00, 0x00, 0x00, 0x00, 0x58, 0xFF,
  0xFF, 0xFF, 0x08, 0x00, 0x00, 0x00, 0x00, 0x00, 0x58, 0xFF, 0xFF, 0xFF, 0x08, 0x00, 0x00, 0x00,
  0x00, 0x00, 0x58, 0xFF, 0xFF, 0xFF, 0xFF, 0xFF, 0xFF, 0xFF, 0xFF, 0x70, 0x58, 0xFF, 0xFF, 0xFF,
  0xFF, 0xFF, 0xFF, 0xFF, 0xFF, 0x70, 0x58, 0xFF, 0xFF, 0xFF, 0x08, 0x00, 0x00, 0x00, 0x00, 0x00,
  0x58, 0xFF, 0xFF, 0xFF, 0x08, 0x00, 0x00, 0x00, 0x00, 0x00, 0x58, 0xFF, 0xFF, 0xFF, 0x08, 0x00,
  0x00, 0x00, 0x00, 0x00, 0x58, 0xFF, 0xFF, 0xFF, 0x08, 0x00, 0x00, 0x00, 0x00, 0x00, 0x58, 0xFF,
  0xFF, 0xFF, 0xFF, 0xFF, 0xFF, 0xFF, 0xFF, 0xFC, 0x58, 0xFF, 0xFF, 0xFF, 0xFF, 0xFF, 0xFF, 0xFF,
  0xFF, 0xFC, 0x00, 0x00, 0x00, 0x00, 0x2C, 0xFF, 0xFF, 0xFC, 0x00, 0x00, 0x00, 0x00, 0x00, 0x00,
  0x00, 0x00, 0x2C, 0xFF, 0xFF, 0xFC, 0x00, 0x00, 0x00, 0x00, 0x00, 0x00, 0x00, 0x00, 0x2C, 0xFF,
  0xFF, 0xFC, 0x00, 0x00, 0x00, 0x00, 0x00, 0x00, 0x00, 0x00, 0x00, 0x00, 0x00, 0x00, 0x00, 0x00,
  0x00, 0x00, 0x00, 0x00, 0x08, 0x74, 0xCA, 0xF2, 0xF9, 0xDB, 0x8D, 0x14, 0x00, 0x00, 0x00, 0x11,
  0xCE, 0xFF, 0xFF, 0xFF, 0xFF, 0xFF, 0xFF, 0xE2, 0x1F, 0x00, 0x00, 0xA1, 0xFF, 0xFF, 0xC1, 0x24,
  0x0F, 0x8F, 0xFF, 0xFF, 0xBD, 0x00, 0x0B, 0xF9, 0xFF, 0xFF, 0x29, 0x00, 0x00, 0x04, 0xF6, 0xFF,
  0xFF, 0x20, 0x2E, 0xFF, 0xFF, 0xFF, 0xFF, 0xFF, 0xFF, 0xFF, 0xFF, 0xFF, 0xFF, 0x4B, 0x2E, 0xFF,
  0xFF, 0xFF, 0xFF, 0xFF, 0xFF, 0xFF, 0xFF, 0xFF, 0xFF, 0x57, 0x0B, 0xF9, 0xFF, 0xFF, 0x22, 0x00,
  0x00, 0x00, 0x00, 0x00, 0x00, 0x00, 0x00, 0xA4, 0xFF, 0xFF, 0xC5, 0x32, 0x08, 0x18, 0x3A, 0x84,
  0xBD, 0x00, 0x00, 0x13, 0xD1, 0xFF, 0xFF, 0xFF, 0xFF, 0xFF, 0xFF, 0xFF, 0xE0, 0x00, 0x00, 0x00,
  0x08, 0x72, 0xC6, 0xF0, 0xF9, 0xE1, 0xC0, 0x77, 0x21, 0x00, 0x58, 0xFF, 0xFF, 0xFF, 0xFF, 0xFF,
  0xFF, 0xFF, 0xFF, 0xC8, 0x58, 0xFF, 0xFF, 0xFF, 0xFF, 0xFF, 0xFF, 0xFF, 0xFF, 0xC8, 0x58, 0xFF,
  0xFF, 0xFF, 0x08, 0x00, 0x00, 0x00, 0x00, 0x00, 0x58, 0xFF, 0xFF, 0xFF, 0x08, 0x00, 0x00, 0x00,
  0x00, 0x00, 0x58, 0xFF, 0xFF, 0xFF, 0x08, 0x00, 0x00, 0x00, 0x00, 0x00, 0x58, 0xFF, 0xFF, 0xFF,
  0xFF, 0xFF, 0xFF, 0xFF, 0xFF, 0x70, 0x58, 0xFF, 0xFF, 0xFF, 0xFF, 0xFF, 0xFF, 0xFF, 0xFF, 0x70,
  0x58, 0xFF, 0xFF, 0xFF, 0x08, 0x00, 0x00, 0x00, 0x00, 0x00, 0x58, 0xFF, 0xFF, 0xFF, 0x08, 0x00,
  0x00, 0x00, 0x00, 0x00, 0x58, 0xFF, 0xFF, 0xFF, 0x08, 0x00, 0x00, 0x00, 0x00, 0x00, 0x58, 0xFF,
  0xFF, 0xFF, 0x08, 0x00, 0x00, 0x00, 0x00, 0x00, 0x58, 0xFF, 0xFF, 0xFF, 0xFF, 0xFF, 0xFF, 0xFF,
  0xFF, 0xFC, 0x58, 0xFF, 0xFF, 0xFF, 0xFF, 0xFF, 0xFF, 0xFF, 0xFF, 0xFC, 0x00, 0x00, 0x00, 0x00,
  0x00, 0x00, 0x27, 0xF6, 0x2E, 0x00, 0x00, 0x00, 0x00, 0x00, 0x00, 0x00, 0x9E, 0xC6, 0x00, 0x00,
  0x00, 0x00, 0x00, 0x00, 0x00, 0x00, 0xB9, 0xDB, 0x0C, 0x00, 0x00, 0x00, 0x00, 0x00, 0x00, 0x00,
  0x42, 0xDD, 0xFE, 0xFC, 0x00, 0x00, 0x08, 0x74, 0xCA, 0xF2, 0xF9, 0xDB, 0x8D, 0x14, 0x00, 0x00,
  0x00, 0x11, 0xCE, 0xFF, 0xFF, 0xFF, 0xFF, 0xFF, 0xFF, 0xE2, 0x1F, 0x00, 0x00, 0xA1, 0xFF, 0xFF,
  0xC1, 0x24, 0x0F, 0x8F, 0xFF, 0xFF, 0xBD, 0x00, 0x0B, 0xF9, 0xFF, 0xFF, 0x29, 0x00, 0x00, 0x04,
  0xF6, 0xFF, 0xFF, 0x20, 0x2E, 0xFF, 0xFF, 0xFF, 0xFF, 0xFF, 0xFF, 0xFF, 0xFF, 0xFF, 0xFF, 0x4B,
  0x2E, 0xFF, 0xFF, 0xFF, 0xFF, 0xFF, 0xFF, 0xFF, 0xFF, 0xFF, 0xFF, 0x57, 0x0B, 0xF9, 0xFF, 0xFF,
  0x22, 0x00, 0x00, 0x00, 0x00, 0x00, 0x00, 0x00, 0x00, 0xA4, 0xFF, 0xFF, 0xC5, 0x32, 0x08, 0x18,
  0x3A, 0x84, 0xBD, 0x00, 0x00, 0x13, 0xD1, 0xFF, 0xFF, 0xFF, 0xFF, 0xFF, 0xFF, 0xFF, 0xE0, 0x00,
  0x00, 0x00, 0x08, 0x72, 0xC6, 0xF0, 0xF9, 0xE1, 0xC0, 0x77, 0x21, 0x00, 0x00, 0x00, 0x00, 0x00,
  0x00, 0x00, 0x01, 0xBE, 0x8D, 0x00, 0x00, 0x00, 0x00, 0x00, 0x00, 0x00, 0x00, 0x00, 0x3E, 0xFF,
  0x26, 0x00, 0x00, 0x00, 0x00, 0x00, 0x00, 0x00, 0x00, 0x00, 0x59, 0xFF, 0x47, 0x00, 0x00, 0x00,
  0x00, 0x00, 0x00, 0x00, 0x00, 0x00, 0x0C, 0xB9, 0xF8, 0xFF, 0x5C, 0x00, 0x00, 0x00, 0x8F, 0xEA,
  0x4E, 0x0E, 0xA2, 0xEB, 0x2B, 0x00, 0x00, 0x00, 0x00, 0x94, 0xFF, 0xEC, 0xED, 0x2F, 0x00, 0x00,
  0x00, 0x00, 0x00, 0x00, 0x00, 0x00, 0x00, 0x00, 0x00, 0x00, 0x58, 0xFF, 0xFF, 0xFF, 0xFF, 0xFF,
  0xFF, 0xFF, 0xFF, 0xC8, 0x58, 0xFF, 0xFF, 0xFF, 0xFF, 0xFF, 0xFF, 0xFF, 0xFF, 0xC8, 0x58, 0xFF,
  0xFF, 0xFF, 0x08, 0x00, 0x00, 0x00, 0x00, 0x00, 0x58, 0xFF, 0xFF, 0xFF, 0x08, 0x00, 0x00, 0x00,
  0x00, 0x00, 0x58, 0xFF, 0xFF, 0xFF, 0x08, 0x00, 0x00, 0x00, 0x00, 0x00, 0x58, 0xFF, 0xFF, 0xFF,
  0xFF, 0xFF, 0xFF, 0xFF, 0xFF, 0x70, 0x58, 0xFF, 0xFF, 0xFF, 0xFF, 0xFF, 0xFF, 0xFF, 0xFF, 0x70,
  0x58, 0xFF, 0xFF, 0xFF, 0x08, 0x00, 0x00, 0x00, 0x00, 0x00, 0x58, 0xFF, 0xFF, 0xFF, 0x08, 0x00,
  0x00, 0x00, 0x00, 0x00, 0x58, 0xFF, 0xFF, 0xFF, 0x08, 0x00, 0x00, 0x00, 0x00, 0x00, 0x58, 0xFF,
  0xFF, 0xFF, 0x08, 0x00, 0x00, 0x00, 0x00, 0x00, 0x58, 0xFF, 0xFF, 0xFF, 0xFF, 0xFF, 0xFF, 0xFF,
  0xFF, 0xFC, 0x58, 0xFF, 0xFF, 0xFF, 0xFF, 0xFF, 0xFF, 0xFF, 0xFF, 0xFC, 0x00, 0x00, 0x00, 0x95,
  0xEB, 0x2B, 0x00, 0x61, 0xFD, 0x4C, 0x00, 0x00, 0x00, 0x00, 0x00, 0x07, 0xCD, 0xE7, 0x77, 0xFD,
  0x8B, 0x00, 0x00, 0x00, 0x00, 0x00, 0x00, 0x00, 0x23, 0xF1, 0xFF, 0xC7, 0x04, 0x00, 0x00, 0x00,
  0x00, 0x00, 0x00, 0x00, 0x00, 0x00, 0x00, 0x00, 0x00, 0x00, 0x00, 0x00, 0x00, 0x00, 0x08, 0x74,
  0xCA, 0xF2, 0xF9, 0xDB, 0x8D, 0x14, 0x00, 0x00, 0x00, 0x11, 0xCE, 0xFF, 0xFF, 0xFF, 0xFF, 0xFF,
  0xFF, 0xE2, 0x1F, 0x00, 0x00, 0xA1, 0xFF, 0xFF, 0xC1, 0x24, 0x0F, 0x8F, 0xFF, 0xFF, 0xBD, 0x00,
  0x0B, 0xF9, 0xFF, 0xFF, 0x29, 0x00, 0x00, 0x04, 0xF6, 0xFF, 0xFF, 0x20, 0x2E, 0xFF, 0xFF, 0xFF,
  0xFF, 0xFF, 0xFF, 0xFF, 0xFF, 0xFF, 0xFF, 0x4B, 0x2E, 0xFF, 0xFF, 0xFF, 0xFF, 0xFF, 0xFF, 0xFF,
  0xFF, 0xFF, 0xFF, 0x57, 0x0B, 0xF9, 0xFF, 0xFF, 0x22, 0x00, 0x00, 0x00, 0x00, 0x00, 0x00, 0x00,
  0x00, 0xA4, 0xFF, 0xFF, 0xC5, 0x32, 0x08, 0x18, 0x3A, 0x84, 0xBD, 0x00, 0x00, 0x13, 0xD1, 0xFF,
  0xFF, 0xFF, 0xFF, 0xFF, 0xFF, 0xFF, 0xE0, 0x00, 0x00, 0x00, 0x08, 0x72, 0xC6, 0xF0, 0xF9, 0xE1,
  0xC0, 0x77, 0x21, 0x00, 0x00, 0x00, 0x00, 0x00, 0x00, 0x02, 0xA6, 0xFE, 0xEF, 0xE4, 0x23, 0x00,
  0x00, 0x00, 0x00, 0x00, 0x00, 0x00, 0x02, 0xA1, 0xE3, 0x43, 0x16, 0xB1, 0xE1, 0x20, 0x00, 0x00,
  0x00, 0x00, 0x00, 0x00, 0x00, 0x00, 0x00, 0x00, 0x00, 0x00, 0x00, 0x00, 0x00, 0x00, 0x00, 0x00,
  0x00, 0x01, 0x47, 0xA4, 0xDB, 0xF3, 0xF8, 0xE4, 0xCD, 0x96, 0x51, 0x00, 0x00, 0x00, 0x15, 0xBA,
  0xFF, 0xFF, 0xFF, 0xFF, 0xFF, 0xFF, 0xFF, 0xFF, 0xF8, 0x00, 0x00, 0x08, 0xCC, 0xFF, 0xFF, 0xF5,
  0x75, 0x20, 0x06, 0x1A, 0x39, 0x7F, 0xCE, 0x00, 0x00, 0x74, 0xFF, 0xFF, 0xFE, 0x42, 0x00, 0x00,
  0x00, 0x00, 0x00, 0x00, 0x00, 0x00, 0x00, 0xD4, 0xFF, 0xFF, 0xB7, 0x00, 0x00, 0x00, 0x00, 0x00,
  0x00, 0x00, 0x00, 0x00, 0x07, 0xFF, 0xFF, 0xFF, 0x79, 0x00, 0x00, 0x00, 0x00, 0x00, 0x00, 0x00,
  0x00, 0x00, 0x17, 0xFF, 0xFF, 0xFF, 0x67, 0x00, 0x00, 0x00, 0xD4, 0xFF, 0xFF, 0xFF, 0xFF, 0x74,
  0x07, 0xFF, 0xFF, 0xFF, 0x78, 0x00, 0x00, 0x00, 0xD4, 0xFF, 0xFF, 0xFF, 0xFF, 0x74, 0x00, 0xD4,
  0xFF, 0xFF, 0xB4, 0x00, 0x00, 0x00, 0x00, 0x00, 0xC4, 0xFF, 0xFF, 0x74, 0x00, 0x76, 0xFF, 0xFF,
  0xFC, 0x39, 0x00, 0x00, 0x00, 0x00, 0xC4, 0xFF, 0xFF, 0x74, 0x00, 0x09, 0xCF, 0xFF, 0xFF, 0xF0,
  0x6A, 0x19, 0x04, 0x1A, 0xD3, 0xFF, 0xFF, 0x74, 0x00, 0x00, 0x18, 0xC1, 0xFF, 0xFF, 0xFF, 0xFF,
  0xFF, 0xFF, 0xFF, 0xFF, 0xFF, 0x74, 0x00, 0x00, 0x00, 0x02, 0x50, 0xAB, 0xE1, 0xF7, 0xF5, 0xDE,
  0xC6, 0x8E, 0x45, 0x07, 0x00, 0x00, 0x00, 0x00, 0x4D, 0xFE, 0xFF, 0x93, 0x00, 0x00, 0x00, 0x00,
  0x00, 0x00, 0x00, 0x1E, 0xED, 0xCA, 0x97, 0xFF, 0x53, 0x00, 0x00, 0x00, 0x00, 0x00, 0x04, 0xC7,
  0xCF, 0x11, 0x00, 0x97, 0xF0, 0x22, 0x00, 0x00, 0x00, 0x00, 0x00, 0x00, 0x00, 0x00, 0x00, 0x00,
  0x00, 0x00, 0x00, 0x00, 0x00, 0x00, 0x25, 0xB0, 0xF3, 0xEE, 0x9E, 0x0F, 0xCC, 0xFF, 0xFF, 0x60,
  0x00, 0x21, 0xEB, 0xFF, 0xFF, 0xFF, 0xFF, 0xC9, 0xD2, 0xFF, 0xFF, 0x60, 0x00, 0xAD, 0xFF, 0xFF,
  0xD6, 0x2A, 0x16, 0xA7, 0xFF, 0xFF, 0xFF, 0x60, 0x08, 0xFA, 0xFF, 0xFF, 0x4E, 0x00, 0x00, 0x12,
  0xF9, 0xFF, 0xFF, 0x60, 0x27, 0xFF, 0xFF, 0xFF, 0x1D, 0x00, 0x00, 0x00, 0xDA, 0xFF, 0xFF, 0x60,
  0x28, 0xFF, 0xFF, 0xFF, 0x1C, 0x00, 0x00, 0x00, 0xDA, 0xFF, 0xFF, 0x60, 0x08, 0xF9, 0xFF, 0xFF,
  0x4A, 0x00, 0x00, 0x12, 0xF9, 0xFF, 0xFF, 0x60, 0x00, 0xAC, 0xFF, 0xFF, 0xD0, 0x26, 0x15, 0xA7,
  0xFF, 0xFF, 0xFF, 0x60, 0x00, 0x21, 0xEC, 0xFF, 0xFF, 0xFF, 0xFF, 0xCA, 0xD3, 0xFF, 0xFF, 0x5F,
  0x00, 0x00, 0x26, 0xB1, 0xF3, 0xEE, 0x9E, 0x10, 0xE3, 0xFF, 0xFF, 0x52, 0x00, 0x00, 0x00, 0x00,
  0x00, 0x00, 0x00, 0x23, 0xFD, 0xFF, 0xFF, 0x25, 0x00, 0x00, 0xC1, 0x54, 0x1C, 0x0B, 0x3A, 0xCC,
  0xFF, 0xFF, 0xC2, 0x00, 0x00, 0x00, 0xFC, 0xFF, 0xFF, 0xFF, 0xFF, 0xFF, 0xFF, 0xDF, 0x20, 0x00,
  0x00, 0x00, 0x35, 0xA2, 0xDB, 0xF9, 0xF0, 0xC9, 0x7A, 0x0E, 0x00, 0x00, 0x00, 0x00, 0x00, 0x00,
  0x97, 0xD5, 0x28, 0x14, 0x8D, 0xEF, 0x07, 0x00, 0x00, 0x00, 0x00, 0x00, 0x00, 0x00, 0x10, 0xA7,
  0xED, 0xF6, 0xCA, 0x3F, 0x00, 0x00, 0x00, 0x00, 0x00, 0x00, 0x00, 0x00, 0x00, 0x00, 0x00, 0x00,
  0x00, 0x00, 0x00, 0x00, 0x00, 0x00, 0x00, 0x00, 0x00, 0x01, 0x47, 0xA4, 0xDB, 0xF3, 0xF8, 0xE4,
  0xCD, 0x96, 0x51, 0x00, 0x00, 0x00, 0x15, 0xBA, 0xFF, 0xFF, 0xFF, 0xFF, 0xFF, 0xFF, 0xFF, 0xFF,
  0xF8, 0x00, 0x00, 0x08, 0xCC, 0xFF, 0xFF, 0xF5, 0x75, 0x20, 0x06, 0x1A, 0x39, 0x7F, 0xCE, 0x00,
  0x00, 0x74, 0xFF, 0xFF, 0xFE, 0x42, 0x00, 0x00, 0x00, 0x00, 0x00, 0x00, 0x00, 0x00, 0x00, 0xD4,
  0xFF, 0xFF, 0xB7, 0x00, 0x00, 0x00, 0x00, 0x00, 0x00, 0x00, 0x00, 0x00, 0x07, 0xFF, 0xFF, 0xFF,
  0x79, 0x00, 0x00, 0x00, 0x00, 0x00, 0x00, 0x00, 0x00, 0x00, 0x17, 0xFF, 0xFF, 0xFF, 0x67, 0x00,
  0x00, 0x00, 0xD4, 0xFF, 0xFF, 0xFF, 0xFF, 0x74, 0x07, 0xFF, 0xFF, 0xFF, 0x78, 0x00, 0x00, 0x00,
  0xD4, 0xFF, 0xFF, 0xFF, 0xFF, 0x74, 0x00, 0xD4, 0xFF, 0xFF, 0xB4, 0x00, 0x00, 0x00, 0x00, 0x00,
  0xC4, 0xFF, 0xFF, 0x74, 0x00, 0x76, 0xFF, 0xFF, 0xFC, 0x39, 0x00, 0x00, 0x00, 0x00, 0xC4, 0xFF,
  0xFF, 0x74, 0x00, 0x09, 0xCF, 0xFF, 0xFF, 0xF0, 0x6A, 0x19, 0x04, 0x1A, 0xD3, 0xFF, 0xFF, 0x74,
  0x00, 0x00, 0x18, 0xC1, 0xFF, 0xFF, 0xFF, 0xFF, 0xFF, 0xFF, 0xFF, 0xFF, 0xFF, 0x74, 0x00, 0x00,
  0x00, 0x02, 0x50, 0xAB, 0xE1, 0xF7, 0xF5, 0xDE, 0xC6, 0x8E, 0x45, 0x07, 0x00, 0x00, 0x00, 0x6E,
  0xD7, 0x00, 0x00, 0x03, 0xF4, 0x4C, 0x00, 0x00, 0x00, 0x00, 0x00, 0x28, 0xFB, 0x63, 0x0C, 0x80,
  0xF0, 0x13, 0x00, 0x00, 0x00, 0x00, 0x00, 0x00, 0x56, 0xD7, 0xF6, 0xCE, 0x41, 0x00, 0x00, 0x00,
  0x00, 0x00, 0x00, 0x00, 0x00, 0x00, 0x00, 0x00, 0x00, 0x00, 0x00, 0x00, 0x00, 0x00, 0x25, 0xB0,
  0xF3, 0xEE, 0x9E, 0x0F, 0xCC, 0xFF, 0xFF, 0x60, 0x00, 0x21, 0xEB, 0xFF, 0xFF, 0xFF, 0xFF, 0xC9,
  0xD2, 0xFF, 0xFF, 0x60, 0x00, 0xAD, 0xFF, 0xFF, 0xD6, 0x2A, 0x16, 0xA7, 0xFF, 0xFF, 0xFF, 0x60,
  0x08, 0xFA, 0xFF, 0xFF, 0x4E, 0x00, 0x00, 0x12, 0xF9, 0xFF, 0xFF, 0x60, 0x27, 0xFF, 0xFF, 0xFF,
  0x1D, 0x00, 0x00, 0x00, 0xDA, 0xFF, 0xFF, 0x60, 0x28, 0xFF, 0xFF, 0xFF, 0x1C, 0x00, 0x00, 0x00,
  0xDA, 0xFF, 0xFF, 0x60, 0x08, 0xF9, 0xFF, 0xFF, 0x4A, 0x00, 0x00, 0x12, 0xF9, 0xFF, 0xFF, 0x60,
  0x00, 0xAC, 0xFF, 0xFF, 0xD0, 0x26, 0x15, 0xA7, 0xFF, 0xFF, 0xFF, 0x60, 0x00, 0x21, 0xEC, 0xFF,
  0xFF, 0xFF, 0xFF, 0xCA, 0xD3, 0xFF, 0xFF, 0x5F, 0x00, 0x00, 0x26, 0xB1, 0xF3, 0xEE, 0x9E, 0x10,
  0xE3, 0xFF, 0xFF, 0x52, 0x00, 0x00, 0x00, 0x00, 0x00, 0x00, 0x00, 0x23, 0xFD, 0xFF, 0xFF, 0x25,
  0x00, 0x00, 0xC1, 0x54, 0x1C, 0x0B, 0x3A, 0xCC, 0xFF, 0xFF, 0xC2, 0x00, 0x00, 0x00, 0xFC, 0xFF,
  0xFF, 0xFF, 0xFF, 0xFF, 0xFF, 0xDF, 0x20, 0x00, 0x00, 0x00, 0x35, 0xA2, 0xDB, 0xF9, 0xF0, 0xC9,
  0x7A, 0x0E, 0x00, 0x00, 0x00, 0x00, 0x00, 0x00, 0x00, 0x00, 0x04, 0xFF, 0xFF, 0x64, 0x00, 0x00,
  0x00, 0x00, 0x00, 0x00, 0x00, 0x00, 0x00, 0x00, 0x04, 0xFF, 0xFF, 0x64, 0x00, 0x00, 0x00, 0x00,
  0x00, 0x00, 0x00, 0x00, 0x00, 0x00, 0x00, 0x00, 0x00, 0x00, 0x00, 0x00, 0x00, 0x00, 0x00, 0x00,
  0x00, 0x01, 0x47, 0xA4, 0xDB, 0xF3, 0xF8, 0xE4, 0xCD, 0x96, 0x51, 0x00, 0x00, 0x00, 0x15, 0xBA,
  0xFF, 0xFF, 0xFF, 0xFF, 0xFF, 0xFF, 0xFF, 0xFF, 0xF8, 0x00, 0x00, 0x08, 0xCC, 0xFF, 0xFF, 0xF5,
  0x75, 0x20, 0x06, 0x1A, 0x39, 0x7F, 0xCE, 0x00, 0x00, 0x74, 0xFF, 0xFF, 0xFE, 0x42, 0x00, 0x00,
  0x00, 0x00, 0x00, 0x00, 0x00, 0x00, 0x00, 0xD4, 0xFF, 0xFF, 0xB7, 0x00, 0x00, 0x00, 0x00, 0x00,
  0x00, 0x00, 0x00, 0x00, 0x07, 0xFF, 0xFF, 0xFF, 0x79, 0x00, 0x00, 0x00, 0x00, 0x00, 0x00, 0x00,
  0x00, 0x00, 0x17, 0xFF, 0xFF, 0xFF, 0x67, 0x00, 0x00, 0x00, 0xD4, 0xFF, 0xFF, 0xFF, 0xFF, 0x74,
  0x07, 0xFF, 0xFF, 0xFF, 0x78, 0x00, 0x00, 0x00, 0xD4, 0xFF, 0xFF, 0xFF, 0xFF, 0x74, 0x00, 0xD4,
  0xFF, 0xFF, 0xB4, 0x00, 0x00, 0x00, 0x00, 0x00, 0xC4, 0xFF, 0xFF, 0x74, 0x00, 0x76, 0xFF, 0xFF,
  0xFC, 0x39, 0x00, 0x00, 0x00, 0x00, 0xC4, 0xFF, 0xFF, 0x74, 0x00, 0x09, 0xCF, 0xFF, 0xFF, 0xF0,
  0x6A, 0x19, 0x04, 0x1A, 0xD3, 0xFF, 0xFF, 0x74, 0x00, 0x00, 0x18, 0xC1, 0xFF, 0xFF, 0xFF, 0xFF,
  0xFF, 0xFF, 0xFF, 0xFF, 0xFF, 0x74, 0x00, 0x00, 0x00, 0x02, 0x50, 0xAB, 0xE1, 0xF7, 0xF5, 0xDE,
  0xC6, 0x8E, 0x45, 0x07, 0x00, 0x00, 0x00, 0x00, 0x70, 0xFF, 0xFF, 0xB8, 0x00, 0x00, 0x00, 0x00,
  0x00, 0x00, 0x00, 0x00, 0x70, 0xFF, 0xFF, 0xB8, 0x00, 0x00, 0x00, 0x00, 0x00, 0x00, 0x00, 0x00,
  0x70, 0xFF, 0xFF, 0xB8, 0x00, 0x00, 0x00, 0x00, 0x00, 0x00, 0x00, 0x00, 0x00, 0x00, 0x00, 0x00,
  0x00, 0x00, 0x00, 0x00, 0x00, 0x00, 0x25, 0xB0, 0xF3, 0xEE, 0x9E, 0x0F, 0xCC, 0xFF, 0xFF, 0x60,
  0x00, 0x21, 0xEB, 0xFF, 0xFF, 0xFF, 0xFF, 0xC9, 0xD2, 0xFF, 0xFF, 0x60, 0x00, 0xAD, 0xFF, 0xFF,
  0xD6, 0x2A, 0x16, 0xA7, 0xFF, 0xFF, 0xFF, 0x60, 0x08, 0xFA, 0xFF, 0xFF, 0x4E, 0x00, 0x00, 0x12,
  0xF9, 0xFF, 0xFF, 0x60, 0x27, 0xFF, 0xFF, 0xFF, 0x1D, 0x00, 0x00, 0x00, 0xDA, 0xFF, 0xFF, 0x60,
  0x28, 0xFF, 0xFF, 0xFF, 0x1C, 0x00, 0x00, 0x00, 0xDA, 0xFF, 0xFF, 0x60, 0x08, 0xF9, 0xFF, 0xFF,
  0x4A, 0x00, 0x00, 0x12, 0xF9, 0xFF, 0xFF, 0x60, 0x00, 0xAC, 0xFF, 0xFF, 0xD0, 0x26, 0x15, 0xA7,
  0xFF, 0xFF, 0xFF, 0x60, 0x00, 0x21, 0xEC, 0xFF, 0xFF, 0xFF, 0xFF, 0xCA, 0xD3, 0xFF, 0xFF, 0x5F,
  0x00, 0x00, 0x26, 0xB1, 0xF3, 0xEE, 0x9E, 0x10, 0xE3, 0xFF, 0xFF, 0x52, 0x00, 0x00, 0x00, 0x00,
  0x00, 0x00, 0x00, 0x23, 0xFD, 0xFF, 0xFF, 0x25, 0x00, 0x00, 0xC1, 0x54, 0x1C, 0x0B, 0x3A, 0xCC,
  0xFF, 0xFF, 0xC2, 0x00, 0x00, 0x00, 0xFC, 0xFF, 0xFF, 0xFF, 0xFF, 0xFF, 0xFF, 0xDF, 0x20, 0x00,
  0x00, 0x00, 0x35, 0xA2, 0xDB, 0xF9, 0xF0, 0xC9, 0x7A, 0x0E, 0x00, 0x00, 0x00, 0x00, 0x00, 0x01,
  0x47, 0xA4, 0xDB, 0xF3, 0xF8, 0xE4, 0xCD, 0x96, 0x51, 0x00, 0x00, 0x00, 0x15, 0xBA, 0xFF, 0xFF,
  0xFF, 0xFF, 0xFF, 0xFF, 0xFF, 0xFF, 0xF8, 0x00, 0x00, 0x08, 0xCC, 0xFF, 0xFF, 0xF5, 0x75, 0x20,
  0x06, 0x1A, 0x39, 0x7F, 0xCE, 0x00, 0x00, 0x74, 0xFF, 0xFF, 0xFE, 0x42, 0x00, 0x00, 0x00, 0x00,
  0x00, 0x00, 0x00, 0x00, 0x00, 0xD4, 0xFF, 0xFF, 0xB7, 0x00, 0x00, 0x00, 0x00, 0x00, 0x00, 0x00,
  0x00, 0x00, 0x07, 0xFF, 0xFF, 0xFF, 0x79, 0x00, 0x00, 0x00, 0x00, 0x00, 0x00, 0x00, 0x00, 0x00,
  0x17, 0xFF, 0xFF, 0xFF, 0x67, 0x00, 0x00, 0x00, 0xD4, 0xFF, 0xFF, 0xFF, 0xFF, 0x74, 0x07, 0xFF,
  0xFF, 0xFF, 0x78, 0x00, 0x00, 0x00, 0xD4, 0xFF, 0xFF, 0xFF, 0xFF, 0x74, 0x00, 0xD4, 0xFF, 0xFF,
  0xB4, 0x00, 0x00, 0x00, 0x00, 0x00, 0xC4, 0xFF, 0xFF, 0x74, 0x00, 0x76, 0xFF, 0xFF, 0xFC, 0x39,
  0x00, 0x00, 0x00, 0x00, 0xC4, 0xFF, 0xFF, 0x74, 0x00, 0x09, 0xCF, 0xFF, 0xFF, 0xF0, 0x6A, 0x19,
  0x04, 0x1A, 0xD3, 0xFF, 0xFF, 0x74, 0x00, 0x00, 0x18, 0xC1, 0xFF, 0xFF, 0xFF, 0xFF, 0xFF, 0xFF,
  0xFF, 0xFF, 0xFF, 0x74, 0x00, 0x00, 0x00, 0x02, 0x50, 0xAB, 0xE1, 0xF7, 0xF5, 0xDE, 0xC6, 0x8E,
  0x45, 0x07, 0x00, 0x00, 0x00, 0x00, 0x00, 0x00, 0x00, 0x00, 0x00, 0x00, 0x00, 0x00, 0x00, 0x00,
  0x00, 0x00, 0x00, 0x00, 0x00, 0x00, 0x27, 0xFF, 0xFF, 0x80, 0x00, 0x00, 0x00, 0x00, 0x00, 0x00,
  0x00, 0x00, 0x00, 0x00, 0x6B, 0xFF, 0xD3, 0x06, 0x00, 0x00, 0x00, 0x00, 0x00, 0x00, 0x00, 0x00,
  0x00, 0x00, 0xAE, 0xFC, 0x36, 0x00, 0x00, 0x00, 0x00, 0x00, 0x00, 0x00, 0x00, 0x00, 0x00, 0x00,
  0x9C, 0xFF, 0x45, 0x00, 0x00, 0x00, 0x00, 0x00, 0x00, 0x00, 0x00, 0x43, 0xFF, 0xF8, 0x09, 0x00,
  0x00, 0x00, 0x00, 0x00, 0x00, 0x00, 0x0A, 0xDE, 0xFF, 0xBD, 0x00, 0x00, 0x00, 0x00, 0x00, 0x00,
  0x00, 0x00, 0x00, 0x00, 0x00, 0x00, 0x00, 0x00, 0x00, 0x00, 0x00, 0x00, 0x00, 0x00, 0x00, 0x00,
  0x00, 0x00, 0x00, 0x00, 0x00, 0x00, 0x00, 0x00, 0x25, 0xB0, 0xF3, 0xEE, 0x9E, 0x0F, 0xCC, 0xFF,
  0xFF, 0x60, 0x00, 0x21, 0xEB, 0xFF, 0xFF, 0xFF, 0xFF, 0xC9, 0xD2, 0xFF, 0xFF, 0x60, 0x00, 0xAD,
  0xFF, 0xFF, 0xD6, 0x2A, 0x16, 0xA7, 0xFF, 0xFF, 0xFF, 0x60, 0x08, 0xFA, 0xFF, 0xFF, 0x4E, 0x00,
  0x00, 0x12, 0xF9, 0xFF, 0xFF, 0x60, 0x27, 0xFF, 0xFF, 0xFF, 0x1D, 0x00, 0x00, 0x00, 0xDA, 0xFF,
  0xFF, 0x60, 0x28, 0xFF, 0xFF, 0xFF, 0x1C, 0x00, 0x00, 0x00, 0xDA, 0xFF, 0xFF, 0x60, 0x08, 0xF9,
  0xFF, 0xFF, 0x4A, 0x00, 0x00, 0x12, 0xF9, 0xFF, 0xFF, 0x60, 0x00, 0xAC, 0xFF, 0xFF, 0xD0, 0x26,
  0x15, 0xA7, 0xFF, 0xFF, 0xFF, 0x60, 0x00, 0x21, 0xEC, 0xFF, 0xFF, 0xFF, 0xFF, 0xCA, 0xD3, 0xFF,
  0xFF, 0x5F, 0x00, 0x00, 0x26, 0xB1, 0xF3, 0xEE, 0x9E, 0x10, 0xE3, 0xFF, 0xFF, 0x52, 0x00, 0x00,
  0x00, 0x00, 0x00, 0x00, 0x00, 0x23, 0xFD, 0xFF, 0xFF, 0x25, 0x00, 0x00, 0xC1, 0x54, 0x1C, 0x0B,
  0x3A, 0xCC, 0xFF, 0xFF, 0xC2, 0x00, 0x00, 0x00, 0xFC, 0xFF, 0xFF, 0xFF, 0xFF, 0xFF, 0xFF, 0xDF,
  0x20, 0x00, 0x00, 0x00, 0x35, 0xA2, 0xDB, 0xF9, 0xF0, 0xC9, 0x7A, 0x0E, 0x00, 0x00, 0x00, 0x00,
  0x00, 0x00, 0x54, 0xFC, 0xEE, 0xFE, 0x61, 0x00, 0x00, 0x00, 0x00, 0x00, 0x00, 0x00, 0x4F, 0xF6,
  0x80, 0x06, 0x75, 0xF6, 0x5D, 0x00, 0x00, 0x00, 0x00, 0x00, 0x00, 0x00, 0x00, 0x00, 0x00, 0x00,
  0x00, 0x00, 0x00, 0x00, 0x00, 0x58, 0xFF, 0xFF, 0xFF, 0x08, 0x00, 0x00, 0x00, 0x00, 0xF8, 0xFF,
  0xFF, 0x68, 0x58, 0xFF, 0xFF, 0xFF, 0x08, 0x00, 0x00, 0x00, 0x00, 0xF8, 0xFF, 0xFF, 0x68, 0x58,
  0xFF, 0xFF, 0xFF, 0x08, 0x00, 0x00, 0x00, 0x00, 0xF8, 0xFF, 0xFF, 0x68, 0x58, 0xFF, 0xFF, 0xFF,
  0x08, 0x00, 0x00, 0x00, 0x00, 0xF8, 0xFF, 0xFF, 0x68, 0x58, 0xFF, 0xFF, 0xFF, 0x08, 0x00, 0x00,
  0x00, 0x00, 0xF8, 0xFF, 0xFF, 0x68, 0x58, 0xFF, 0xFF, 0xFF, 0xFF, 0xFF, 0xFF, 0xFF, 0xFF, 0xFF,
  0xFF, 0xFF, 0x68, 0x58, 0xFF, 0xFF, 0xFF, 0xFF, 0xFF, 0xFF, 0xFF, 0xFF, 0xFF, 0xFF, 0xFF, 0x68,
  0x58, 0xFF, 0xFF, 0xFF, 0x08, 0x00, 0x00, 0x00, 0x00, 0xF8, 0xFF, 0xFF, 0x68, 0x58, 0xFF, 0xFF,
  0xFF, 0x08, 0x00, 0x00, 0x00, 0x00, 0xF8, 0xFF, 0xFF, 0x68, 0x58, 0xFF, 0xFF, 0xFF, 0x08, 0x00,
  0x00, 0x00, 0x00, 0xF8, 0xFF, 0xFF, 0x68, 0x58, 0xFF, 0xFF, 0xFF, 0x08, 0x00, 0x00, 0x00, 0x00,
  0xF8, 0xFF, 0xFF, 0x68, 0x58, 0xFF, 0xFF, 0xFF, 0x08, 0x00, 0x00, 0x00, 0x00, 0xF8, 0xFF, 0xFF,
  0x68, 0x58, 0xFF, 0xFF, 0xFF, 0x08, 0x00, 0x00, 0x00, 0x00, 0xF8, 0xFF, 0xFF, 0x68, 0x00, 0x05,
  0xB0, 0xFD, 0xF1, 0xDE, 0x1D, 0x00, 0x00, 0x00, 0x00, 0x00, 0x00, 0x03, 0xAB, 0xDF, 0x3C, 0x1A,
  0xB9, 0xDB, 0x1A, 0x00, 0x00, 0x00, 0x00, 0x00, 0x00, 0x00, 0x00, 0x00, 0x00, 0x00, 0x00, 0x00,
  0x00, 0x00, 0x00, 0x00, 0x00, 0x00, 0x00, 0x7C, 0xFF, 0xFF, 0xA8, 0x00, 0x00, 0x00, 0x00, 0x00,
  0x00, 0x00, 0x00, 0x00, 0x7C, 0xFF, 0xFF, 0xA8, 0x00, 0x00, 0x00, 0x00, 0x00, 0x00, 0x00, 0x00,
  0x00, 0x7C, 0xFF, 0xFF, 0xA8, 0x00, 0x00, 0x00, 0x00, 0x00, 0x00, 0x00, 0x00, 0x00, 0x7C, 0xFF,
  0xFF, 0xA8, 0x16, 0xA6, 0xF1, 0xE8, 0xA9, 0x1A, 0x00, 0x00, 0x00, 0x7C, 0xFF, 0xFF, 0xBA, 0xDB,
  0xFF, 0xFF, 0xFF, 0xFF, 0xCE, 0x02, 0x00, 0x00, 0x7C, 0xFF, 0xFF, 0xFF, 0x90, 0x13, 0x48, 0xFA,
  0xFF, 0xFF, 0x39, 0x00, 0x00, 0x7C, 0xFF, 0xFF, 0xE5, 0x04, 0x00, 0x00, 0xD0, 0xFF, 0xFF, 0x5D,
  0x00, 0x00, 0x7C, 0xFF, 0xFF, 0xB5, 0x00, 0x00, 0x00, 0xC2, 0xFF, 0xFF, 0x68, 0x00, 0x00, 0x7C,
  0xFF, 0xFF, 0xA8, 0x00, 0x00, 0x00, 0xC0, 0xFF, 0xFF, 0x68, 0x00, 0x00, 0x7C, 0xFF, 0xFF, 0xA8,
  0x00, 0x00, 0x00, 0xC0, 0xFF, 0xFF, 0x68, 0x00, 0x00, 0x7C, 0xFF, 0xFF, 0xA8, 0x00, 0x00, 0x00,
  0xC0, 0xFF, 0xFF, 0x68, 0x00, 0x00, 0x7C, 0xFF, 0xFF, 0xA8, 0x00, 0x00, 0x00, 0xC0, 0xFF, 0xFF,
  0x68, 0x00, 0x00, 0x7C, 0xFF, 0xFF, 0xA8, 0x00, 0x00, 0x00, 0xC0, 0xFF, 0xFF, 0x68, 0x00, 0x1C,
  0xFF, 0xFF, 0xFF, 0x44, 0x00, 0x00, 0x00, 0x00, 0xBC, 0xFF, 0xFF, 0xA4, 0x00, 0x58, 0xFF, 0xFF,
  0xFF, 0xFF, 0xFF, 0xFF, 0xFF, 0xFF, 0xFF, 0xFF, 0xFF, 0xFF, 0xFF, 0xE0, 0x58, 0xFF, 0xFF, 0xFF,
  0xFF, 0xFF, 0xFF, 0xFF, 0xFF, 0xFF, 0xFF, 0xFF, 0xFF, 0xFF, 0xE0, 0x00, 0x1C, 0xFF, 0xFF, 0xFF,
  0x44, 0x00, 0x00, 0x00, 0x00, 0xBC, 0xFF, 0xFF, 0xA4, 0x00, 0x00, 0x1C, 0xFF, 0xFF, 0xFF, 0x44,
  0x00, 0x00, 0x00, 0x00, 0xBC, 0xFF, 0xFF, 0xA4, 0x00, 0x00, 0x1C, 0xFF, 0xFF, 0xFF, 0xFF, 0xFF,
  0xFF, 0xFF, 0xFF, 0xFF, 0xFF, 0xFF, 0xA4, 0x00, 0x00, 0x1C, 0xFF, 0xFF, 0xFF, 0xFF, 0xFF, 0xFF,
  0xFF, 0xFF, 0xFF, 0xFF, 0xFF, 0xA4, 0x00, 0x00, 0x1C, 0xFF, 0xFF, 0xFF, 0x44, 0x00, 0x00, 0x00,
  0x00, 0xBC, 0xFF, 0xFF, 0xA4, 0x00, 0x00, 0x1C, 0xFF, 0xFF, 0xFF, 0x44, 0x00, 0x00, 0x00, 0x00,
  0xBC, 0xFF, 0xFF, 0xA4, 0x00, 0x00, 0x1C, 0xFF, 0xFF, 0xFF, 0x44, 0x00, 0x00, 0x00, 0x00, 0xBC,
  0xFF, 0xFF, 0xA4, 0x00, 0x00, 0x1C, 0xFF, 0xFF, 0xFF, 0x44, 0x00, 0x00, 0x00, 0x00, 0xBC, 0xFF,
  0xFF, 0xA4, 0x00, 0x00, 0x1C, 0xFF, 0xFF, 0xFF, 0x44, 0x00, 0x00, 0x00, 0x00, 0xBC, 0xFF, 0xFF,
  0xA4, 0x00, 0x00, 0x1C, 0xFF, 0xFF, 0xFF, 0x44, 0x00, 0x00, 0x00, 0x00, 0xBC, 0xFF, 0xFF, 0xA4,
  0x00, 0x00, 0x24, 0xFF, 0xFF, 0xFF, 0x04, 0x00, 0x00, 0x00, 0x00, 0x00, 0x00, 0x8C, 0xFF, 0xFF,
  0xFF, 0xFF, 0xFF, 0xFF, 0xFF, 0x34, 0x00, 0x00, 0x00, 0x8C, 0xFF, 0xFF, 0xFF, 0xFF, 0xFF, 0xFF,
  0xFF, 0x34, 0x00, 0x00, 0x00, 0x00, 0x24, 0xFF, 0xFF, 0xFF, 0x04, 0x00, 0x00, 0x00, 0x00, 0x00,
  0x00, 0x00, 0x24, 0xFF, 0xFF, 0xFF, 0x05, 0x73, 0xDF, 0xF3, 0xC9, 0x43, 0x00, 0x00, 0x24, 0xFF,
  0xFF, 0xFF, 0x95, 0xFF, 0xFF, 0xFF, 0xFF, 0xFC, 0x29, 0x00, 0x24, 0xFF, 0xFF, 0xFF, 0xD5, 0x2A,
  0x1C, 0xD1, 0xFF, 0xFF, 0x92, 0x00, 0x24, 0xFF, 0xFF, 0xFF, 0x49, 0x00, 0x00, 0x79, 0xFF, 0xFF,
  0xB6, 0x00, 0x24, 0xFF, 0xFF, 0xFF, 0x13, 0x00, 0x00, 0x6B, 0xFF, 0xFF, 0xC4, 0x00, 0x24, 0xFF,
  0xFF, 0xFF, 0x04, 0x00, 0x00, 0x68, 0xFF, 0xFF, 0xC4, 0x00, 0x24, 0xFF, 0xFF, 0xFF, 0x04, 0x00,
  0x00, 0x68, 0xFF, 0xFF, 0xC4, 0x00, 0x24, 0xFF, 0xFF, 0xFF, 0x04, 0x00, 0x00, 0x68, 0xFF, 0xFF,
  0xC4, 0x00, 0x24, 0xFF, 0xFF, 0xFF, 0x04, 0x00, 0x00, 0x68, 0xFF, 0xFF, 0xC4, 0x00, 0x24, 0xFF,
  0xFF, 0xFF, 0x04, 0x00, 0x00, 0x68, 0xFF, 0xFF, 0xC4, 0x1A, 0xD4, 0xE6, 0x75, 0x17, 0xEC, 0x5E,
  0x86, 0xFF, 0xFF, 0xFF, 0xFF, 0xFF, 0x36, 0xAF, 0xA5, 0x24, 0xA3, 0xF4, 0xA4, 0x00, 0x00, 0x00,
  0x00, 0x00, 0x00, 0x00, 0x00, 0x00, 0x58, 0xFF, 0xFF, 0xFF, 0x08, 0x00, 0x00, 0x58, 0xFF, 0xFF,
  0xFF, 0x08, 0x00, 0x00, 0x58, 0xFF, 0xFF, 0xFF, 0x08, 0x00, 0x00, 0x58, 0xFF, 0xFF, 0xFF, 0x08,
  0x00, 0x00, 0x58, 0xFF, 0xFF, 0xFF, 0x08, 0x00, 0x00, 0x58, 0xFF, 0xFF, 0xFF, 0x08, 0x00, 0x00,
  0x58, 0xFF, 0xFF, 0xFF, 0x08, 0x00, 0x00, 0x58, 0xFF, 0xFF, 0xFF, 0x08, 0x00, 0x00, 0x58, 0xFF,
  0xFF, 0xFF, 0x08, 0x00, 0x00, 0x58, 0xFF, 0xFF, 0xFF, 0x08, 0x00, 0x00, 0x58, 0xFF, 0xFF, 0xFF,
  0x08, 0x00, 0x00, 0x58, 0xFF, 0xFF, 0xFF, 0x08, 0x00, 0x00, 0x58, 0xFF, 0xFF, 0xFF, 0x08, 0x00,
  0x46, 0xEB, 0xCE, 0x4D, 0x3F, 0xFC, 0x18, 0xC8, 0xFF, 0xFF, 0xFF, 0xFF, 0xEC, 0x03, 0xED, 0x61,
  0x40, 0xC1, 0xF1, 0x67, 0x00, 0x00, 0x00, 0x00, 0x00, 0x00, 0x00, 0x00, 0x00, 0x7C, 0xFF, 0xFF,
  0xA8, 0x00, 0x00, 0x00, 0x7C, 0xFF, 0xFF, 0xA8, 0x00, 0x00, 0x00, 0x7C, 0xFF, 0xFF, 0xA8, 0x00,
  0x00, 0x00, 0x7C, 0xFF, 0xFF, 0xA8, 0x00, 0x00, 0x00, 0x7C, 0xFF, 0xFF, 0xA8, 0x00, 0x00, 0x00,
  0x7C, 0xFF, 0xFF, 0xA8, 0x00, 0x00, 0x00, 0x7C, 0xFF, 0xFF, 0xA8, 0x00, 0x00, 0x00, 0x7C, 0xFF,
  0xFF, 0xA8, 0x00, 0x00, 0x00, 0x7C, 0xFF, 0xFF, 0xA8, 0x00, 0x00, 0x00, 0x7C, 0xFF, 0xFF, 0xA8,
  0x00, 0x00, 0x6C, 0xFF, 0xFF, 0xFF, 0xFF, 0xFF, 0x1C, 0x6C, 0xFF, 0xFF, 0xFF, 0xFF, 0xFF, 0x1C,
  0x00, 0x00, 0x00, 0x00, 0x00, 0x00, 0x00, 0x00, 0x00, 0x00, 0x00, 0x00, 0x00, 0x00, 0x00, 0x58,
  0xFF, 0xFF, 0xFF, 0x08, 0x00, 0x00, 0x58, 0xFF, 0xFF, 0xFF, 0x08, 0x00, 0x00, 0x58, 0xFF, 0xFF,
  0xFF, 0x08, 0x00, 0x00, 0x58, 0xFF, 0xFF, 0xFF, 0x08, 0x00, 0x00, 0x58, 0xFF, 0xFF, 0xFF, 0x08,
  0x00, 0x00, 0x58, 0xFF, 0xFF, 0xFF, 0x08, 0x00, 0x00, 0x58, 0xFF, 0xFF, 0xFF, 0x08, 0x00, 0x00,
  0x58, 0xFF, 0xFF, 0xFF, 0x08, 0x00, 0x00, 0x58, 0xFF, 0xFF, 0xFF, 0x08, 0x00, 0x00, 0x58, 0xFF,
  0xFF, 0xFF, 0x08, 0x00, 0x00, 0x58, 0xFF, 0xFF, 0xFF, 0x08, 0x00, 0x00, 0x58, 0xFF, 0xFF, 0xFF,
  0x08, 0x00, 0x00, 0x58, 0xFF, 0xFF, 0xFF, 0x08, 0x00, 0xB0, 0xFF, 0xFF, 0xFF, 0xFF, 0xD8, 0xB0,
  0xFF, 0xFF, 0xFF, 0xFF, 0xD8, 0x00, 0x00, 0x00, 0x00, 0x00, 0x00, 0x00, 0x00, 0x00, 0x00, 0x00,
  0x00, 0x00, 0x7C, 0xFF, 0xFF, 0xA8, 0x00, 0x00, 0x7C, 0xFF, 0xFF, 0xA8, 0x00, 0x00, 0x7C, 0xFF,
  0xFF, 0xA8, 0x00, 0x00, 0x7C, 0xFF, 0xFF, 0xA8, 0x00, 0x00, 0x7C, 0xFF, 0xFF, 0xA8, 0x00, 0x00,
  0x7C, 0xFF, 0xFF, 0xA8, 0x00, 0x00, 0x7C, 0xFF, 0xFF, 0xA8, 0x00, 0x00, 0x7C, 0xFF, 0xFF, 0xA8,
  0x00, 0x00, 0x7C, 0xFF, 0xFF, 0xA8, 0x00, 0x00, 0x7C, 0xFF, 0xFF, 0xA8, 0x00, 0x6F, 0xEB, 0x39,
  0x0F, 0x6C, 0xFD, 0x20, 0x04, 0x90, 0xE7, 0xF8, 0xD6, 0x59, 0x00, 0x00, 0x00, 0x00, 0x00, 0x00,
  0x00, 0x00, 0x00, 0x58, 0xFF, 0xFF, 0xFF, 0x08, 0x00, 0x00, 0x58, 0xFF, 0xFF, 0xFF, 0x08, 0x00,
  0x00, 0x58, 0xFF, 0xFF, 0xFF, 0x08, 0x00, 0x00, 0x58, 0xFF, 0xFF, 0xFF, 0x08, 0x00, 0x00, 0x58,
  0xFF, 0xFF, 0xFF, 0x08, 0x00, 0x00, 0x58, 0xFF, 0xFF, 0xFF, 0x08, 0x00, 0x00, 0x58, 0xFF, 0xFF,
  0xFF, 0x08, 0x00, 0x00, 0x58, 0xFF, 0xFF, 0xFF, 0x08, 0x00, 0x00, 0x58, 0xFF, 0xFF, 0xFF, 0x08,
  0x00, 0x00, 0x58, 0xFF, 0xFF, 0xFF, 0x08, 0x00, 0x00, 0x58, 0xFF, 0xFF, 0xFF, 0x08, 0x00, 0x00,
  0x58, 0xFF, 0xFF, 0xFF, 0x08, 0x00, 0x00, 0x58, 0xFF, 0xFF, 0xFF, 0x08, 0x00, 0xCA, 0x7B, 0x00,
  0x00, 0x54, 0xF0, 0x7F, 0xE2, 0x28, 0x1A, 0xCA, 0xA7, 0x08, 0x95, 0xE9, 0xEF, 0xAA, 0x15, 0x00,
  0x00, 0x00, 0x00, 0x00, 0x00, 0x00, 0x7C, 0xFF, 0xFF, 0xA8, 0x00, 0x00, 0x7C, 0xFF, 0xFF, 0xA8,
  0x00, 0x00, 0x7C, 0xFF, 0xFF, 0xA8, 0x00, 0x00, 0x7C, 0xFF, 0xFF, 0xA8, 0x00, 0x00, 0x7C, 0xFF,
  0xFF, 0xA8, 0x00, 0x00, 0x7C, 0xFF, 0xFF, 0xA8, 0x00, 0x00, 0x7C, 0xFF, 0xFF, 0xA8, 0x00, 0x00,
  0x7C, 0xFF, 0xFF, 0xA8, 0x00, 0x00, 0x7C, 0xFF, 0xFF, 0xA8, 0x00, 0x00, 0x7C, 0xFF, 0xFF, 0xA8,
  0x00, 0x58, 0xFF, 0xFF, 0xFF, 0x08, 0x00, 0x58, 0xFF, 0xFF, 0xFF, 0x08, 0x00, 0x58, 0xFF, 0xFF,
  0xFF, 0x08, 0x00, 0x58, 0xFF, 0xFF, 0xFF, 0x08, 0x00, 0x58, 0xFF, 0xFF, 0xFF, 0x08, 0x00, 0x58,
  0xFF, 0xFF, 0xFF, 0x08, 0x00, 0x58, 0xFF, 0xFF, 0xFF, 0x08, 0x00, 0x58, 0xFF, 0xFF, 0xFF, 0x08,
  0x00, 0x58, 0xFF, 0xFF, 0xFF, 0x08, 0x00, 0x58, 0xFF, 0xFF, 0xFF, 0x08, 0x00, 0x58, 0xFF, 0xFF,
  0xFF, 0x08, 0x00, 0x58, 0xFF, 0xFF, 0xFF, 0x08, 0x00, 0x58, 0xFF, 0xFF, 0xFF, 0x08, 0x00, 0x00,
  0x00, 0x88, 0xC5, 0x00, 0x00, 0x00, 0x0B, 0xFA, 0x5E, 0x00, 0x00, 0x00, 0x21, 0xFF, 0x7E, 0x00,
  0x00, 0x00, 0x00, 0x92, 0xF2, 0xFF, 0x94, 0x7C, 0xFF, 0xFF, 0xA8, 0x00, 0x00, 0x7C, 0xFF, 0xFF,
  0xA8, 0x00, 0x00, 0x7C, 0xFF, 0xFF, 0xA8, 0x00, 0x00, 0x00, 0x00, 0x00, 0x00, 0x00, 0x00, 0x7C,
  0xFF, 0xFF, 0xA8, 0x00, 0x00, 0x7C, 0xFF, 0xFF, 0xA8, 0x00, 0x00, 0x7C, 0xFF, 0xFF, 0xA8, 0x00,
  0x00, 0x7C, 0xFF, 0xFF, 0xA8, 0x00, 0x00, 0x7C, 0xFF, 0xFF, 0xA8, 0x00, 0x00, 0x7C, 0xFF, 0xFF,
  0xA8, 0x00, 0x00, 0x7C, 0xFF, 0xFF, 0xA8, 0x00, 0x00, 0x7C, 0xFF, 0xFF, 0xA8, 0x00, 0x00, 0x7C,
  0xFF, 0xFF, 0xA8, 0x00, 0x00, 0x7C, 0xFF, 0xFF, 0xA8, 0x00, 0x00, 0x00, 0x0A, 0xDD, 0x65, 0x00,
  0x00, 0x00, 0x66, 0xF7, 0x07, 0x00, 0x00, 0x00, 0x81, 0xFC, 0x23, 0x00, 0x00, 0x00, 0x1F, 0xCB,
  0xFB, 0xFF, 0x34, 0x00, 0xD4, 0xFF, 0x94, 0x00, 0x00, 0xD4, 0xFF, 0x94, 0x00, 0x00, 0x00, 0x00,
  0x00, 0x00, 0x58, 0xFF, 0xFF, 0xFF, 0x08, 0x58, 0xFF, 0xFF, 0xFF, 0x08, 0x58, 0xFF, 0xFF, 0xFF,
  0x08, 0x58, 0xFF, 0xFF, 0xFF, 0x08, 0x58, 0xFF, 0xFF, 0xFF, 0x08, 0x58, 0xFF, 0xFF, 0xFF, 0x08,
  0x58, 0xFF, 0xFF, 0xFF, 0x08, 0x58, 0xFF, 0xFF, 0xFF, 0x08, 0x58, 0xFF, 0xFF, 0xFF, 0x08, 0x58,
  0xFF, 0xFF, 0xFF, 0x08, 0x58, 0xFF, 0xFF, 0xFF, 0x08, 0x58, 0xFF, 0xFF, 0xFF, 0x08, 0x58, 0xFF,
  0xFF, 0xFF, 0x08, 0x7C, 0xFF, 0xFF, 0xA8, 0x7C, 0xFF, 0xFF, 0xA8, 0x7C, 0xFF, 0xFF, 0xA8, 0x7C,
  0xFF, 0xFF, 0xA8, 0x7C, 0xFF, 0xFF, 0xA8, 0x7C, 0xFF, 0xFF, 0xA8, 0x7C, 0xFF, 0xFF, 0xA8, 0x7C,
  0xFF, 0xFF, 0xA8, 0x7C, 0xFF, 0xFF, 0xA8, 0x7C, 0xFF, 0xFF, 0xA8, 0x58, 0xFF, 0xFF, 0xFF, 0x08,
  0x00, 0x00, 0xA8, 0xFF, 0xFF, 0xB8, 0x58, 0xFF, 0xFF, 0xFF, 0x08, 0x00, 0x00, 0xA8, 0xFF, 0xFF,
  0xB8, 0x58, 0xFF, 0xFF, 0xFF, 0x08, 0x00, 0x00, 0xA8, 0xFF, 0xFF, 0xB8, 0x58, 0xFF, 0xFF, 0xFF,
  0x08, 0x00, 0x00, 0xA8, 0xFF, 0xFF, 0xB8, 0x58, 0xFF, 0xFF, 0xFF, 0x08, 0x00, 0x00, 0xA8, 0xFF,
  0xFF, 0xB8, 0x58, 0xFF, 0xFF, 0xFF, 0x08, 0x00, 0x00, 0xA8, 0xFF, 0xFF, 0xB8, 0x58, 0xFF, 0xFF,
  0xFF, 0x08, 0x00, 0x00, 0xA8, 0xFF, 0xFF, 0xB8, 0x58, 0xFF, 0xFF, 0xFF, 0x08, 0x00, 0x00, 0xA8,
  0xFF, 0xFF, 0xB8, 0x58, 0xFF, 0xFF, 0xFF, 0x08, 0x00, 0x00, 0xA8, 0xFF, 0xFF, 0xB8, 0x58, 0xFF,
  0xFF, 0xFF, 0x08, 0x00, 0x00, 0xA8, 0xFF, 0xFF, 0xB8, 0x58, 0xFF, 0xFF, 0xFF, 0x08, 0x00, 0x00,
  0xA8, 0xFF, 0xFF, 0xB8, 0x58, 0xFF, 0xFF, 0xFF, 0x08, 0x00, 0x00, 0xA8, 0xFF, 0xFF, 0xB8, 0x58,
  0xFF, 0xFF, 0xFF, 0x08, 0x00, 0x00, 0xAB, 0xFF, 0xFF, 0xB5, 0x00, 0x00, 0x00, 0x00, 0x00, 0x00,
  0x00, 0xCF, 0xFF, 0xFF, 0x9F, 0x00, 0x00, 0x00, 0x00, 0x00, 0x0D, 0x71, 0xFF, 0xFF, 0xFF, 0x5A,
  0x00, 0x00, 0x00, 0x00, 0x54, 0xFF, 0xFF, 0xFF, 0xFF, 0xB9, 0x03, 0x00, 0x00, 0x00, 0x00, 0x54,
  0xFD, 0xEE, 0xC2, 0x6A, 0x04, 0x00, 0x7C, 0xFF, 0xFF, 0xA8, 0x00, 0x00, 0x50, 0xFF, 0xFF, 0xD4,
  0x7C, 0xFF, 0xFF, 0xA8, 0x00, 0x00, 0x50, 0xFF, 0xFF, 0xD4, 0x7C, 0xFF, 0xFF, 0xA8, 0x00, 0x00,
  0x50, 0xFF, 0xFF, 0xD4, 0x00, 0x00, 0x00, 0x00, 0x00, 0x00, 0x00, 0x00, 0x00, 0x00, 0x7C, 0xFF,
  0xFF, 0xA8, 0x00, 0x00, 0x50, 0xFF, 0xFF, 0xD4, 0x7C, 0xFF, 0xFF, 0xA8, 0x00, 0x00, 0x50, 0xFF,
  0xFF, 0xD4, 0x7C, 0xFF, 0xFF, 0xA8, 0x00, 0x00, 0x50, 0xFF, 0xFF, 0xD4, 0x7C, 0xFF, 0xFF, 0xA8,
  0x00, 0x00, 0x50, 0xFF, 0xFF, 0xD4, 0x7C, 0xFF, 0xFF, 0xA8, 0x00, 0x00, 0x50, 0xFF, 0xFF, 0xD4,
  0x7C, 0xFF, 0xFF, 0xA8, 0x00, 0x00, 0x50, 0xFF, 0xFF, 0xD4, 0x7C, 0xFF, 0xFF, 0xA8, 0x00, 0x00,
  0x50, 0xFF, 0xFF, 0xD4, 0x7C, 0xFF, 0xFF, 0xA8, 0x00, 0x00, 0x50, 0xFF, 0xFF, 0xD4, 0x7C, 0xFF,
  0xFF, 0xA8, 0x00, 0x00, 0x50, 0xFF, 0xFF, 0xD4, 0x7C, 0xFF, 0xFF, 0xA8, 0x00, 0x00, 0x50, 0xFF,
  0xFF, 0xD3, 0x00, 0x00, 0x00, 0x00, 0x00, 0x00, 0x5C, 0xFF, 0xFF, 0xC0, 0x00, 0x00, 0x00, 0x00,
  0x00, 0x0E, 0xAF, 0xFF, 0xFF, 0x98, 0x00, 0x00, 0x00, 0x00, 0x6C, 0xFF, 0xFF, 0xFF, 0xFB, 0x27,
  0x00, 0x00, 0x00, 0x00, 0x6C, 0xFF, 0xF8, 0xC9, 0x47, 0x00, 0x00, 0x00, 0x00, 0x82, 0xFF, 0xEE,
  0xF4, 0x3C, 0x00, 0x00, 0x00, 0x7A, 0xF1, 0x5F, 0x0A, 0x97, 0xF1, 0x38, 0x00, 0x00, 0x00, 0x00,
  0x00, 0x00, 0x00, 0x00, 0x00, 0x00, 0x00, 0x00, 0x58, 0xFF, 0xFF, 0xFF, 0x08, 0x00, 0x00, 0x00,
  0x00, 0x58, 0xFF, 0xFF, 0xFF, 0x08, 0x00, 0x00, 0x00, 0x00, 0x58, 0xFF, 0xFF, 0xFF, 0x08, 0x00,
  0x00, 0x00, 0x00, 0x58, 0xFF, 0xFF, 0xFF, 0x08, 0x00, 0x00, 0x00, 0x00, 0x58, 0xFF, 0xFF, 0xFF,
  0x08, 0x00, 0x00, 0x00, 0x00, 0x58, 0xFF, 0xFF, 0xFF, 0x08, 0x00, 0x00, 0x00, 0x00, 0x58, 0xFF,
  0xFF, 0xFF, 0x08, 0x00, 0x00, 0x00, 0x00, 0x58, 0xFF, 0xFF, 0xFF, 0x08, 0x00, 0x00, 0x00, 0x00,
  0x58, 0xFF, 0xFF, 0xFF, 0x08, 0x00, 0x00, 0x00, 0x00, 0x58, 0xFF, 0xFF, 0xFF, 0x08, 0x00, 0x00,
  0x00, 0x00, 0x58, 0xFF, 0xFF, 0xFF, 0x08, 0x00, 0x00, 0x00, 0x00, 0x58, 0xFF, 0xFF, 0xFF, 0x08,
  0x00, 0x00, 0x00, 0x00, 0x5B, 0xFF, 0xFF, 0xFF, 0x05, 0x00, 0x00, 0x00, 0x00, 0x7F, 0xFF, 0xFF,
  0xEF, 0x00, 0x00, 0x00, 0x04, 0x3F, 0xEA, 0xFF, 0xFF, 0xAA, 0x00, 0x00, 0x04, 0xFF, 0xFF, 0xFF,
  0xFF, 0xE9, 0x23, 0x00, 0x00, 0x04, 0xFF, 0xF5, 0xD3, 0x8C, 0x17, 0x00, 0x00, 0x00, 0x00, 0x00,
  0x5C, 0xFF, 0xFF, 0x83, 0x00, 0x00, 0x00, 0x28, 0xF4, 0xC0, 0xA1, 0xFD, 0x45, 0x00, 0x09, 0xD2,
  0xC4, 0x0C, 0x02, 0xA6, 0xE9, 0x19, 0x00, 0x00, 0x00, 0x00, 0x00, 0x00, 0x00, 0x00, 0x00, 0x00,
  0x7C, 0xFF, 0xFF, 0xA8, 0x00, 0x00, 0x00, 0x00, 0x7C, 0xFF, 0xFF, 0xA8, 0x00, 0x00, 0x00, 0x00,
  0x7C, 0xFF, 0xFF, 0xA8, 0x00, 0x00, 0x00, 0x00, 0x7C, 0xFF, 0xFF, 0xA8, 0x00, 0x00, 0x00, 0x00,
  0x7C, 0xFF, 0xFF, 0xA8, 0x00, 0x00, 0x00, 0x00, 0x7C, 0xFF, 0xFF, 0xA8, 0x00, 0x00, 0x00, 0x00,
  0x7C, 0xFF, 0xFF, 0xA8, 0x00, 0x00, 0x00, 0x00, 0x7C, 0xFF, 0xFF, 0xA8, 0x00, 0x00, 0x00, 0x00,
  0x7C, 0xFF, 0xFF, 0xA8, 0x00, 0x00, 0x00, 0x00, 0x7C, 0xFF, 0xFF, 0xA7, 0x00, 0x00, 0x00, 0x00,
  0x88, 0xFF, 0xFF, 0x94, 0x00, 0x00, 0x00, 0x18, 0xD0, 0xFF, 0xFF, 0x6C, 0x00, 0x00, 0x98, 0xFF,
  0xFF, 0xFF, 0xE9, 0x0D, 0x00, 0x00, 0x98, 0xFF, 0xF5, 0xBA, 0x2F, 0x00, 0x00, 0x00, 0x58, 0xFF,
  0xFF, 0xFF, 0x08, 0x00, 0x00, 0x01, 0x99, 0xFF, 0xFF, 0xFB, 0x58, 0x00, 0x58, 0xFF, 0xFF, 0xFF,
  0x08, 0x00, 0x02, 0x9F, 0xFF, 0xFF, 0xFA, 0x53, 0x00, 0x00, 0x58, 0xFF, 0xFF, 0xFF, 0x08, 0x03,
  0xA5, 0xFF, 0xFF, 0xF9, 0x4E, 0x00, 0x00, 0x00, 0x58, 0xFF, 0xFF, 0xFF, 0x0C, 0xAA, 0xFF, 0xFF,
  0xF7, 0x49, 0x00, 0x00, 0x00, 0x00, 0x58, 0xFF, 0xFF, 0xFF, 0xB6, 0xFF, 0xFF, 0xF6, 0x45, 0x00,
  0x00, 0x00, 0x00, 0x00, 0x58, 0xFF, 0xFF, 0xFF, 0xFF, 0xFF, 0xF4, 0x3F, 0x00, 0x00, 0x00, 0x00,
  0x00, 0x00, 0x58, 0xFF, 0xFF, 0xFF, 0xFF, 0xFF, 0xD4, 0x12, 0x00, 0x00, 0x00, 0x00, 0x00, 0x00,
  0x58, 0xFF, 0xFF, 0xFF, 0xFE, 0xFF, 0xFF, 0xD0, 0x14, 0x00, 0x00, 0x00, 0x00, 0x00, 0x58, 0xFF,
  0xFF, 0xFF, 0x61, 0xFB, 0xFF, 0xFF, 0xD3, 0x16, 0x00, 0x00, 0x00, 0x00, 0x58, 0xFF, 0xFF, 0xFF,
  0x08, 0x54, 0xFB, 0xFF, 0xFF, 0xD6, 0x18, 0x00, 0x00, 0x00, 0x58, 0xFF, 0xFF, 0xFF, 0x08, 0x00,
  0x50, 0xF9, 0xFF, 0xFF, 0xD8, 0x1A, 0x00, 0x00, 0x58, 0xFF, 0xFF, 0xFF, 0x08, 0x00, 0x00, 0x4B,
  0xF8, 0xFF, 0xFF, 0xDB, 0x1D, 0x00, 0x58, 0xFF, 0xFF, 0xFF, 0x08, 0x00, 0x00, 0x00, 0x47, 0xF7,
  0xFF, 0xFF, 0xDD, 0x1F, 0x00, 0x00, 0x00, 0x00, 0x00, 0x17, 0xFF, 0xFF, 0x90, 0x00, 0x00, 0x00,
  0x00, 0x00, 0x00, 0x00, 0x00, 0x00, 0x00, 0x5B, 0xFF, 0xDE, 0x0B, 0x00, 0x00, 0x00, 0x00, 0x00,
  0x00, 0x00, 0x00, 0x00, 0x00, 0x9E, 0xFF, 0x43, 0x00, 0x00, 0x00, 0x00, 0x00, 0x00, 0x7C, 0xFF,
  0xFF, 0xA8, 0x00, 0x00, 0x00, 0x00, 0x00, 0x00, 0x00, 0x00, 0x7C, 0xFF, 0xFF, 0xA8, 0x00, 0x00,
  0x00, 0x00, 0x00, 0x00, 0x00, 0x00, 0x7C, 0xFF, 0xFF, 0xA8, 0x00, 0x00, 0x00, 0x00, 0x00, 0x00,
  0x00, 0x00, 0x7C, 0xFF, 0xFF, 0xA8, 0x00, 0x00, 0x00, 0x00, 0x00, 0x00, 0x00, 0x00, 0x7C, 0xFF,
  0xFF, 0xA8, 0x00, 0x00, 0x40, 0xF5, 0xFF, 0xFE, 0x6B, 0x00, 0x7C, 0xFF, 0xFF, 0xA8, 0x00, 0x3E,
  0xF4, 0xFF, 0xFC, 0x60, 0x00, 0x00, 0x7C, 0xFF, 0xFF, 0xA8, 0x3C, 0xF3, 0xFF, 0xFA, 0x56, 0x00,
  0x00, 0x00, 0x7C, 0xFF, 0xFF, 0xD4, 0xF2, 0xFF, 0xF8, 0x4D, 0x00, 0x00, 0x00, 0x00, 0x7C, 0xFF,
  0xFF, 0xFF, 0xFF, 0xFF, 0x63, 0x00, 0x00, 0x00, 0x00, 0x00, 0x7C, 0xFF, 0xFF, 0xFC, 0xFF, 0xFF,
  0xE0, 0x1D, 0x00, 0x00, 0x00, 0x00, 0x7C, 0xFF, 0xFF, 0xAC, 0xB5, 0xFF, 0xFF, 0xDA, 0x18, 0x00,
  0x00, 0x00, 0x7C, 0xFF, 0xFF, 0xA8, 0x09, 0xC4, 0xFF, 0xFF, 0xD4, 0x14, 0x00, 0x00, 0x7C, 0xFF,
  0xFF, 0xA8, 0x00, 0x10, 0xD1, 0xFF, 0xFF, 0xCE, 0x10, 0x00, 0x7C, 0xFF, 0xFF, 0xA8, 0x00, 0x00,
  0x18, 0xDD, 0xFF, 0xFF, 0xC7, 0x0C, 0x00, 0x00, 0x00, 0x00, 0x3F, 0xFF, 0xFF, 0x68, 0x00, 0x00,
  0x00, 0x00, 0x00, 0x00, 0x00, 0x00, 0x83, 0xFF, 0xC0, 0x01, 0x00, 0x00, 0x00, 0x00, 0x00, 0x00,
  0x00, 0x00, 0xC6, 0xF6, 0x24, 0x00, 0x00, 0x00, 0x00, 0x00, 0x7C, 0xFF, 0xFF, 0xA8, 0x00, 0x00,
  0x40, 0xF5, 0xFF, 0xFE, 0x6B, 0x00, 0x7C, 0xFF, 0xFF, 0xA8, 0x00, 0x3E, 0xF4, 0xFF, 0xFC, 0x60,
  0x00, 0x00, 0x7C, 0xFF, 0xFF, 0xA8, 0x3C, 0xF3, 0xFF, 0xFA, 0x56, 0x00, 0x00, 0x00, 0x7C, 0xFF,
  0xFF, 0xD4, 0xF2, 0xFF, 0xF8, 0x4D, 0x00, 0x00, 0x00, 0x00, 0x7C, 0xFF, 0xFF, 0xFF, 0xFF, 0xFF,
  0x63, 0x00, 0x00, 0x00, 0x00, 0x00, 0x7C, 0xFF, 0xFF, 0xFC, 0xFF, 0xFF, 0xE0, 0x1D, 0x00, 0x00,
  0x00, 0x00, 0x7C, 0xFF, 0xFF, 0xAC, 0xB5, 0xFF, 0xFF, 0xDA, 0x18, 0x00, 0x00, 0x00, 0x7C, 0xFF,
  0xFF, 0xA8, 0x09, 0xC4, 0xFF, 0xFF, 0xD4, 0x14, 0x00, 0x00, 0x7C, 0xFF, 0xFF, 0xA8, 0x00, 0x10,
  0xD1, 0xFF, 0xFF, 0xCE, 0x10, 0x00, 0x7C, 0xFF, 0xFF, 0xA8, 0x00, 0x00, 0x18, 0xDD, 0xFF, 0xFF,
  0xC7, 0x0C, 0x00, 0x00, 0x24, 0xEB, 0xEF, 0x4A, 0x00, 0x00, 0x00, 0x00, 0x00, 0x14, 0xDB, 0xD4,
  0x24, 0x00, 0x00, 0x00, 0x00, 0x00, 0x00, 0x00, 0x00, 0x00, 0x00, 0x00, 0x00, 0x00, 0x00, 0x00,
  0x58, 0xFF, 0xFF, 0xFF, 0x08, 0x00, 0x00, 0x00, 0x00, 0x00, 0x58, 0xFF, 0xFF, 0xFF, 0x08, 0x00,
  0x00, 0x00, 0x00, 0x00, 0x58, 0xFF, 0xFF, 0xFF, 0x08, 0x00, 0x00, 0x00, 0x00, 0x00, 0x58, 0xFF,
  0xFF, 0xFF, 0x08, 0x00, 0x00, 0x00, 0x00, 0x00, 0x58, 0xFF, 0xFF, 0xFF, 0x08, 0x00, 0x00, 0x00,
  0x00, 0x00, 0x58, 0xFF, 0xFF, 0xFF, 0x08, 0x00, 0x00, 0x00, 0x00, 0x00, 0x58, 0xFF, 0xFF, 0xFF,
  0x08, 0x00, 0x00, 0x00, 0x00, 0x00, 0x58, 0xFF, 0xFF, 0xFF, 0x08, 0x00, 0x00, 0x00, 0x00, 0x00,
  0x58, 0xFF, 0xFF, 0xFF, 0x08, 0x00, 0x00, 0x00, 0x00, 0x00, 0x58, 0xFF, 0xFF, 0xFF, 0x08, 0x00,
  0x00, 0x00, 0x00, 0x00, 0x58, 0xFF, 0xFF, 0xFF, 0x08, 0x00, 0x00, 0x00, 0x00, 0x00, 0x58, 0xFF,
  0xFF, 0xFF, 0xFF, 0xFF, 0xFF, 0xFF, 0xFF, 0xFC, 0x58, 0xFF, 0xFF, 0xFF, 0xFF, 0xFF, 0xFF, 0xFF,
  0xFF, 0xFC, 0x00, 0x00, 0x81, 0xFF, 0xB8, 0x11, 0x00, 0x60, 0xFE, 0x87, 0x02, 0x00, 0x00, 0x00,
  0x00, 0x00, 0x00, 0x00, 0x7C, 0xFF, 0xFF, 0xA8, 0x00, 0x00, 0x7C, 0xFF, 0xFF, 0xA8, 0x00, 0x00,
  0x7C, 0xFF, 0xFF, 0xA8, 0x00, 0x00, 0x7C, 0xFF, 0xFF, 0xA8, 0x00, 0x00, 0x7C, 0xFF, 0xFF, 0xA8,
  0x00, 0x00, 0x7C, 0xFF, 0xFF, 0xA8, 0x00, 0x00, 0x7C, 0xFF, 0xFF, 0xA8, 0x00, 0x00, 0x7C, 0xFF,
  0xFF, 0xA8, 0x00, 0x00, 0x7C, 0xFF, 0xFF, 0xA8, 0x00, 0x00, 0x7C, 0xFF, 0xFF, 0xA8, 0x00, 0x00,
  0x7C, 0xFF, 0xFF, 0xA8, 0x00, 0x00, 0x7C, 0xFF, 0xFF, 0xA8, 0x00, 0x00, 0x7C, 0xFF, 0xFF, 0xA8,
  0x00, 0x00, 0x7C, 0xFF, 0xFF, 0xA8, 0x00, 0x00, 0x58, 0xFF, 0xFF, 0xFF, 0x08, 0x00, 0x00, 0x00,
  0x00, 0x00, 0x58, 0xFF, 0xFF, 0xFF, 0x08, 0x00, 0x00, 0x00, 0x00, 0x00, 0x58, 0xFF, 0xFF, 0xFF,
  0x08, 0x00, 0x00, 0x00, 0x00, 0x00, 0x58, 0xFF, 0xFF, 0xFF, 0x08, 0x00, 0x00, 0x00, 0x00, 0x00,
  0x58, 0xFF, 0xFF, 0xFF, 0x08, 0x00, 0x00, 0x00, 0x00, 0x00, 0x58, 0xFF, 0xFF, 0xFF, 0x08, 0x00,
  0x00, 0x00, 0x00, 0x00, 0x58, 0xFF, 0xFF, 0xFF, 0x08, 0x00, 0x00, 0x00, 0x00, 0x00, 0x58, 0xFF,
  0xFF, 0xFF, 0x08, 0x00, 0x00, 0x00, 0x00, 0x00, 0x58, 0xFF, 0xFF, 0xFF, 0x08, 0x00, 0x00, 0x00,
  0x00, 0x00, 0x58, 0xFF, 0xFF, 0xFF, 0x08, 0x00, 0x00, 0x00, 0x00, 0x00, 0x58, 0xFF, 0xFF, 0xFF,
  0x08, 0x00, 0x00, 0x00, 0x00, 0x00, 0x58, 0xFF, 0xFF, 0xFF, 0xFF, 0xFF, 0xFF, 0xFF, 0xFF, 0xFC,
  0x58, 0xFF, 0xFF, 0xFF, 0xFF, 0xFF, 0xFF, 0xFF, 0xFF, 0xFC, 0x00, 0x00, 0x00, 0x00, 0x00, 0x00,
  0x00, 0x00, 0x00, 0x00, 0x00, 0x00, 0x00, 0x00, 0xD7, 0xFF, 0xCC, 0x03, 0x00, 0x00, 0x00, 0x00,
  0x00, 0x1A, 0xFF, 0xFA, 0x2F, 0x00, 0x00, 0x00, 0x00, 0x00, 0x00, 0x5E, 0xFF, 0x83, 0x00, 0x00,
  0x00, 0x00, 0x7C, 0xFF, 0xFF, 0xA8, 0x7C, 0xFF, 0xFF, 0xA8, 0x7C, 0xFF, 0xFF, 0xA8, 0x7C, 0xFF,
  0xFF, 0xA8, 0x7C, 0xFF, 0xFF, 0xA8, 0x7C, 0xFF, 0xFF, 0xA8, 0x7C, 0xFF, 0xFF, 0xA8, 0x7C, 0xFF,
  0xFF, 0xA8, 0x7C, 0xFF, 0xFF, 0xA8, 0x7C, 0xFF, 0xFF, 0xA8, 0x7C, 0xFF, 0xFF, 0xA8, 0x7C, 0xFF,
  0xFF, 0xA8, 0x7C, 0xFF, 0xFF, 0xA8, 0x7C, 0xFF, 0xFF, 0xA8, 0x14, 0xFE, 0xFF, 0x94, 0x57, 0xFF,
  0xE1, 0x0C, 0x9A, 0xFF, 0x47, 0x00, 0x58, 0xFF, 0xFF, 0xFF, 0x08, 0x00, 0x00, 0xAB, 0xFF, 0xB0,
  0x58, 0xFF, 0xFF, 0xFF, 0x08, 0x00, 0x00, 0xE6, 0xFF, 0x34, 0x58, 0xFF, 0xFF, 0xFF, 0x08, 0x00,
  0x22, 0xFF, 0xB6, 0x00, 0x58, 0xFF, 0xFF, 0xFF, 0x08, 0x00, 0x00, 0x00, 0x00, 0x00, 0x58, 0xFF,
  0xFF, 0xFF, 0x08, 0x00, 0x00, 0x00, 0x00, 0x00, 0x58, 0xFF, 0xFF, 0xFF, 0x08, 0x00, 0x00, 0x00,
  0x00, 0x00, 0x58, 0xFF, 0xFF, 0xFF, 0x08, 0x00, 0x00, 0x00, 0x00, 0x00, 0x58, 0xFF, 0xFF, 0xFF,
  0x08, 0x00, 0x00, 0x00, 0x00, 0x00, 0x58, 0xFF, 0xFF, 0xFF, 0x08, 0x00, 0x00, 0x00, 0x00, 0x00,
  0x58, 0xFF, 0xFF, 0xFF, 0x08, 0x00, 0x00, 0x00, 0x00, 0x00, 0x58, 0xFF, 0xFF, 0xFF, 0x08, 0x00,
  0x00, 0x00, 0x00, 0x00, 0x58, 0xFF, 0xFF, 0xFF, 0xFF, 0xFF, 0xFF, 0xFF, 0xFF, 0xFC, 0x58, 0xFF,
  0xFF, 0xFF, 0xFF, 0xFF, 0xFF, 0xFF, 0xFF, 0xFC, 0x7C, 0xFF, 0xFF, 0xA8, 0x00, 0x00, 0x00, 0x00,
  0x7C, 0xFF, 0xFF, 0xA8, 0x04, 0xF5, 0xFF, 0x60, 0x7C, 0xFF, 0xFF, 0xA8, 0x37, 0xFF, 0xDF, 0x04,
  0x7C, 0xFF, 0xFF, 0xA8, 0x72, 0xFF, 0x66, 0x00, 0x7C, 0xFF, 0xFF, 0xA8, 0x00, 0x00, 0x00, 0x00,
  0x7C, 0xFF, 0xFF, 0xA8, 0x00, 0x00, 0x00, 0x00, 0x7C, 0xFF, 0xFF, 0xA8, 0x00, 0x00, 0x00, 0x00,
  0x7C, 0xFF, 0xFF, 0xA8, 0x00, 0x00, 0x00, 0x00, 0x7C, 0xFF, 0xFF, 0xA8, 0x00, 0x00, 0x00, 0x00,
  0x7C, 0xFF, 0xFF, 0xA8, 0x00, 0x00, 0x00, 0x00, 0x7C, 0xFF, 0xFF, 0xA8, 0x00, 0x00, 0x00, 0x00,
  0x7C, 0xFF, 0xFF, 0xA8, 0x00, 0x00, 0x00, 0x00, 0x7C, 0xFF, 0xFF, 0xA8, 0x00, 0x00, 0x00, 0x00,
  0x7C, 0xFF, 0xFF, 0xA8, 0x00, 0x00, 0x00, 0x00, 0x58, 0xFF, 0xFF, 0xFF, 0x08, 0x00, 0x00, 0x00,
  0x00, 0x00, 0x58, 0xFF, 0xFF, 0xFF, 0x08, 0x00, 0x00, 0x00, 0x00, 0x00, 0x58, 0xFF, 0xFF, 0xFF,
  0x08, 0x00, 0x00, 0x00, 0x00, 0x00, 0x58, 0xFF, 0xFF, 0xFF, 0x08, 0x00, 0x84, 0xFF, 0xFF, 0xA4,
  0x58, 0xFF, 0xFF, 0xFF, 0x08, 0x00, 0x84, 0xFF, 0xFF, 0xA4, 0x58, 0xFF, 0xFF, 0xFF, 0x08, 0x00,
  0x84, 0xFF, 0xFF, 0xA4, 0x58, 0xFF, 0xFF, 0xFF, 0x08, 0x00, 0x00, 0x00, 0x00, 0x00, 0x58, 0xFF,
  0xFF, 0xFF, 0x08, 0x00, 0x00, 0x00, 0x00, 0x00, 0x58, 0xFF, 0xFF, 0xFF, 0x08, 0x00, 0x00, 0x00,
  0x00, 0x00, 0x58, 0xFF, 0xFF, 0xFF, 0x08, 0x00, 0x00, 0x00, 0x00, 0x00, 0x58, 0xFF, 0xFF, 0xFF,
  0x08, 0x00, 0x00, 0x00, 0x00, 0x00, 0x58, 0xFF, 0xFF, 0xFF, 0xFF, 0xFF, 0xFF, 0xFF, 0xFF, 0xFC,
  0x58, 0xFF, 0xFF, 0xFF, 0xFF, 0xFF, 0xFF, 0xFF, 0xFF, 0xFC, 0x7C, 0xFF, 0xFF, 0xA8, 0x00, 0x00,
  0x00, 0x00, 0x7C, 0xFF, 0xFF, 0xA8, 0x00, 0x00, 0x00, 0x00, 0x7C, 0xFF, 0xFF, 0xA8, 0x00, 0x00,
  0x00, 0x00, 0x7C, 0xFF, 0xFF, 0xA8, 0x00, 0x00, 0x00, 0x00, 0x7C, 0xFF, 0xFF, 0xA8, 0x74, 0xFF,
  0xFF, 0xB4, 0x7C, 0xFF, 0xFF, 0xA8, 0x74, 0xFF, 0xFF, 0xB4, 0x7C, 0xFF, 0xFF, 0xA8, 0x74, 0xFF,
  0xFF, 0xB4, 0x7C, 0xFF, 0xFF, 0xA8, 0x00, 0x00, 0x00, 0x00, 0x7C, 0xFF, 0xFF, 0xA8, 0x00, 0x00,
  0x00, 0x00, 0x7C, 0xFF, 0xFF, 0xA8, 0x00, 0x00, 0x00, 0x00, 0x7C, 0xFF, 0xFF, 0xA8, 0x00, 0x00,
  0x00, 0x00, 0x7C, 0xFF, 0xFF, 0xA8, 0x00, 0x00, 0x00, 0x00, 0x7C, 0xFF, 0xFF, 0xA8, 0x00, 0x00,
  0x00, 0x00, 0x7C, 0xFF, 0xFF, 0xA8, 0x00, 0x00, 0x00, 0x00, 0x00, 0x00, 0x40, 0xFF, 0xFF, 0xFF,
  0x24, 0x00, 0x00, 0x00, 0x00, 0x00, 0x00, 0x00, 0x00, 0x40, 0xFF, 0xFF, 0xFF, 0x24, 0x00, 0x00,
  0x00, 0x00, 0x00, 0x00, 0x00, 0x00, 0x40, 0xFF, 0xFF, 0xFF, 0x24, 0x3F, 0x8D, 0x00, 0x00, 0x00,
  0x00, 0x00, 0x00, 0x40, 0xFF, 0xFF, 0xFF, 0x95, 0xFC, 0xFF, 0x56, 0x00, 0x00, 0x00, 0x00, 0x00,
  0x40, 0xFF, 0xFF, 0xFF, 0xFF, 0xFF, 0xAD, 0x12, 0x00, 0x00, 0x00, 0x00, 0x00, 0x40, 0xFF, 0xFF,
  0xFF, 0xF4, 0x64, 0x00, 0x00, 0x00, 0x00, 0x00, 0x00, 0x05, 0x94, 0xFF, 0xFF, 0xFF, 0x3B, 0x00,
  0x00, 0x00, 0x00, 0x00, 0x00, 0x29, 0xCD, 0xFF, 0xFF, 0xFF, 0xFF, 0x24, 0x00, 0x00, 0x00, 0x00,
  0x00, 0x00, 0x82, 0xFF, 0xFD, 0xFF, 0xFF, 0xFF, 0x24, 0x00, 0x00, 0x00, 0x00, 0x00, 0x00, 0x04,
  0x97, 0x60, 0xFF, 0xFF, 0xFF, 0x24, 0x00, 0x00, 0x00, 0x00, 0x00, 0x00, 0x00, 0x00, 0x40, 0xFF,
  0xFF, 0xFF, 0x24, 0x00, 0x00, 0x00, 0x00, 0x00, 0x00, 0x00, 0x00, 0x40, 0xFF, 0xFF, 0xFF, 0xFF,
  0xFF, 0xFF, 0xFF, 0xFF, 0xFF, 0x14, 0x00, 0x00, 0x40, 0xFF, 0xFF, 0xFF, 0xFF, 0xFF, 0xFF, 0xFF,
  0xFF, 0xFF, 0x14, 0x00, 0x00, 0x40, 0xFF, 0xFF, 0xE8, 0x00, 0x00, 0x00, 0x00, 0x40, 0xFF, 0xFF,
  0xE8, 0x00, 0x00, 0x00, 0x00, 0x40, 0xFF, 0xFF, 0xE8, 0x00, 0x00, 0x00, 0x00, 0x40, 0xFF, 0xFF,
  0xE8, 0x0B, 0x0A, 0x00, 0x00, 0x40, 0xFF, 0xFF, 0xF4, 0xDC, 0x98, 0x00, 0x00, 0x40, 0xFF, 0xFF,
  0xFF, 0xF9, 0x74, 0x00, 0x11, 0xAF, 0xFF, 0xFF, 0xF5, 0x2F, 0x00, 0x1C, 0xE3, 0xFF, 0xFF, 0xFF,
  0xE8, 0x00, 0x00, 0x00, 0xA8, 0x9F, 0xFF, 0xFF, 0xE8, 0x00, 0x00, 0x00, 0x00, 0x40, 0xFF, 0xFF,
  0xE8, 0x00, 0x00, 0x00, 0x00, 0x40, 0xFF, 0xFF, 0xE8, 0x00, 0x00, 0x00, 0x00, 0x40, 0xFF, 0xFF,
  0xE8, 0x00, 0x00, 0x00, 0x00, 0x40, 0xFF, 0xFF, 0xE8, 0x00, 0x00, 0x00, 0x00, 0x40, 0xFF, 0xFF,
  0xE8, 0x00, 0x00, 0x00, 0x00, 0x00, 0x00, 0x00, 0x0C, 0xCF, 0xFC, 0x73, 0x00, 0x00, 0x00, 0x00,
  0x00, 0x00, 0x00, 0x00, 0x04, 0xB7, 0xEB, 0x41, 0x00, 0x00, 0x00, 0x00, 0x00, 0x00, 0x00, 0x00,
  0x00, 0x00, 0x00, 0x00, 0x00, 0x00, 0x00, 0x00, 0x00, 0x00, 0x58, 0xFF, 0xFF, 0xFF, 0xB3, 0x00,
  0x00, 0x00, 0x00, 0xCC, 0xFF, 0xFF, 0x68, 0x58, 0xFF, 0xFF, 0xFF, 0xFF, 0x3C, 0x00, 0x00, 0x00,
  0xCC, 0xFF, 0xFF, 0x68, 0x58, 0xFF, 0xFF, 0xFF, 0xFF, 0xC5, 0x00, 0x00, 0x00, 0xCC, 0xFF, 0xFF,
  0x68, 0x58, 0xFF, 0xFF, 0xFF, 0xFF, 0xFF, 0x4E, 0x00, 0x00, 0xCC, 0xFF, 0xFF, 0x68, 0x58, 0xFF,
  0xFF, 0xE3, 0xE2, 0xFF, 0xD3, 0x02, 0x00, 0xCC, 0xFF, 0xFF, 0x68, 0x58, 0xFF, 0xFF, 0xDC, 0x61,
  0xFF, 0xFF, 0x5F, 0x00, 0xCC, 0xFF, 0xFF, 0x68, 0x58, 0xFF, 0xFF, 0xDC, 0x03, 0xD5, 0xFF, 0xE1,
  0x07, 0xCC, 0xFF, 0xFF, 0x68, 0x58, 0xFF, 0xFF, 0xDC, 0x00, 0x4F, 0xFF, 0xFF, 0x71, 0xCC, 0xFF,
  0xFF, 0x68, 0x58, 0xFF, 0xFF, 0xDC, 0x00, 0x00, 0xC5, 0xFF, 0xEB, 0xD9, 0xFF, 0xFF, 0x68, 0x58,
  0xFF, 0xFF, 0xDC, 0x00, 0x00, 0x3C, 0xFF, 0xFF, 0xFF, 0xFF, 0xFF, 0x68, 0x58, 0xFF, 0xFF, 0xDC,
  0x00, 0x00, 0x00, 0xB3, 0xFF, 0xFF, 0xFF, 0xFF, 0x68, 0x58, 0xFF, 0xFF, 0xDC, 0x00, 0x00, 0x00,
  0x2C, 0xFD, 0xFF, 0xFF, 0xFF, 0x68, 0x58, 0xFF, 0xFF, 0xDC, 0x00, 0x00, 0x00, 0x00, 0xA1, 0xFF,
  0xFF, 0xFF, 0x68, 0x00, 0x00, 0x00, 0x00, 0x00, 0xA1, 0xFF, 0xB0, 0x08, 0x00, 0x00, 0x00, 0x00,
  0x00, 0x00, 0x77, 0xFF, 0xA0, 0x03, 0x00, 0x00, 0x00, 0x00, 0x00, 0x00, 0x4C, 0xFD, 0x8D, 0x01,
  0x00, 0x00, 0x00, 0x00, 0x00, 0x00, 0x00, 0x00, 0x00, 0x00, 0x00, 0x00, 0x00, 0x00, 0x00, 0x7C,
  0xFF, 0xFF, 0xA8, 0x16, 0xA6, 0xF1, 0xE8, 0xA9, 0x1A, 0x00, 0x7C, 0xFF, 0xFF, 0xBA, 0xDB, 0xFF,
  0xFF, 0xFF, 0xFF, 0xCE, 0x02, 0x7C, 0xFF, 0xFF, 0xFF, 0x90, 0x13, 0x48, 0xFA, 0xFF, 0xFF, 0x39,
  0x7C, 0xFF, 0xFF, 0xE5, 0x04, 0x00, 0x00, 0xD0, 0xFF, 0xFF, 0x5D, 0x7C, 0xFF, 0xFF, 0xB5, 0x00,
  0x00, 0x00, 0xC2, 0xFF, 0xFF, 0x68, 0x7C, 0xFF, 0xFF, 0xA8, 0x00, 0x00, 0x00, 0xC0, 0xFF, 0xFF,
  0x68, 0x7C, 0xFF, 0xFF, 0xA8, 0x00, 0x00, 0x00, 0xC0, 0xFF, 0xFF, 0x68, 0x7C, 0xFF, 0xFF, 0xA8,
  0x00, 0x00, 0x00, 0xC0, 0xFF, 0xFF, 0x68, 0x7C, 0xFF, 0xFF, 0xA8, 0x00, 0x00, 0x00, 0xC0, 0xFF,
  0xFF, 0x68, 0x7C, 0xFF, 0xFF, 0xA8, 0x00, 0x00, 0x00, 0xC0, 0xFF, 0xFF, 0x68, 0x58, 0xFF, 0xFF,
  0xFF, 0xB3, 0x00, 0x00, 0x00, 0x00, 0xCC, 0xFF, 0xFF, 0x68, 0x58, 0xFF, 0xFF, 0xFF, 0xFF, 0x3C,
  0x00, 0x00, 0x00, 0xCC, 0xFF, 0xFF, 0x68, 0x58, 0xFF, 0xFF, 0xFF, 0xFF, 0xC5, 0x00, 0x00, 0x00,
  0xCC, 0xFF, 0xFF, 0x68, 0x58, 0xFF, 0xFF, 0xFF, 0xFF, 0xFF, 0x4E, 0x00, 0x00, 0xCC, 0xFF, 0xFF,
  0x68, 0x58, 0xFF, 0xFF, 0xE3, 0xE2, 0xFF, 0xD3, 0x02, 0x00, 0xCC, 0xFF, 0xFF, 0x68, 0x58, 0xFF,
  0xFF, 0xDC, 0x61, 0xFF, 0xFF, 0x5F, 0x00, 0xCC, 0xFF, 0xFF, 0x68, 0x58, 0xFF, 0xFF, 0xDC, 0x03,
  0xD5, 0xFF, 0xE1, 0x07, 0xCC, 0xFF, 0xFF, 0x68, 0x58, 0xFF, 0xFF, 0xDC, 0x00, 0x4F, 0xFF, 0xFF,
  0x71, 0xCC, 0xFF, 0xFF, 0x68, 0x58, 0xFF, 0xFF, 0xDC, 0x00, 0x00, 0xC5, 0xFF, 0xEB, 0xD9, 0xFF,
  0xFF, 0x68, 0x58, 0xFF, 0xFF, 0xDC, 0x00, 0x00, 0x3C, 0xFF, 0xFF, 0xFF, 0xFF, 0xFF, 0x68, 0x58,
  0xFF, 0xFF, 0xDC, 0x00, 0x00, 0x00, 0xB3, 0xFF, 0xFF, 0xFF, 0xFF, 0x68, 0x58, 0xFF, 0xFF, 0xDC,
  0x00, 0x00, 0x00, 0x2C, 0xFD, 0xFF, 0xFF, 0xFF, 0x68, 0x58, 0xFF, 0xFF, 0xDC, 0x00, 0x00, 0x00,
  0x00, 0xA1, 0xFF, 0xFF, 0xFF, 0x68, 0x00, 0x00, 0x00, 0x00, 0x00, 0x9F, 0xFF, 0xEF, 0x19, 0x00,
  0x00, 0x00, 0x00, 0x00, 0x00, 0x00, 0x00, 0x00, 0xE2, 0xFF, 0x61, 0x00, 0x00, 0x00, 0x00, 0x00,
  0x00, 0x00, 0x00, 0x00, 0x26, 0xFF, 0xBA, 0x00, 0x00, 0x00, 0x00, 0x00, 0x00, 0x7C, 0xFF, 0xFF,
  0xA8, 0x16, 0xA6, 0xF1, 0xE8, 0xA9, 0x1A, 0x00, 0x7C, 0xFF, 0xFF, 0xBA, 0xDB, 0xFF, 0xFF, 0xFF,
  0xFF, 0xCE, 0x02, 0x7C, 0xFF, 0xFF, 0xFF, 0x90, 0x13, 0x48, 0xFA, 0xFF, 0xFF, 0x39, 0x7C, 0xFF,
  0xFF, 0xE5, 0x04, 0x00, 0x00, 0xD0, 0xFF, 0xFF, 0x5D, 0x7C, 0xFF, 0xFF, 0xB5, 0x00, 0x00, 0x00,
  0xC2, 0xFF, 0xFF, 0x68, 0x7C, 0xFF, 0xFF, 0xA8, 0x00, 0x00, 0x00, 0xC0, 0xFF, 0xFF, 0x68, 0x7C,
  0xFF, 0xFF, 0xA8, 0x00, 0x00, 0x00, 0xC0, 0xFF, 0xFF, 0x68, 0x7C, 0xFF, 0xFF, 0xA8, 0x00, 0x00,
  0x00, 0xC0, 0xFF, 0xFF, 0x68, 0x7C, 0xFF, 0xFF, 0xA8, 0x00, 0x00, 0x00, 0xC0, 0xFF, 0xFF, 0x68,
  0x7C, 0xFF, 0xFF, 0xA8, 0x00, 0x00, 0x00, 0xC0, 0xFF, 0xFF, 0x68, 0x00, 0x00, 0x00, 0x00, 0xB3,
  0xFF, 0xE5, 0x0F, 0x00, 0x00, 0x00, 0x00, 0x00, 0x00, 0x04, 0xF2, 0xFF, 0x4D, 0x00, 0x00, 0x00,
  0x00, 0x00, 0x00, 0x00, 0x3A, 0xFF, 0xA7, 0x00, 0x00, 0x00, 0x00, 0x00, 0x00, 0x00, 0x00, 0x29,
  0xE9, 0xA5, 0x0F, 0x4B, 0xE9, 0x92, 0x00, 0x00, 0x00, 0x00, 0x00, 0x00, 0x00, 0x2D, 0xEC, 0xEC,
  0xFF, 0x98, 0x00, 0x00, 0x00, 0x00, 0x00, 0x00, 0x00, 0x00, 0x00, 0x00, 0x00, 0x00, 0x00, 0x00,
  0x00, 0x00, 0x00, 0x58, 0xFF, 0xFF, 0xFF, 0xB3, 0x00, 0x00, 0x00, 0x00, 0xCC, 0xFF, 0xFF, 0x68,
  0x58, 0xFF, 0xFF, 0xFF, 0xFF, 0x3C, 0x00, 0x00, 0x00, 0xCC, 0xFF, 0xFF, 0x68, 0x58, 0xFF, 0xFF,
  0xFF, 0xFF, 0xC5, 0x00, 0x00, 0x00, 0xCC, 0xFF, 0xFF, 0x68, 0x58, 0xFF, 0xFF, 0xFF, 0xFF, 0xFF,
  0x4E, 0x00, 0x00, 0xCC, 0xFF, 0xFF, 0x68, 0x58, 0xFF, 0xFF, 0xE3, 0xE2, 0xFF, 0xD3, 0x02, 0x00,
  0xCC, 0xFF, 0xFF, 0x68, 0x58, 0xFF, 0xFF, 0xDC, 0x61, 0xFF, 0xFF, 0x5F, 0x00, 0xCC, 0xFF, 0xFF,
  0x68, 0x58, 0xFF, 0xFF, 0xDC, 0x03, 0xD5, 0xFF, 0xE1, 0x07, 0xCC, 0xFF, 0xFF, 0x68, 0x58, 0xFF,
  0xFF, 0xDC, 0x00, 0x4F, 0xFF, 0xFF, 0x71, 0xCC, 0xFF, 0xFF, 0x68, 0x58, 0xFF, 0xFF, 0xDC, 0x00,
  0x00, 0xC5, 0xFF, 0xEB, 0xD9, 0xFF, 0xFF, 0x68, 0x58, 0xFF, 0xFF, 0xDC, 0x00, 0x00, 0x3C, 0xFF,
  0xFF, 0xFF, 0xFF, 0xFF, 0x68, 0x58, 0xFF, 0xFF, 0xDC, 0x00, 0x00, 0x00, 0xB3, 0xFF, 0xFF, 0xFF,
  0xFF, 0x68, 0x58, 0xFF, 0xFF, 0xDC, 0x00, 0x00, 0x00, 0x2C, 0xFD, 0xFF, 0xFF, 0xFF, 0x68, 0x58,
  0xFF, 0xFF, 0xDC, 0x00, 0x00, 0x00, 0x00, 0xA1, 0xFF, 0xFF, 0xFF, 0x68, 0x00, 0x12, 0xE2, 0xB1,
  0x05, 0x07, 0xB8, 0xDC, 0x0E, 0x00, 0x00, 0x00, 0x00, 0x39, 0xFB, 0xAB, 0xB1, 0xF8, 0x32, 0x00,
  0x00, 0x00, 0x00, 0x00, 0x00, 0x74, 0xFF, 0xFF, 0x6B, 0x00, 0x00, 0x00, 0x00, 0x00, 0x00, 0x00,
  0x00, 0x00, 0x00, 0x00, 0x00, 0x00, 0x00, 0x00, 0x7C, 0xFF, 0xFF, 0xA8, 0x16, 0xA6, 0xF1, 0xE8,
  0xA9, 0x1A, 0x00, 0x7C, 0xFF, 0xFF, 0xBA, 0xDB, 0xFF, 0xFF, 0xFF, 0xFF, 0xCE, 0x02, 0x7C, 0xFF,
  0xFF, 0xFF, 0x90, 0x13, 0x48, 0xFA, 0xFF, 0xFF, 0x39, 0x7C, 0xFF, 0xFF, 0xE5, 0x04, 0x00, 0x00,
  0xD0, 0xFF, 0xFF, 0x5D, 0x7C, 0xFF, 0xFF, 0xB5, 0x00, 0x00, 0x00, 0xC2, 0xFF, 0xFF, 0x68, 0x7C,
  0xFF, 0xFF, 0xA8, 0x00, 0x00, 0x00, 0xC0, 0xFF, 0xFF, 0x68, 0x7C, 0xFF, 0xFF, 0xA8, 0x00, 0x00,
  0x00, 0xC0, 0xFF, 0xFF, 0x68, 0x7C, 0xFF, 0xFF, 0xA8, 0x00, 0x00, 0x00, 0xC0, 0xFF, 0xFF, 0x68,
  0x7C, 0xFF, 0xFF, 0xA8, 0x00, 0x00, 0x00, 0xC0, 0xFF, 0xFF, 0x68, 0x7C, 0xFF, 0xFF, 0xA8, 0x00,
  0x00, 0x00, 0xC0, 0xFF, 0xFF, 0x68, 0x00, 0x34, 0xFF, 0xFF, 0xC8, 0x00, 0x00, 0x00, 0x00, 0x00,
  0x00, 0x00, 0x00, 0x00, 0x00, 0x00, 0x00, 0x00, 0x34, 0xFF, 0xFF, 0xC8, 0x00, 0x00, 0x00, 0x00,
  0x00, 0x00, 0x00, 0x00, 0x00, 0x00, 0x00, 0x00, 0x00, 0x37, 0xFF, 0xFF, 0xC0, 0x00, 0x00, 0x00,
  0x00, 0x00, 0x00, 0x00, 0x00, 0x00, 0x00, 0x00, 0x00, 0x00, 0x6B, 0xFF, 0xFF, 0x4A, 0x00, 0xDC,
  0xFF, 0xFF, 0x48, 0x47, 0xCC, 0xF6, 0xD8, 0x75, 0x02, 0x00, 0x00, 0xAF, 0xFF, 0xAF, 0x00, 0x00,
  0xDC, 0xFF, 0xFF, 0x97, 0xFD, 0xFF, 0xFF, 0xFF, 0xFF, 0x70, 0x00, 0x02, 0xEF, 0xF5, 0x1F, 0x00,
  0x00, 0xDC, 0xFF, 0xFF, 0xF2, 0x4A, 0x11, 0x98, 0xFF, 0xFF, 0xD9, 0x00, 0x00, 0x00, 0x00, 0x00,
  0x00, 0x00, 0xDC, 0xFF, 0xFF, 0x89, 0x00, 0x00, 0x30, 0xFF, 0xFF, 0xFA, 0x02, 0x00, 0x00, 0x00,
  0x00, 0x00, 0x00, 0xDC, 0xFF, 0xFF, 0x55, 0x00, 0x00, 0x22, 0xFF, 0xFF, 0xFF, 0x08, 0x00, 0x00,
  0x00, 0x00, 0x00, 0x00, 0xDC, 0xFF, 0xFF, 0x48, 0x00, 0x00, 0x20, 0xFF, 0xFF, 0xFF, 0x08, 0x00,
  0x00, 0x00, 0x00, 0x00, 0x00, 0xDC, 0xFF, 0xFF, 0x48, 0x00, 0x00, 0x20, 0xFF, 0xFF, 0xFF, 0x08,
  0x00, 0x00, 0x00, 0x00, 0x00, 0x00, 0xDC, 0xFF, 0xFF, 0x48, 0x00, 0x00, 0x20, 0xFF, 0xFF, 0xFF,
  0x08, 0x00, 0x00, 0x00, 0x00, 0x00, 0x00, 0xDC, 0xFF, 0xFF, 0x48, 0x00, 0x00, 0x20, 0xFF, 0xFF,
  0xFF, 0x08, 0x00, 0x00, 0x00, 0x00, 0x00, 0x00, 0xDC, 0xFF, 0xFF, 0x48, 0x00, 0x00, 0x20, 0xFF,
  0xFF, 0xFF, 0x08, 0x7C, 0xFF, 0xFF, 0xC8, 0x03, 0x6C, 0xCB, 0xF3, 0xF5, 0xC0, 0x39, 0x00, 0x00,
  0x7C, 0xFF, 0xFF, 0xCE, 0xB3, 0xFF, 0xFF, 0xFF, 0xFF, 0xFF, 0xF6, 0x2E, 0x00, 0x7C, 0xFF, 0xFF,
  0xFF, 0xEA, 0x4B, 0x09, 0x31, 0xD5, 0xFF, 0xFF, 0xAE, 0x00, 0x7C, 0xFF, 0xFF, 0xFF, 0x58, 0x00,
  0x00, 0x00, 0x49, 0xFF, 0xFF, 0xF4, 0x02, 0x7C, 0xFF, 0xFF, 0xF0, 0x03, 0x00, 0x00, 0x00, 0x20,
  0xFF, 0xFF, 0xFF, 0x1A, 0x7C, 0xFF, 0xFF, 0xD0, 0x00, 0x00, 0x00, 0x00, 0x0F, 0xFF, 0xFF, 0xFF,
  0x26, 0x7C, 0xFF, 0xFF, 0xC0, 0x00, 0x00, 0x00, 0x00, 0x09, 0xFF, 0xFF, 0xFF, 0x28, 0x7C, 0xFF,
  0xFF, 0xC0, 0x00, 0x00, 0x00, 0x00, 0x08, 0xFF, 0xFF, 0xFF, 0x28, 0x7C, 0xFF, 0xFF, 0xC0, 0x00,
  0x00, 0x00, 0x00, 0x08, 0xFF, 0xFF, 0xFF, 0x28, 0x7C, 0xFF, 0xFF, 0xC0, 0x00, 0x00, 0x00, 0x00,
  0x08, 0xFF, 0xFF, 0xFF, 0x28, 0x7C, 0xFF, 0xFF, 0xC0, 0x00, 0x00, 0x00, 0x00, 0x08, 0xFF, 0xFF,
  0xFF, 0x28, 0x7C, 0xFF, 0xFF, 0xC0, 0x00, 0x00, 0x00, 0x00, 0x08, 0xFF, 0xFF, 0xFF, 0x28, 0x7C,
  0xFF, 0xFF, 0xC0, 0x00, 0x00, 0x00, 0x00, 0x0F, 0xFF, 0xFF, 0xFF, 0x21, 0x00, 0x00, 0x00, 0x00,
  0x00, 0x00, 0x00, 0x00, 0x3C, 0xFF, 0xFF, 0xFD, 0x0B, 0x00, 0x00, 0x00, 0x00, 0x00, 0x00, 0x00,
  0x26, 0xCA, 0xFF, 0xFF, 0xC8, 0x00, 0x00, 0x00, 0x00, 0x00, 0x00, 0x00, 0xB8, 0xFF, 0xFF, 0xFF,
  0xF7, 0x3E, 0x00, 0x00, 0x00, 0x00, 0x00, 0x00, 0x00, 0xB8, 0xF8, 0xDD, 0x9D, 0x29, 0x00, 0x00,
  0x7C, 0xFF, 0xFF, 0xA8, 0x16, 0xA6, 0xF1, 0xF2, 0xAD, 0x1A, 0x00, 0x7C, 0xFF, 0xFF, 0xBA, 0xDB,
  0xFF, 0xFF, 0xFF, 0xFF, 0xC2, 0x00, 0x7C, 0xFF, 0xFF, 0xFF, 0x90, 0x12, 0x46, 0xFB, 0xFF, 0xFF,
  0x2F, 0x7C, 0xFF, 0xFF, 0xE5, 0x04, 0x00, 0x00, 0xCE, 0xFF, 0xFF, 0x55, 0x7C, 0xFF, 0xFF, 0xB5,
  0x00, 0x00, 0x00, 0xC2, 0xFF, 0xFF, 0x67, 0x7C, 0xFF, 0xFF, 0xA8, 0x00, 0x00, 0x00, 0xC0, 0xFF,
  0xFF, 0x68, 0x7C, 0xFF, 0xFF, 0xA8, 0x00, 0x00, 0x00, 0xC0, 0xFF, 0xFF, 0x68, 0x7C, 0xFF, 0xFF,
  0xA8, 0x00, 0x00, 0x00, 0xC0, 0xFF, 0xFF, 0x68, 0x7C, 0xFF, 0xFF, 0xA8, 0x00, 0x00, 0x00, 0xC0,
  0xFF, 0xFF, 0x68, 0x7C, 0xFF, 0xFF, 0xA8, 0x00, 0x00, 0x00, 0xC0, 0xFF, 0xFF, 0x67, 0x00, 0x00,
  0x00, 0x00, 0x00, 0x00, 0x00, 0xCC, 0xFF, 0xFF, 0x53, 0x00, 0x00, 0x00, 0x00, 0x00, 0x01, 0x34,
  0xF9, 0xFF, 0xFF, 0x29, 0x00, 0x00, 0x00, 0x00, 0xC8, 0xFF, 0xFF, 0xFF, 0xFF, 0xB0, 0x00, 0x00,
  0x00, 0x00, 0x00, 0xC8, 0xFF, 0xFF, 0xEB, 0x9C, 0x10, 0x00, 0x00, 0x00, 0x00, 0x00, 0x20, 0xFF,
  0xFF, 0xFF, 0xFF, 0xFF, 0x68, 0x00, 0x00, 0x00, 0x00, 0x00, 0x00, 0x00, 0x00, 0x20, 0xFF, 0xFF,
  0xFF, 0xFF, 0xFF, 0x68, 0x00, 0x00, 0x00, 0x00, 0x00, 0x00, 0x00, 0x00, 0x00, 0x00, 0x00, 0x00,
  0x00, 0x00, 0x00, 0x00, 0x00, 0x00, 0x00, 0x00, 0x00, 0x00, 0x00, 0x00, 0x00, 0x00, 0x00, 0x00,
  0x00, 0x00, 0x00, 0x00, 0x00, 0x00, 0x00, 0x00, 0x00, 0x08, 0x68, 0xBB, 0xEA, 0xFA, 0xEF, 0xCC,
  0x86, 0x1A, 0x00, 0x00, 0x00, 0x00, 0x00, 0x26, 0xD7, 0xFF, 0xFF, 0xFF, 0xFF, 0xFF, 0xFF, 0xFF,
  0xF3, 0x52, 0x00, 0x00, 0x00, 0x10, 0xDE, 0xFF, 0xFF, 0xD2, 0x3A, 0x07, 0x22, 0xA5, 0xFF, 0xFF,
  0xFA, 0x3B, 0x00, 0x00, 0x82, 0xFF, 0xFF, 0xFB, 0x1F, 0x00, 0x00, 0x00, 0x02, 0xCF, 0xFF, 0xFF,
  0xCA, 0x00, 0x00, 0xDA, 0xFF, 0xFF, 0xAC, 0x00, 0x00, 0x00, 0x00, 0x00, 0x62, 0xFF, 0xFF, 0xFF,
  0x20, 0x08, 0xFF, 0xFF, 0xFF, 0x80, 0x00, 0x00, 0x00, 0x00, 0x00, 0x35, 0xFF, 0xFF, 0xFF, 0x4F,
  0x17, 0xFF, 0xFF, 0xFF, 0x6B, 0x00, 0x00, 0x00, 0x00, 0x00, 0x1F, 0xFF, 0xFF, 0xFF, 0x5E, 0x08,
  0xFF, 0xFF, 0xFF, 0x80, 0x00, 0x00, 0x00, 0x00, 0x00, 0x35, 0xFF, 0xFF, 0xFF, 0x4F, 0x00, 0xDA,
  0xFF, 0xFF, 0xAB, 0x00, 0x00, 0x00, 0x00, 0x00, 0x61, 0xFF, 0xFF, 0xFF, 0x21, 0x00, 0x83, 0xFF,
  0xFF, 0xFA, 0x1D, 0x00, 0x00, 0x00, 0x01, 0xCE, 0xFF, 0xFF, 0xCA, 0x00, 0x00, 0x11, 0xE0, 0xFF,
  0xFF, 0xD1, 0x39, 0x06, 0x21, 0xA3, 0xFF, 0xFF, 0xFB, 0x3D, 0x00, 0x00, 0x00, 0x28, 0xDA, 0xFF,
  0xFF, 0xFF, 0xFF, 0xFF, 0xFF, 0xFF, 0xF4, 0x55, 0x00, 0x00, 0x00, 0x00, 0x00, 0x09, 0x6B, 0xBD,
  0xEB, 0xFB, 0xF1, 0xCE, 0x88, 0x1C, 0x00, 0x00, 0x00, 0x00, 0x00, 0x00, 0x90, 0xFF, 0xFF, 0xFF,
  0xFF, 0xF8, 0x00, 0x00, 0x00, 0x00, 0x00, 0x00, 0x90, 0xFF, 0xFF, 0xFF, 0xFF, 0xF8, 0x00, 0x00,
  0x00, 0x00, 0x00, 0x00, 0x00, 0x00, 0x00, 0x00, 0x00, 0x00, 0x00, 0x00, 0x00, 0x00, 0x00, 0x00,
  0x00, 0x00, 0x00, 0x00, 0x00, 0x00, 0x00, 0x00, 0x00, 0x00, 0x00, 0x0A, 0x78, 0xCC, 0xF3, 0xF9,
  0xE0, 0x9F, 0x2A, 0x00, 0x00, 0x00, 0x13, 0xD3, 0xFF, 0xFF, 0xFF, 0xFF, 0xFF, 0xFF, 0xF8, 0x4E,
  0x00, 0x00, 0xA4, 0xFF, 0xFF, 0xD4, 0x2B, 0x13, 0x91, 0xFF, 0xFF, 0xF1, 0x12, 0x0B, 0xF9, 0xFF,
  0xFF, 0x4A, 0x00, 0x00, 0x05, 0xE9, 0xFF, 0xFF, 0x64, 0x2E, 0xFF, 0xFF, 0xFF, 0x19, 0x00, 0x00,
  0x00, 0xBE, 0xFF, 0xFF, 0x8D, 0x2E, 0xFF, 0xFF, 0xFF, 0x19, 0x00, 0x00, 0x00, 0xBE, 0xFF, 0xFF,
  0x8D, 0x0B, 0xF9, 0xFF, 0xFF, 0x4A, 0x00, 0x00, 0x05, 0xE8, 0xFF, 0xFF, 0x65, 0x00, 0xA4, 0xFF,
  0xFF, 0xD2, 0x2A, 0x12, 0x8F, 0xFF, 0xFF, 0xF1, 0x13, 0x00, 0x13, 0xD4, 0xFF, 0xFF, 0xFF, 0xFF,
  0xFF, 0xFF, 0xF8, 0x4E, 0x00, 0x00, 0x00, 0x0B, 0x79, 0xCD, 0xF4, 0xFA, 0xE1, 0xA0, 0x2B, 0x00,
  0x00, 0x00, 0x00, 0x00, 0x00, 0x30, 0xFD, 0x5F, 0x0E, 0x41, 0xF2, 0x5E, 0x00, 0x00, 0x00, 0x00,
  0x00, 0x00, 0x00, 0x00, 0x00, 0x66, 0xDA, 0xF9, 0xE4, 0x85, 0x01, 0x00, 0x00, 0x00, 0x00, 0x00,
  0x00, 0x00, 0x00, 0x00, 0x00, 0x00, 0x00, 0x00, 0x00, 0x00, 0x00, 0x00, 0x00, 0x00, 0x00, 0x00,
  0x00, 0x08, 0x68, 0xBB, 0xEA, 0xFA, 0xEF, 0xCC, 0x86, 0x1A, 0x00, 0x00, 0x00, 0x00, 0x00, 0x26,
  0xD7, 0xFF, 0xFF, 0xFF, 0xFF, 0xFF, 0xFF, 0xFF, 0xF3, 0x52, 0x00, 0x00, 0x00, 0x10, 0xDE, 0xFF,
  0xFF, 0xD2, 0x3A, 0x07, 0x22, 0xA5, 0xFF, 0xFF, 0xFA, 0x3B, 0x00, 0x00, 0x82, 0xFF, 0xFF, 0xFB,
  0x1F, 0x00, 0x00, 0x00, 0x02, 0xCF, 0xFF, 0xFF, 0xCA, 0x00, 0x00, 0xDA, 0xFF, 0xFF, 0xAC, 0x00,
  0x00, 0x00, 0x00, 0x00, 0x62, 0xFF, 0xFF, 0xFF, 0x20, 0x08, 0xFF, 0xFF, 0xFF, 0x80, 0x00, 0x00,
  0x00, 0x00, 0x00, 0x35, 0xFF, 0xFF, 0xFF, 0x4F, 0x17, 0xFF, 0xFF, 0xFF, 0x6B, 0x00, 0x00, 0x00,
  0x00, 0x00, 0x1F, 0xFF, 0xFF, 0xFF, 0x5E, 0x08, 0xFF, 0xFF, 0xFF, 0x80, 0x00, 0x00, 0x00, 0x00,
  0x00, 0x35, 0xFF, 0xFF, 0xFF, 0x4F, 0x00, 0xDA, 0xFF, 0xFF, 0xAB, 0x00, 0x00, 0x00, 0x00, 0x00,
  0x61, 0xFF, 0xFF, 0xFF, 0x21, 0x00, 0x83, 0xFF, 0xFF, 0xFA, 0x1D, 0x00, 0x00, 0x00, 0x01, 0xCE,
  0xFF, 0xFF, 0xCA, 0x00, 0x00, 0x11, 0xE0, 0xFF, 0xFF, 0xD1, 0x39, 0x06, 0x21, 0xA3, 0xFF, 0xFF,
  0xFB, 0x3D, 0x00, 0x00, 0x00, 0x28, 0xDA, 0xFF, 0xFF, 0xFF, 0xFF, 0xFF, 0xFF, 0xFF, 0xF4, 0x55,
  0x00, 0x00, 0x00, 0x00, 0x00, 0x09, 0x6B, 0xBD, 0xEB, 0xFB, 0xF1, 0xCE, 0x88, 0x1C, 0x00, 0x00,
  0x00, 0x00, 0x00, 0x00, 0xB2, 0x93, 0x00, 0x00, 0x3C, 0xFD, 0x0B, 0x00, 0x00, 0x00, 0x00, 0x00,
  0x67, 0xEE, 0x34, 0x13, 0xB9, 0xBF, 0x00, 0x00, 0x00, 0x00, 0x00, 0x00, 0x02, 0x86, 0xE6, 0xF1,
  0xB5, 0x1F, 0x00, 0x00, 0x00, 0x00, 0x00, 0x00, 0x00, 0x00, 0x00, 0x00, 0x00, 0x00, 0x00, 0x00,
  0x00, 0x00, 0x00, 0x0A, 0x78, 0xCC, 0xF3, 0xF9, 0xE0, 0x9F, 0x2A, 0x00, 0x00, 0x00, 0x13, 0xD3,
  0xFF, 0xFF, 0xFF, 0xFF, 0xFF, 0xFF, 0xF8, 0x4E, 0x00, 0x00, 0xA4, 0xFF, 0xFF, 0xD4, 0x2B, 0x13,
  0x91, 0xFF, 0xFF, 0xF1, 0x12, 0x0B, 0xF9, 0xFF, 0xFF, 0x4A, 0x00, 0x00, 0x05, 0xE9, 0xFF, 0xFF,
  0x64, 0x2E, 0xFF, 0xFF, 0xFF, 0x19, 0x00, 0x00, 0x00, 0xBE, 0xFF, 0xFF, 0x8D, 0x2E, 0xFF, 0xFF,
  0xFF, 0x19, 0x00, 0x00, 0x00, 0xBE, 0xFF, 0xFF, 0x8D, 0x0B, 0xF9, 0xFF, 0xFF, 0x4A, 0x00, 0x00,
  0x05, 0xE8, 0xFF, 0xFF, 0x65, 0x00, 0xA4, 0xFF, 0xFF, 0xD2, 0x2A, 0x12, 0x8F, 0xFF, 0xFF, 0xF1,
  0x13, 0x00, 0x13, 0xD4, 0xFF, 0xFF, 0xFF, 0xFF, 0xFF, 0xFF, 0xF8, 0x4E, 0x00, 0x00, 0x00, 0x0B,
  0x79, 0xCD, 0xF4, 0xFA, 0xE1, 0xA0, 0x2B, 0x00, 0x00, 0x00, 0x00, 0x00, 0x00, 0x00, 0x59, 0xFE,
  0xD0, 0x45, 0xEB, 0xF0, 0x4B, 0x00, 0x00, 0x00, 0x00, 0x00, 0x00, 0x00, 0x3E, 0xF9, 0xA6, 0x1D,
  0xDA, 0xD6, 0x25, 0x00, 0x00, 0x00, 0x00, 0x00, 0x00, 0x00, 0x00, 0x00, 0x00, 0x00, 0x00, 0x00,
  0x00, 0x00, 0x00, 0x00, 0x00, 0x00, 0x00, 0x00, 0x00, 0x08, 0x68, 0xBB, 0xEA, 0xFA, 0xEF, 0xCC,
  0x86, 0x1A, 0x00, 0x00, 0x00, 0x00, 0x00, 0x26, 0xD7, 0xFF, 0xFF, 0xFF, 0xFF, 0xFF, 0xFF, 0xFF,
  0xF3, 0x52, 0x00, 0x00, 0x00, 0x10, 0xDE, 0xFF, 0xFF, 0xD2, 0x3A, 0x07, 0x22, 0xA5, 0xFF, 0xFF,
  0xFA, 0x3B, 0x00, 0x00, 0x82, 0xFF, 0xFF, 0xFB, 0x1F, 0x00, 0x00, 0x00, 0x02, 0xCF, 0xFF, 0xFF,
  0xCA, 0x00, 0x00, 0xDA, 0xFF, 0xFF, 0xAC, 0x00, 0x00, 0x00, 0x00, 0x00, 0x62, 0xFF, 0xFF, 0xFF,
  0x20, 0x08, 0xFF, 0xFF, 0xFF, 0x80, 0x00, 0x00, 0x00, 0x00, 0x00, 0x35, 0xFF, 0xFF, 0xFF, 0x4F,
  0x17, 0xFF, 0xFF, 0xFF, 0x6B, 0x00, 0x00, 0x00, 0x00, 0x00, 0x1F, 0xFF, 0xFF, 0xFF, 0x5E, 0x08,
  0xFF, 0xFF, 0xFF, 0x80, 0x00, 0x00, 0x00, 0x00, 0x00, 0x35, 0xFF, 0xFF, 0xFF, 0x4F, 0x00, 0xDA,
  0xFF, 0xFF, 0xAB, 0x00, 0x00, 0x00, 0x00, 0x00, 0x61, 0xFF, 0xFF, 0xFF, 0x21, 0x00, 0x83, 0xFF,
  0xFF, 0xFA, 0x1D, 0x00, 0x00, 0x00, 0x01, 0xCE, 0xFF, 0xFF, 0xCA, 0x00, 0x00, 0x11, 0xE0, 0xFF,
  0xFF, 0xD1, 0x39, 0x06, 0x21, 0xA3, 0xFF, 0xFF, 0xFB, 0x3D, 0x00, 0x00, 0x00, 0x28, 0xDA, 0xFF,
  0xFF, 0xFF, 0xFF, 0xFF, 0xFF, 0xFF, 0xF4, 0x55, 0x00, 0x00, 0x00, 0x00, 0x00, 0x09, 0x6B, 0xBD,
  0xEB, 0xFB, 0xF1, 0xCE, 0x88, 0x1C, 0x00, 0x00, 0x00, 0x00, 0x00, 0x00, 0x00, 0x10, 0xEC, 0xCF,
  0x0B, 0xD0, 0xF3, 0x2A, 0x00, 0x00, 0x00, 0x00, 0x00, 0x8E, 0xF5, 0x28, 0x76, 0xFE, 0x52, 0x00,
  0x00, 0x00, 0x00, 0x00, 0x25, 0xFA, 0x64, 0x21, 0xF5, 0x85, 0x00, 0x00, 0x00, 0x00, 0x00, 0x00,
  0x00, 0x00, 0x00, 0x00, 0x00, 0x00, 0x00, 0x00, 0x00, 0x00, 0x00, 0x0A, 0x78, 0xCC, 0xF3, 0xF9,
  0xE0, 0x9F, 0x2A, 0x00, 0x00, 0x00, 0x13, 0xD3, 0xFF, 0xFF, 0xFF, 0xFF, 0xFF, 0xFF, 0xF8, 0x4E,
  0x00, 0x00, 0xA4, 0xFF, 0xFF, 0xD4, 0x2B, 0x13, 0x91, 0xFF, 0xFF, 0xF1, 0x12, 0x0B, 0xF9, 0xFF,
  0xFF, 0x4A, 0x00, 0x00, 0x05, 0xE9, 0xFF, 0xFF, 0x64, 0x2E, 0xFF, 0xFF, 0xFF, 0x19, 0x00, 0x00,
  0x00, 0xBE, 0xFF, 0xFF, 0x8D, 0x2E, 0xFF, 0xFF, 0xFF, 0x19, 0x00, 0x00, 0x00, 0xBE, 0xFF, 0xFF,
  0x8D, 0x0B, 0xF9, 0xFF, 0xFF, 0x4A, 0x00, 0x00, 0x05, 0xE8, 0xFF, 0xFF, 0x65, 0x00, 0xA4, 0xFF,
  0xFF, 0xD2, 0x2A, 0x12, 0x8F, 0xFF, 0xFF, 0xF1, 0x13, 0x00, 0x13, 0xD4, 0xFF, 0xFF, 0xFF, 0xFF,
  0xFF, 0xFF, 0xF8, 0x4E, 0x00, 0x00, 0x00, 0x0B, 0x79, 0xCD, 0xF4, 0xFA, 0xE1, 0xA0, 0x2B, 0x00,
  0x00, 0x00, 0x00, 0x00, 0x00, 0x34, 0x91, 0xC9, 0xEE, 0xFC, 0xFF, 0xFF, 0xFF, 0xFF, 0xFF, 0xFF,
  0xFF, 0xFF, 0xFF, 0xFF, 0x80, 0x00, 0x00, 0x10, 0xAA, 0xFF, 0xFF, 0xFF, 0xFF, 0xFF, 0xFF, 0xFF,
  0xFF, 0xFF, 0xFF, 0xFF, 0xFF, 0xFF, 0xFF, 0xFF, 0x80, 0x00, 0x06, 0xC8, 0xFF, 0xFF, 0xFD, 0x97,
  0x3B, 0x0F, 0x01, 0xA0, 0xFF, 0xFF, 0xC0, 0x00, 0x00, 0x00, 0x00, 0x00, 0x00, 0x00, 0x73, 0xFF,
  0xFF, 0xFF, 0x54, 0x00, 0x00, 0x00, 0x00, 0xA0, 0xFF, 0xFF, 0xC0, 0x00, 0x00, 0x00, 0x00, 0x00,
  0x00, 0x00, 0xD4, 0xFF, 0xFF, 0xBD, 0x00, 0x00, 0x00, 0x00, 0x00, 0xA0, 0xFF, 0xFF, 0xC0, 0x00,
  0x00, 0x00, 0x00, 0x00, 0x00, 0x06, 0xFF, 0xFF, 0xFF, 0x7A, 0x00, 0x00, 0x00, 0x00, 0x00, 0xA0,
  0xFF, 0xFF, 0xFF, 0xFF, 0xFF, 0xFF, 0xFF, 0xFF, 0x28, 0x16, 0xFF, 0xFF, 0xFF, 0x68, 0x00, 0x00,
  0x00, 0x00, 0x00, 0xA0, 0xFF, 0xFF, 0xFF, 0xFF, 0xFF, 0xFF, 0xFF, 0xFF, 0x28, 0x06, 0xFF, 0xFF,
  0xFF, 0x7B, 0x00, 0x00, 0x00, 0x00, 0x00, 0xA0, 0xFF, 0xFF, 0xC0, 0x00, 0x00, 0x00, 0x00, 0x00,
  0x00, 0x00, 0xD2, 0xFF, 0xFF, 0xC0, 0x00, 0x00, 0x00, 0x00, 0x00, 0xA0, 0xFF, 0xFF, 0xC0, 0x00,
  0x00, 0x00, 0x00, 0x00, 0x00, 0x00, 0x72, 0xFF, 0xFF, 0xFF, 0x57, 0x00, 0x00, 0x00, 0x00, 0xA0,
  0xFF, 0xFF, 0xC0, 0x00, 0x00, 0x00, 0x00, 0x00, 0x00, 0x00, 0x06, 0xC7, 0xFF, 0xFF, 0xFD, 0x99,
  0x3B, 0x0F, 0x01, 0xA0, 0xFF, 0xFF, 0xC0, 0x00, 0x00, 0x00, 0x00, 0x00, 0x00, 0x00, 0x00, 0x10,
  0xAB, 0xFF, 0xFF, 0xFF, 0xFF, 0xFF, 0xFF, 0xFF, 0xFF, 0xFF, 0xFF, 0xFF, 0xFF, 0xFF, 0xFF, 0xFF,
  0xB4, 0x00, 0x00, 0x00, 0x00, 0x35, 0x91, 0xCA, 0xEE, 0xFD, 0xFF, 0xFF, 0xFF, 0xFF, 0xFF, 0xFF,
  0xFF, 0xFF, 0xFF, 0xFF, 0xB4, 0x00, 0x00, 0x00, 0x00, 0x00, 0x00, 0x00, 0x00, 0x00, 0x01, 0x00,
  0x00, 0x00, 0x00, 0x00, 0x00, 0x00, 0x00, 0x00, 0x00, 0x00, 0x00, 0x0A, 0x78, 0xCC, 0xF3, 0xF9,
  0xDA, 0x88, 0x10, 0x24, 0xA1, 0xE6, 0xFA, 0xEB, 0xB5, 0x45, 0x00, 0x00, 0x00, 0x13, 0xD3, 0xFF,
  0xFF, 0xFF, 0xFF, 0xFF, 0xFF, 0xDC, 0xF0, 0xFF, 0xFF, 0xFF, 0xFF, 0xFF, 0xFF, 0x7B, 0x00, 0x00,
  0xA4, 0xFF, 0xFF, 0xD4, 0x2B, 0x13, 0x91, 0xFF, 0xFF, 0xFF, 0xFC, 0x5C, 0x0B, 0x37, 0xE8, 0xFF,
  0xFF, 0x39, 0x0B, 0xF9, 0xFF, 0xFF, 0x4A, 0x00, 0x00, 0x05, 0xE9, 0xFF, 0xFF, 0xA5, 0x00, 0x00,
  0x00, 0x7E, 0xFF, 0xFF, 0x9C, 0x2E, 0xFF, 0xFF, 0xFF, 0x19, 0x00, 0x00, 0x00, 0xBE, 0xFF, 0xFF,
  0xFF, 0xFF, 0xFF, 0xFF, 0xFF, 0xFF, 0xFF, 0xC7, 0x2E, 0xFF, 0xFF, 0xFF, 0x19, 0x00, 0x00, 0x00,
  0xBE, 0xFF, 0xFF, 0xFF, 0xFF, 0xFF, 0xFF, 0xFF, 0xFF, 0xFF, 0xD3, 0x0B, 0xF9, 0xFF, 0xFF, 0x4A,
  0x00, 0x00, 0x05, 0xE8, 0xFF, 0xFF, 0x9D, 0x00, 0x00, 0x00, 0x00, 0x00, 0x00, 0x00, 0x00, 0xA4,
  0xFF, 0xFF, 0xD2, 0x2A, 0x12, 0x8F, 0xFF, 0xFF, 0xFF, 0xFB, 0x6A, 0x14, 0x0A, 0x29, 0x5A, 0xB2,
  0x56, 0x00, 0x13, 0xD4, 0xFF, 0xFF, 0xFF, 0xFF, 0xFF, 0xFF, 0xD2, 0xE6, 0xFF, 0xFF, 0xFF, 0xFF,
  0xFF, 0xFF, 0xFF, 0x5C, 0x00, 0x00, 0x0B, 0x79, 0xCD, 0xF4, 0xF8, 0xD6, 0x80, 0x0C, 0x1D, 0x9B,
  0xE0, 0xF9, 0xEF, 0xD2, 0x9F, 0x4A, 0x05, 0x00, 0x00, 0x00, 0x00, 0x0C, 0xCF, 0xFC, 0x73, 0x00,
  0x00, 0x00, 0x00, 0x00, 0x00, 0x00, 0x00, 0x04, 0xB7, 0xEB, 0x41, 0x00, 0x00, 0x00, 0x00, 0x00,
  0x00, 0x00, 0x00, 0x00, 0x00, 0x00, 0x00, 0x00, 0x00, 0x00, 0x00, 0x00, 0x00, 0x00, 0x58, 0xFF,
  0xFF, 0xFF, 0xFF, 0xFF, 0xF8, 0xDE, 0xA5, 0x31, 0x00, 0x00, 0x00, 0x58, 0xFF, 0xFF, 0xFF, 0xFF,
  0xFF, 0xFF, 0xFF, 0xFF, 0xF8, 0x38, 0x00, 0x00, 0x58, 0xFF, 0xFF, 0xFF, 0x08, 0x04, 0x38, 0xED,
  0xFF, 0xFF, 0xAA, 0x00, 0x00, 0x58, 0xFF, 0xFF, 0xFF, 0x08, 0x00, 0x00, 0x9C, 0xFF, 0xFF, 0xCC,
  0x00, 0x00, 0x58, 0xFF, 0xFF, 0xFF, 0x08, 0x00, 0x00, 0x9D, 0xFF, 0xFF, 0xB5, 0x00, 0x00, 0x58,
  0xFF, 0xFF, 0xFF, 0x08, 0x04, 0x38, 0xED, 0xFF, 0xFF, 0x53, 0x00, 0x00, 0x58, 0xFF, 0xFF, 0xFF,
  0xFF, 0xFF, 0xFF, 0xFF, 0xE4, 0x62, 0x00, 0x00, 0x00, 0x58, 0xFF, 0xFF, 0xFF, 0xFF, 0xFF, 0xFF,
  0xFF, 0xE9, 0x55, 0x00, 0x00, 0x00, 0x58, 0xFF, 0xFF, 0xFF, 0x08, 0x12, 0x95, 0xFF, 0xFF, 0xFB,
  0x35, 0x00, 0x00, 0x58, 0xFF, 0xFF, 0xFF, 0x08, 0x00, 0x03, 0xD2, 0xFF, 0xFF, 0xC6, 0x00, 0x00,
  0x58, 0xFF, 0xFF, 0xFF, 0x08, 0x00, 0x00, 0x53, 0xFF, 0xFF, 0xFF, 0x45, 0x00, 0x58, 0xFF, 0xFF,
  0xFF, 0x08, 0x00, 0x00, 0x01, 0xD5, 0xFF, 0xFF, 0xC2, 0x00, 0x58, 0xFF, 0xFF, 0xFF, 0x08, 0x00,
  0x00, 0x00, 0x5A, 0xFF, 0xFF, 0xFF, 0x41, 0x00, 0x00, 0x00, 0x00, 0x00, 0xA1, 0xFF, 0xB0, 0x08,
  0x00, 0x00, 0x00, 0x00, 0x77, 0xFF, 0xA0, 0x03, 0x00, 0x00, 0x00, 0x00, 0x4C, 0xFD, 0x8D, 0x01,
  0x00, 0x00, 0x00, 0x00, 0x00, 0x00, 0x00, 0x00, 0x00, 0x00, 0x00, 0x7C, 0xFF, 0xFF, 0xA8, 0x23,
  0xB3, 0xF2, 0xD0, 0x00, 0x7C, 0xFF, 0xFF, 0xBC, 0xE5, 0xFF, 0xFF, 0xD2, 0x00, 0x7C, 0xFF, 0xFF,
  0xFF, 0xA7, 0x20, 0x00, 0x00, 0x00, 0x7C, 0xFF, 0xFF, 0xE8, 0x08, 0x00, 0x00, 0x00, 0x00, 0x7C,
  0xFF, 0xFF, 0xB6, 0x00, 0x00, 0x00, 0x00, 0x00, 0x7C, 0xFF, 0xFF, 0xA8, 0x00, 0x00, 0x00, 0x00,
  0x00, 0x7C, 0xFF, 0xFF, 0xA8, 0x00, 0x00, 0x00, 0x00, 0x00, 0x7C, 0xFF, 0xFF, 0xA8, 0x00, 0x00,
  0x00, 0x00, 0x00, 0x7C, 0xFF, 0xFF, 0xA8, 0x00, 0x00, 0x00, 0x00, 0x00, 0x7C, 0xFF, 0xFF, 0xA8,
  0x00, 0x00, 0x00, 0x00, 0x00, 0x58, 0xFF, 0xFF, 0xFF, 0xFF, 0xFF, 0xF8, 0xDE, 0xA5, 0x31, 0x00,
  0x00, 0x00, 0x58, 0xFF, 0xFF, 0xFF, 0xFF, 0xFF, 0xFF, 0xFF, 0xFF, 0xF8, 0x38, 0x00, 0x00, 0x58,
  0xFF, 0xFF, 0xFF, 0x08, 0x04, 0x38, 0xED, 0xFF, 0xFF, 0xAA, 0x00, 0x00, 0x58, 0xFF, 0xFF, 0xFF,
  0x08, 0x00, 0x00, 0x9C, 0xFF, 0xFF, 0xCC, 0x00, 0x00, 0x58, 0xFF, 0xFF, 0xFF, 0x08, 0x00, 0x00,
  0x9D, 0xFF, 0xFF, 0xB5, 0x00, 0x00, 0x58, 0xFF, 0xFF, 0xFF, 0x08, 0x04, 0x38, 0xED, 0xFF, 0xFF,
  0x53, 0x00, 0x00, 0x58, 0xFF, 0xFF, 0xFF, 0xFF, 0xFF, 0xFF, 0xFF, 0xE4, 0x62, 0x00, 0x00, 0x00,
  0x58, 0xFF, 0xFF, 0xFF, 0xFF, 0xFF, 0xFF, 0xFF, 0xE9, 0x55, 0x00, 0x00, 0x00, 0x58, 0xFF, 0xFF,
  0xFF, 0x08, 0x12, 0x95, 0xFF, 0xFF, 0xFB, 0x35, 0x00, 0x00, 0x58, 0xFF, 0xFF, 0xFF, 0x08, 0x00,
  0x03, 0xD2, 0xFF, 0xFF, 0xC6, 0x00, 0x00, 0x58, 0xFF, 0xFF, 0xFF, 0x08, 0x00, 0x00, 0x53, 0xFF,
  0xFF, 0xFF, 0x45, 0x00, 0x58, 0xFF, 0xFF, 0xFF, 0x08, 0x00, 0x00, 0x01, 0xD5, 0xFF, 0xFF, 0xC2,
  0x00, 0x58, 0xFF, 0xFF, 0xFF, 0x08, 0x00, 0x00, 0x00, 0x5A, 0xFF, 0xFF, 0xFF, 0x41, 0x00, 0x00,
  0x00, 0x00, 0x00, 0x93, 0xFF, 0xF4, 0x20, 0x00, 0x00, 0x00, 0x00, 0x00, 0x00, 0x00, 0x00, 0x00,
  0xD7, 0xFF, 0x6D, 0x00, 0x00, 0x00, 0x00, 0x00, 0x00, 0x00, 0x00, 0x00, 0x1A, 0xFF, 0xC5, 0x02,
  0x00, 0x00, 0x00, 0x00, 0x00, 0x7C, 0xFF, 0xFF, 0xA8, 0x23, 0xB3, 0xF2, 0xD0, 0x7C, 0xFF, 0xFF,
  0xBC, 0xE5, 0xFF, 0xFF, 0xD2, 0x7C, 0xFF, 0xFF, 0xFF, 0xA7, 0x20, 0x00, 0x00, 0x7C, 0xFF, 0xFF,
  0xE8, 0x08, 0x00, 0x00, 0x00, 0x7C, 0xFF, 0xFF, 0xB6, 0x00, 0x00, 0x00, 0x00, 0x7C, 0xFF, 0xFF,
  0xA8, 0x00, 0x00, 0x00, 0x00, 0x7C, 0xFF, 0xFF, 0xA8, 0x00, 0x00, 0x00, 0x00, 0x7C, 0xFF, 0xFF,
  0xA8, 0x00, 0x00, 0x00, 0x00, 0x7C, 0xFF, 0xFF, 0xA8, 0x00, 0x00, 0x00, 0x00, 0x7C, 0xFF, 0xFF,
  0xA8, 0x00, 0x00, 0x00, 0x00, 0x14, 0xFE, 0xFF, 0x94, 0x00, 0x00, 0x00, 0x00, 0x57, 0xFF, 0xE1,
  0x0C, 0x00, 0x00, 0x00, 0x00, 0x9A, 0xFF, 0x47, 0x00, 0x00, 0x00, 0x00, 0x00, 0x00, 0x00, 0x8F,
  0xEA, 0x4E, 0x0E, 0xA2, 0xEB, 0x2B, 0x00, 0x00, 0x00, 0x00, 0x00, 0x00, 0x00, 0x94, 0xFF, 0xEC,
  0xED, 0x2F, 0x00, 0x00, 0x00, 0x00, 0x00, 0x00, 0x00, 0x00, 0x00, 0x00, 0x00, 0x00, 0x00, 0x00,
  0x00, 0x00, 0x00, 0x00, 0x58, 0xFF, 0xFF, 0xFF, 0xFF, 0xFF, 0xF8, 0xDE, 0xA5, 0x31, 0x00, 0x00,
  0x00, 0x58, 0xFF, 0xFF, 0xFF, 0xFF, 0xFF, 0xFF, 0xFF, 0xFF, 0xF8, 0x38, 0x00, 0x00, 0x58, 0xFF,
  0xFF, 0xFF, 0x08, 0x04, 0x38, 0xED, 0xFF, 0xFF, 0xAA, 0x00, 0x00, 0x58, 0xFF, 0xFF, 0xFF, 0x08,
  0x00, 0x00, 0x9C, 0xFF, 0xFF, 0xCC, 0x00, 0x00, 0x58, 0xFF, 0xFF, 0xFF, 0x08, 0x00, 0x00, 0x9D,
  0xFF, 0xFF, 0xB5, 0x00, 0x00, 0x58, 0xFF, 0xFF, 0xFF, 0x08, 0x04, 0x38, 0xED, 0xFF, 0xFF, 0x53,
  0x00, 0x00, 0x58, 0xFF, 0xFF, 0xFF, 0xFF, 0xFF, 0xFF, 0xFF, 0xE4, 0x62, 0x00, 0x00, 0x00, 0x58,
  0xFF, 0xFF, 0xFF, 0xFF, 0xFF, 0xFF, 0xFF, 0xE9, 0x55, 0x00, 0x00, 0x00, 0x58, 0xFF, 0xFF, 0xFF,
  0x08, 0x12, 0x95, 0xFF, 0xFF, 0xFB, 0x35, 0x00, 0x00, 0x58, 0xFF, 0xFF, 0xFF, 0x08, 0x00, 0x03,
  0xD2, 0xFF, 0xFF, 0xC6, 0x00, 0x00, 0x58, 0xFF, 0xFF, 0xFF, 0x08, 0x00, 0x00, 0x53, 0xFF, 0xFF,
  0xFF, 0x45, 0x00, 0x58, 0xFF, 0xFF, 0xFF, 0x08, 0x00, 0x00, 0x01, 0xD5, 0xFF, 0xFF, 0xC2, 0x00,
  0x58, 0xFF, 0xFF, 0xFF, 0x08, 0x00, 0x00, 0x00, 0x5A, 0xFF, 0xFF, 0xFF, 0x41, 0x00, 0xB0, 0xDE,
  0x1C, 0x00, 0x7B, 0xF9, 0x35, 0x00, 0x10, 0xDF, 0xDA, 0x82, 0xFF, 0x6F, 0x00, 0x00, 0x00, 0x36,
  0xFA, 0xFF, 0xAF, 0x00, 0x00, 0x00, 0x00, 0x00, 0x00, 0x00, 0x00, 0x00, 0x00, 0x7C, 0xFF, 0xFF,
  0xA8, 0x23, 0xB3, 0xF2, 0xD0, 0x7C, 0xFF, 0xFF, 0xBC, 0xE5, 0xFF, 0xFF, 0xD2, 0x7C, 0xFF, 0xFF,
  0xFF, 0xA7, 0x20, 0x00, 0x00, 0x7C, 0xFF, 0xFF, 0xE8, 0x08, 0x00, 0x00, 0x00, 0x7C, 0xFF, 0xFF,
  0xB6, 0x00, 0x00, 0x00, 0x00, 0x7C, 0xFF, 0xFF, 0xA8, 0x00, 0x00, 0x00, 0x00, 0x7C, 0xFF, 0xFF,
  0xA8, 0x00, 0x00, 0x00, 0x00, 0x7C, 0xFF, 0xFF, 0xA8, 0x00, 0x00, 0x00, 0x00, 0x7C, 0xFF, 0xFF,
  0xA8, 0x00, 0x00, 0x00, 0x00, 0x7C, 0xFF, 0xFF, 0xA8, 0x00, 0x00, 0x00, 0x00, 0x00, 0x00, 0x00,
  0x00, 0x0C, 0xCF, 0xFC, 0x73, 0x00, 0x00, 0x00, 0x00, 0x00, 0x00, 0x04, 0xB7, 0xEB, 0x41, 0x00,
  0x00, 0x00, 0x00, 0x00, 0x00, 0x00, 0x00, 0x00, 0x00, 0x00, 0x00, 0x00, 0x00, 0x00, 0x00, 0x09,
  0x7C, 0xCF, 0xF4, 0xFA, 0xEA, 0xD6, 0xAE, 0x6A, 0x00, 0x08, 0xCB, 0xFF, 0xFF, 0xFF, 0xFF, 0xFF,
  0xFF, 0xFF, 0xC8, 0x00, 0x6B, 0xFF, 0xFF, 0xC6, 0x2B, 0x07, 0x19, 0x3D, 0x8B, 0xAC, 0x00, 0xA7,
  0xFF, 0xFF, 0x69, 0x00, 0x00, 0x00, 0x00, 0x00, 0x00, 0x00, 0xA2, 0xFF, 0xFF, 0xD8, 0x4E, 0x0C,
  0x00, 0x00, 0x00, 0x00, 0x00, 0x69, 0xFF, 0xFF, 0xFF, 0xFF, 0xFC, 0xD1, 0x94, 0x3C, 0x00, 0x00,
  0x04, 0xC3, 0xFF, 0xFF, 0xFF, 0xFF, 0xFF, 0xFF, 0xFF, 0xA4, 0x00, 0x00, 0x05, 0x65, 0xC0, 0xF9,
  0xFF, 0xFF, 0xFF, 0xFF, 0xFF, 0x57, 0x00, 0x00, 0x00, 0x00, 0x08, 0x40, 0x8E, 0xFB, 0xFF, 0xFF,
  0x92, 0x00, 0x00, 0x00, 0x00, 0x00, 0x00, 0x00, 0xAD, 0xFF, 0xFF, 0x96, 0x89, 0xA9, 0x5B, 0x2D,
  0x11, 0x09, 0x3F, 0xE8, 0xFF, 0xFF, 0x5E, 0x98, 0xFF, 0xFF, 0xFF, 0xFF, 0xFF, 0xFF, 0xFF, 0xFF,
  0xC7, 0x05, 0x2E, 0x7D, 0xB8, 0xDB, 0xEE, 0xFC, 0xF0, 0xC8, 0x75, 0x09, 0x00, 0x00, 0x00, 0x00,
  0x00, 0x00, 0x00, 0xA1, 0xFF, 0xB0, 0x08, 0x00, 0x00, 0x00, 0x00, 0x00, 0x77, 0xFF, 0xA0, 0x03,
  0x00, 0x00, 0x00, 0x00, 0x00, 0x4C, 0xFD, 0x8D, 0x01, 0x00, 0x00, 0x00, 0x00, 0x00, 0x00, 0x00,
  0x00, 0x00, 0x00, 0x00, 0x00, 0x00, 0x0A, 0x82, 0xD3, 0xF5, 0xF6, 0xD5, 0xA1, 0x49, 0x02, 0x00,
  0xAC, 0xFF, 0xFF, 0xFF, 0xFF, 0xFF, 0xFF, 0xFF, 0x34, 0x05, 0xFC, 0xFF, 0xDE, 0x23, 0x07, 0x26,
  0x5A, 0xBB, 0x32, 0x02, 0xF6, 0xFF, 0xE6, 0x49, 0x1A, 0x00, 0x00, 0x00, 0x00, 0x00, 0x9C, 0xFF,
  0xFF, 0xFF, 0xFF, 0xF2, 0xBC, 0x60, 0x01, 0x00, 0x06, 0x71, 0xC4, 0xF2, 0xFF, 0xFF, 0xFF, 0xFF,
  0x70, 0x00, 0x00, 0x00, 0x00, 0x00, 0x16, 0x76, 0xFF, 0xFF, 0xC6, 0x00, 0xC0, 0x71, 0x30, 0x10,
  0x0A, 0x6F, 0xFF, 0xFF, 0xCB, 0x00, 0xEC, 0xFF, 0xFF, 0xFF, 0xFF, 0xFF, 0xFF, 0xFF, 0x68, 0x00,
  0x26, 0x80, 0xC7, 0xE9, 0xFC, 0xEB, 0xBB, 0x54, 0x00, 0x00, 0x00, 0x02, 0xA2, 0xFE, 0xEF, 0xE6,
  0x25, 0x00, 0x00, 0x00, 0x00, 0x01, 0x9D, 0xE5, 0x46, 0x15, 0xAF, 0xE3, 0x22, 0x00, 0x00, 0x00,
  0x00, 0x00, 0x00, 0x00, 0x00, 0x00, 0x00, 0x00, 0x00, 0x00, 0x00, 0x09, 0x7C, 0xCF, 0xF4, 0xFA,
  0xEA, 0xD6, 0xAE, 0x6A, 0x00, 0x08, 0xCB, 0xFF, 0xFF, 0xFF, 0xFF, 0xFF, 0xFF, 0xFF, 0xC8, 0x00,
  0x6B, 0xFF, 0xFF, 0xC6, 0x2B, 0x07, 0x19, 0x3D, 0x8B, 0xAC, 0x00, 0xA7, 0xFF, 0xFF, 0x69, 0x00,
  0x00, 0x00, 0x00, 0x00, 0x00, 0x00, 0xA2, 0xFF, 0xFF, 0xD8, 0x4E, 0x0C, 0x00, 0x00, 0x00, 0x00,
  0x00, 0x69, 0xFF, 0xFF, 0xFF, 0xFF, 0xFC, 0xD1, 0x94, 0x3C, 0x00, 0x00, 0x04, 0xC3, 0xFF, 0xFF,
  0xFF, 0xFF, 0xFF, 0xFF, 0xFF, 0xA4, 0x00, 0x00, 0x05, 0x65, 0xC0, 0xF9, 0xFF, 0xFF, 0xFF, 0xFF,
  0xFF, 0x57, 0x00, 0x00, 0x00, 0x00, 0x08, 0x40, 0x8E, 0xFB, 0xFF, 0xFF, 0x92, 0x00, 0x00, 0x00,
  0x00, 0x00, 0x00, 0x00, 0xAD, 0xFF, 0xFF, 0x96, 0x89, 0xA9, 0x5B, 0x2D, 0x11, 0x09, 0x3F, 0xE8,
  0xFF, 0xFF, 0x5E, 0x98, 0xFF, 0xFF, 0xFF, 0xFF, 0xFF, 0xFF, 0xFF, 0xFF, 0xC7, 0x05, 0x2E, 0x7D,
  0xB8, 0xDB, 0xEE, 0xFC, 0xF0, 0xC8, 0x75, 0x09, 0x00, 0x00, 0x00, 0x00, 0x2D, 0xF6, 0xFF, 0xB9,
  0x01, 0x00, 0x00, 0x00, 0x00, 0x0C, 0xD8, 0xE1, 0x80, 0xFF, 0x7B, 0x00, 0x00, 0x00, 0x00, 0xA4,
  0xE5, 0x23, 0x00, 0x71, 0xFC, 0x3F, 0x00, 0x00, 0x00, 0x00, 0x00, 0x00, 0x00, 0x00, 0x00, 0x00,
  0x00, 0x00, 0x0A, 0x82, 0xD3, 0xF5, 0xF6, 0xD5, 0xA1, 0x49, 0x02, 0x00, 0xAC, 0xFF, 0xFF, 0xFF,
  0xFF, 0xFF, 0xFF, 0xFF, 0x34, 0x05, 0xFC, 0xFF, 0xDE, 0x23, 0x07, 0x26, 0x5A, 0xBB, 0x32, 0x02,
  0xF6, 0xFF, 0xE6, 0x49, 0x1A, 0x00, 0x00, 0x00, 0x00, 0x00, 0x9C, 0xFF, 0xFF, 0xFF, 0xFF, 0xF2,
  0xBC, 0x60, 0x01, 0x00, 0x06, 0x71, 0xC4, 0xF2, 0xFF, 0xFF, 0xFF, 0xFF, 0x70, 0x00, 0x00, 0x00,
  0x00, 0x00, 0x16, 0x76, 0xFF, 0xFF, 0xC6, 0x00, 0xC0, 0x71, 0x30, 0x10, 0x0A, 0x6F, 0xFF, 0xFF,
  0xCB, 0x00, 0xEC, 0xFF, 0xFF, 0xFF, 0xFF, 0xFF, 0xFF, 0xFF, 0x68, 0x00, 0x26, 0x80, 0xC7, 0xE9,
  0xFC, 0xEB, 0xBB, 0x54, 0x00, 0x00, 0x09, 0x7C, 0xCF, 0xF4, 0xFA, 0xEA, 0xD6, 0xAE, 0x6A, 0x00,
  0x08, 0xCB, 0xFF, 0xFF, 0xFF, 0xFF, 0xFF, 0xFF, 0xFF, 0xC8, 0x00, 0x6B, 0xFF, 0xFF, 0xC6, 0x2B,
  0x07, 0x19, 0x3D, 0x8B, 0xAC, 0x00, 0xA7, 0xFF, 0xFF, 0x69, 0x00, 0x00, 0x00, 0x00, 0x00, 0x00,
  0x00, 0xA2, 0xFF, 0xFF, 0xD8, 0x4E, 0x0C, 0x00, 0x00, 0x00, 0x00, 0x00, 0x69, 0xFF, 0xFF, 0xFF,
  0xFF, 0xFC, 0xD1, 0x94, 0x3C, 0x00, 0x00, 0x04, 0xC3, 0xFF, 0xFF, 0xFF, 0xFF, 0xFF, 0xFF, 0xFF,
  0xA4, 0x00, 0x00, 0x05, 0x65, 0xC0, 0xF9, 0xFF, 0xFF, 0xFF, 0xFF, 0xFF, 0x57, 0x00, 0x00, 0x00,
  0x00, 0x08, 0x40, 0x8E, 0xFB, 0xFF, 0xFF, 0x92, 0x00, 0x00, 0x00, 0x00, 0x00, 0x00, 0x00, 0xAD,
  0xFF, 0xFF, 0x96, 0x89, 0xA9, 0x5B, 0x2D, 0x11, 0x09, 0x3F, 0xE8, 0xFF, 0xFF, 0x5E, 0x98, 0xFF,
  0xFF, 0xFF, 0xFF, 0xFF, 0xFF, 0xFF, 0xFF, 0xC7, 0x05, 0x2E, 0x7D, 0xB8, 0xDB, 0xEE, 0xFC, 0xF0,
  0xC8, 0x75, 0x09, 0x00, 0x00, 0x00, 0x00, 0x00, 0x00, 0xC0, 0x94, 0x00, 0x00, 0x00, 0x00, 0x00,
  0x00, 0x00, 0x00, 0x00, 0x56, 0xFC, 0x10, 0x00, 0x00, 0x00, 0x00, 0x00, 0x00, 0x00, 0x01, 0x70,
  0xFF, 0x27, 0x00, 0x00, 0x00, 0x00, 0x00, 0x00, 0xC2, 0xFF, 0xF1, 0x95, 0x00, 0x00, 0x00, 0x00,
  0x00, 0x0A, 0x82, 0xD3, 0xF5, 0xF6, 0xD5, 0xA1, 0x49, 0x02, 0x00, 0xAC, 0xFF, 0xFF, 0xFF, 0xFF,
  0xFF, 0xFF, 0xFF, 0x34, 0x05, 0xFC, 0xFF, 0xDE, 0x23, 0x07, 0x26, 0x5A, 0xBB, 0x32, 0x02, 0xF6,
  0xFF, 0xE6, 0x49, 0x1A, 0x00, 0x00, 0x00, 0x00, 0x00, 0x9C, 0xFF, 0xFF, 0xFF, 0xFF, 0xF2, 0xBC,
  0x60, 0x01, 0x00, 0x06, 0x71, 0xC4, 0xF2, 0xFF, 0xFF, 0xFF, 0xFF, 0x70, 0x00, 0x00, 0x00, 0x00,
  0x00, 0x16, 0x76, 0xFF, 0xFF, 0xC6, 0x00, 0xC0, 0x71, 0x30, 0x10, 0x0A, 0x6F, 0xFF, 0xFF, 0xCB,
  0x00, 0xEC, 0xFF, 0xFF, 0xFF, 0xFF, 0xFF, 0xFF, 0xFF, 0x68, 0x00, 0x26, 0x80, 0xC7, 0xE9, 0xFC,
  0xEB, 0xBB, 0x54, 0x00, 0x00, 0x00, 0x00, 0x00, 0x01, 0xD3, 0x80, 0x00, 0x00, 0x00, 0x00, 0x00,
  0x00, 0x00, 0x00, 0x6A, 0xF3, 0x05, 0x00, 0x00, 0x00, 0x00, 0x00, 0x00, 0x02, 0x83, 0xFF, 0x13,
  0x00, 0x00, 0x00, 0x00, 0x00, 0xD6, 0xFF, 0xEF, 0x85, 0x00, 0x00, 0x00, 0x00, 0x00, 0x8F, 0xEA,
  0x4E, 0x0E, 0xA2, 0xEB, 0x2B, 0x00, 0x00, 0x00, 0x00, 0x00, 0x94, 0xFF, 0xEC, 0xED, 0x2F, 0x00,
  0x00, 0x00, 0x00, 0x00, 0x00, 0x00, 0x00, 0x00, 0x00, 0x00, 0x00, 0x00, 0x00, 0x00, 0x09, 0x7C,
  0xCF, 0xF4, 0xFA, 0xEA, 0xD6, 0xAE, 0x6A, 0x00, 0x08, 0xCB, 0xFF, 0xFF, 0xFF, 0xFF, 0xFF, 0xFF,
  0xFF, 0xC8, 0x00, 0x6B, 0xFF, 0xFF, 0xC6, 0x2B, 0x07, 0x19, 0x3D, 0x8B, 0xAC, 0x00, 0xA7, 0xFF,
  0xFF, 0x69, 0x00, 0x00, 0x00, 0x00, 0x00, 0x00, 0x00, 0xA2, 0xFF, 0xFF, 0xD8, 0x4E, 0x0C, 0x00,
  0x00, 0x00, 0x00, 0x00, 0x69, 0xFF, 0xFF, 0xFF, 0xFF, 0xFC, 0xD1, 0x94, 0x3C, 0x00, 0x00, 0x04,
  0xC3, 0xFF, 0xFF, 0xFF, 0xFF, 0xFF, 0xFF, 0xFF, 0xA4, 0x00, 0x00, 0x05, 0x65, 0xC0, 0xF9, 0xFF,
  0xFF, 0xFF, 0xFF, 0xFF, 0x57, 0x00, 0x00, 0x00, 0x00, 0x08, 0x40, 0x8E, 0xFB, 0xFF, 0xFF, 0x92,
  0x00, 0x00, 0x00, 0x00, 0x00, 0x00, 0x00, 0xAD, 0xFF, 0xFF, 0x96, 0x89, 0xA9, 0x5B, 0x2D, 0x11,
  0x09, 0x3F, 0xE8, 0xFF, 0xFF, 0x5E, 0x98, 0xFF, 0xFF, 0xFF, 0xFF, 0xFF, 0xFF, 0xFF, 0xFF, 0xC7,
  0x05, 0x2E, 0x7D, 0xB8, 0xDB, 0xEE, 0xFC, 0xF0, 0xC8, 0x75, 0x09, 0x00, 0x00, 0x00, 0xA4, 0xE4,
  0x22, 0x00, 0x70, 0xFC, 0x3F, 0x00, 0x00, 0x00, 0x0C, 0xD8, 0xE0, 0x7C, 0xFF, 0x7B, 0x00, 0x00,
  0x00, 0x00, 0x00, 0x2D, 0xF6, 0xFF, 0xBA, 0x02, 0x00, 0x00, 0x00, 0x00, 0x00, 0x00, 0x00, 0x00,
  0x00, 0x00, 0x00, 0x00, 0x00, 0x0A, 0x82, 0xD3, 0xF5, 0xF6, 0xD5, 0xA1, 0x49, 0x02, 0x00, 0xAC,
  0xFF, 0xFF, 0xFF, 0xFF, 0xFF, 0xFF, 0xFF, 0x34, 0x05, 0xFC, 0xFF, 0xDE, 0x23, 0x07, 0x26, 0x5A,
  0xBB, 0x32, 0x02, 0xF6, 0xFF, 0xE6, 0x49, 0x1A, 0x00, 0x00, 0x00, 0x00, 0x00, 0x9C, 0xFF, 0xFF,
  0xFF, 0xFF, 0xF2, 0xBC, 0x60, 0x01, 0x00, 0x06, 0x71, 0xC4, 0xF2, 0xFF, 0xFF, 0xFF, 0xFF, 0x70,
  0x00, 0x00, 0x00, 0x00, 0x00, 0x16, 0x76, 0xFF, 0xFF, 0xC6, 0x00, 0xC0, 0x71, 0x30, 0x10, 0x0A,
  0x6F, 0xFF, 0xFF, 0xCB, 0x00, 0xEC, 0xFF, 0xFF, 0xFF, 0xFF, 0xFF, 0xFF, 0xFF, 0x68, 0x00, 0x26,
  0x80, 0xC7, 0xE9, 0xFC, 0xEB, 0xBB, 0x54, 0x00, 0xE8, 0xFF, 0xFF, 0xFF, 0xFF, 0xFF, 0xFF, 0xFF,
  0xFF, 0xFF, 0xFF, 0xFF, 0x30, 0xE8, 0xFF, 0xFF, 0xFF, 0xFF, 0xFF, 0xFF, 0xFF, 0xFF, 0xFF, 0xFF,
  0xFF, 0x30, 0x00, 0x00, 0x00, 0x00, 0x8C, 0xFF, 0xFF, 0xD4, 0x00, 0x00, 0x00, 0x00, 0x00, 0x00,
  0x00, 0x00, 0x00, 0x8C, 0xFF, 0xFF, 0xD4, 0x00, 0x00, 0x00, 0x00, 0x00, 0x00, 0x00, 0x00, 0x00,
  0x8C, 0xFF, 0xFF, 0xD4, 0x00, 0x00, 0x00, 0x00, 0x00, 0x00, 0x00, 0x00, 0x00, 0x8C, 0xFF, 0xFF,
  0xD4, 0x00, 0x00, 0x00, 0x00, 0x00, 0x00, 0x00, 0x00, 0x00, 0x8C, 0xFF, 0xFF, 0xD4, 0x00, 0x00,
  0x00, 0x00, 0x00, 0x00, 0x00, 0x00, 0x00, 0x8C, 0xFF, 0xFF, 0xD4, 0x00, 0x00, 0x00, 0x00, 0x00,
  0x00, 0x00, 0x00, 0x00, 0x8C, 0xFF, 0xFF, 0xD4, 0x00, 0x00, 0x00, 0x00, 0x00, 0x00, 0x00, 0x00,
  0x00, 0x8C, 0xFF, 0xFF, 0xD4, 0x00, 0x00, 0x00, 0x00, 0x00, 0x00, 0x00, 0x00, 0x00, 0x8C, 0xFF,
  0xFF, 0xD4, 0x00, 0x00, 0x00, 0x00, 0x00, 0x00, 0x00, 0x00, 0x00, 0x8C, 0xFF, 0xFF, 0xD4, 0x00,
  0x00, 0x00, 0x00, 0x00, 0x00, 0x00, 0x00, 0x00, 0x8C, 0xFF, 0xFF, 0xD4, 0x00, 0x00, 0x00, 0x00,
  0x00, 0x00, 0x00, 0x00, 0x00, 0x00, 0x14, 0xF3, 0x4C, 0x00, 0x00, 0x00, 0x00, 0x00, 0x00, 0x00,
  0x00, 0x00, 0x00, 0x00, 0x9E, 0xC5, 0x00, 0x00, 0x00, 0x00, 0x00, 0x00, 0x00, 0x00, 0x00, 0x00,
  0x07, 0xB2, 0xDF, 0x00, 0x00, 0x00, 0x00, 0x00, 0x00, 0x00, 0x00, 0x0A, 0xFF, 0xFF, 0xE5, 0x5B,
  0x00, 0x00, 0x00, 0x00, 0x00, 0x00, 0x34, 0xFF, 0xFF, 0xF4, 0x00, 0x00, 0x00, 0x00, 0x00, 0x34,
  0xFF, 0xFF, 0xF4, 0x00, 0x00, 0x00, 0x00, 0x00, 0x34, 0xFF, 0xFF, 0xF4, 0x00, 0x00, 0x00, 0x00,
  0xC4, 0xFF, 0xFF, 0xFF, 0xFF, 0xFF, 0xFF, 0xFF, 0x30, 0xC4, 0xFF, 0xFF, 0xFF, 0xFF, 0xFF, 0xFF,
  0xFF, 0x30, 0x00, 0x34, 0xFF, 0xFF, 0xF4, 0x00, 0x00, 0x00, 0x00, 0x00, 0x34, 0xFF, 0xFF, 0xF4,
  0x00, 0x00, 0x00, 0x00, 0x00, 0x34, 0xFF, 0xFF, 0xF4, 0x00, 0x00, 0x00, 0x00, 0x00, 0x34, 0xFF,
  0xFF, 0xF4, 0x00, 0x00, 0x00, 0x00, 0x00, 0x33, 0xFF, 0xFF, 0xF5, 0x00, 0x00, 0x00, 0x00, 0x00,
  0x24, 0xFF, 0xFF, 0xFF, 0x31, 0x01, 0x00, 0x00, 0x00, 0x02, 0xE0, 0xFF, 0xFF, 0xFF, 0xFF, 0xEC,
  0x00, 0x00, 0x00, 0x31, 0xBF, 0xF3, 0xFF, 0xFF, 0xEC, 0x00, 0x00, 0x00, 0x00, 0x00, 0xB1, 0xA4,
  0x00, 0x00, 0x00, 0x00, 0x00, 0x00, 0x00, 0x46, 0xFF, 0x1D, 0x00, 0x00, 0x00, 0x00, 0x00, 0x00,
  0x60, 0xFF, 0x37, 0x00, 0x00, 0x00, 0x00, 0xB2, 0xFF, 0xF3, 0xA1, 0x02, 0x00, 0x00, 0x00, 0x00,
  0x05, 0xB2, 0xDA, 0x36, 0x1B, 0xBD, 0xD7, 0x17, 0x00, 0x00, 0x00, 0x00, 0x00, 0x00, 0x06, 0xB6,
  0xFB, 0xF0, 0xDB, 0x19, 0x00, 0x00, 0x00, 0x00, 0x00, 0x00, 0x00, 0x00, 0x00, 0x00, 0x00, 0x00,
  0x00, 0x00, 0x00, 0x00, 0x00, 0xE8, 0xFF, 0xFF, 0xFF, 0xFF, 0xFF, 0xFF, 0xFF, 0xFF, 0xFF, 0xFF,
  0xFF, 0x30, 0xE8, 0xFF, 0xFF, 0xFF, 0xFF, 0xFF, 0xFF, 0xFF, 0xFF, 0xFF, 0xFF, 0xFF, 0x30, 0x00,
  0x00, 0x00, 0x00, 0x8C, 0xFF, 0xFF, 0xD4, 0x00, 0x00, 0x00, 0x00, 0x00, 0x00, 0x00, 0x00, 0x00,
  0x8C, 0xFF, 0xFF, 0xD4, 0x00, 0x00, 0x00, 0x00, 0x00, 0x00, 0x00, 0x00, 0x00, 0x8C, 0xFF, 0xFF,
  0xD4, 0x00, 0x00, 0x00, 0x00, 0x00, 0x00, 0x00, 0x00, 0x00, 0x8C, 0xFF, 0xFF, 0xD4, 0x00, 0x00,
  0x00, 0x00, 0x00, 0x00, 0x00, 0x00, 0x00, 0x8C, 0xFF, 0xFF, 0xD4, 0x00, 0x00, 0x00, 0x00, 0x00,
  0x00, 0x00, 0x00, 0x00, 0x8C, 0xFF, 0xFF, 0xD4, 0x00, 0x00, 0x00, 0x00, 0x00, 0x00, 0x00, 0x00,
  0x00, 0x8C, 0xFF, 0xFF, 0xD4, 0x00, 0x00, 0x00, 0x00, 0x00, 0x00, 0x00, 0x00, 0x00, 0x8C, 0xFF,
  0xFF, 0xD4, 0x00, 0x00, 0x00, 0x00, 0x00, 0x00, 0x00, 0x00, 0x00, 0x8C, 0xFF, 0xFF, 0xD4, 0x00,
  0x00, 0x00, 0x00, 0x00, 0x00, 0x00, 0x00, 0x00, 0x8C, 0xFF, 0xFF, 0xD4, 0x00, 0x00, 0x00, 0x00,
  0x00, 0x00, 0x00, 0x00, 0x00, 0x8C, 0xFF, 0xFF, 0xD4, 0x00, 0x00, 0x00, 0x00, 0x00, 0x00, 0x00,
  0x00, 0x00, 0x00, 0x00, 0x7B, 0xFF, 0xDD, 0x03, 0x00, 0x34, 0xFF, 0xFF, 0xF4, 0x00, 0xB7, 0xFF,
  0x63, 0x00, 0x00, 0x34, 0xFF, 0xFF, 0xF4, 0x02, 0xF0, 0xE1, 0x05, 0x00, 0x00, 0x34, 0xFF, 0xFF,
  0xF4, 0x00, 0x00, 0x00, 0x00, 0x00, 0xC4, 0xFF, 0xFF, 0xFF, 0xFF, 0xFF, 0xFF, 0xFF, 0x30, 0x00,
  0xC4, 0xFF, 0xFF, 0xFF, 0xFF, 0xFF, 0xFF, 0xFF, 0x30, 0x00, 0x00, 0x34, 0xFF, 0xFF, 0xF4, 0x00,
  0x00, 0x00, 0x00, 0x00, 0x00, 0x34, 0xFF, 0xFF, 0xF4, 0x00, 0x00, 0x00, 0x00, 0x00, 0x00, 0x34,
  0xFF, 0xFF, 0xF4, 0x00, 0x00, 0x00, 0x00, 0x00, 0x00, 0x34, 0xFF, 0xFF, 0xF4, 0x00, 0x00, 0x00,
  0x00, 0x00, 0x00, 0x33, 0xFF, 0xFF, 0xF5, 0x00, 0x00, 0x00, 0x00, 0x00, 0x00, 0x24, 0xFF, 0xFF,
  0xFF, 0x31, 0x01, 0x00, 0x00, 0x00, 0x00, 0x02, 0xE0, 0xFF, 0xFF, 0xFF, 0xFF, 0xEC, 0x00, 0x00,
  0x00, 0x00, 0x31, 0xBF, 0xF3, 0xFF, 0xFF, 0xEC, 0x00, 0x00, 0xE8, 0xFF, 0xFF, 0xFF, 0xFF, 0xFF,
  0xFF, 0xFF, 0xFF, 0xFF, 0xFF, 0xFF, 0x30, 0xE8, 0xFF, 0xFF, 0xFF, 0xFF, 0xFF, 0xFF, 0xFF, 0xFF,
  0xFF, 0xFF, 0xFF, 0x30, 0x00, 0x00, 0x00, 0x00, 0x8C, 0xFF, 0xFF, 0xD4, 0x00, 0x00, 0x00, 0x00,
  0x00, 0x00, 0x00, 0x00, 0x00, 0x8C, 0xFF, 0xFF, 0xD4, 0x00, 0x00, 0x00, 0x00, 0x00, 0x00, 0x00,
  0x00, 0x00, 0x8C, 0xFF, 0xFF, 0xD4, 0x00, 0x00, 0x00, 0x00, 0x00, 0x00, 0x00, 0x00, 0x00, 0x8C,
  0xFF, 0xFF, 0xD4, 0x00, 0x00, 0x00, 0x00, 0x00, 0x00, 0x00, 0x00, 0x00, 0x8C, 0xFF, 0xFF, 0xD4,
  0x00, 0x00, 0x00, 0x00, 0x00, 0x00, 0x00, 0xB8, 0xFF, 0xFF, 0xFF, 0xFF, 0xFF, 0xFF, 0xFF, 0x00,
  0x00, 0x00, 0x00, 0x00, 0xB8, 0xFF, 0xFF, 0xFF, 0xFF, 0xFF, 0xFF, 0xFF, 0x00, 0x00, 0x00, 0x00,
  0x00, 0x00, 0x00, 0x8C, 0xFF, 0xFF, 0xD4, 0x00, 0x00, 0x00, 0x00, 0x00, 0x00, 0x00, 0x00, 0x00,
  0x8C, 0xFF, 0xFF, 0xD4, 0x00, 0x00, 0x00, 0x00, 0x00, 0x00, 0x00, 0x00, 0x00, 0x8C, 0xFF, 0xFF,
  0xD4, 0x00, 0x00, 0x00, 0x00, 0x00, 0x00, 0x00, 0x00, 0x00, 0x8C, 0xFF, 0xFF, 0xD4, 0x00, 0x00,
  0x00, 0x00, 0x00, 0x00, 0x34, 0xFF, 0xFF, 0xF4, 0x00, 0x00, 0x00, 0x00, 0x00, 0x34, 0xFF, 0xFF,
  0xF4, 0x00, 0x00, 0x00, 0x00, 0x00, 0x34, 0xFF, 0xFF, 0xF4, 0x00, 0x00, 0x00, 0x00, 0xC4, 0xFF,
  0xFF, 0xFF, 0xFF, 0xFF, 0xFF, 0xFF, 0x30, 0xC4, 0xFF, 0xFF, 0xFF, 0xFF, 0xFF, 0xFF, 0xFF, 0x30,
  0x00, 0x34, 0xFF, 0xFF, 0xF4, 0x00, 0x00, 0x00, 0x00, 0xC4, 0xFF, 0xFF, 0xFF, 0xFF, 0xFF, 0xFF,
  0xFF, 0x30, 0xC4, 0xFF, 0xFF, 0xFF, 0xFF, 0xFF, 0xFF, 0xFF, 0x30, 0x00, 0x33, 0xFF, 0xFF, 0xF4,
  0x00, 0x00, 0x00, 0x00, 0x00, 0x2C, 0xFF, 0xFF, 0xFA, 0x00, 0x00, 0x00, 0x00, 0x00, 0x0E, 0xFE,
  0xFF, 0xFF, 0x49, 0x01, 0x00, 0x00, 0x00, 0x00, 0xBB, 0xFF, 0xFF, 0xFF, 0xFF, 0xEC, 0x00, 0x00,
  0x00, 0x1B, 0xAF, 0xF0, 0xFF, 0xFF, 0xEC, 0x00, 0x00, 0x00, 0x00, 0x21, 0xDA, 0xE2, 0x6F, 0x19,
  0xF5, 0x52, 0x00, 0x00, 0x00, 0x00, 0x00, 0x92, 0xFF, 0xFF, 0xFF, 0xFF, 0xFF, 0x2B, 0x00, 0x00,
  0x00, 0x00, 0x00, 0xBB, 0x99, 0x28, 0xA9, 0xF4, 0x9A, 0x00, 0x00, 0x00, 0x00, 0x00, 0x00, 0x00,
  0x00, 0x00, 0x00, 0x00, 0x00, 0x00, 0x00, 0x00, 0x58, 0xFF, 0xFF, 0xFF, 0x08, 0x00, 0x00, 0x00,
  0x6C, 0xFF, 0xFF, 0xF8, 0x58, 0xFF, 0xFF, 0xFF, 0x08, 0x00, 0x00, 0x00, 0x6C, 0xFF, 0xFF, 0xF8,
  0x58, 0xFF, 0xFF, 0xFF, 0x08, 0x00, 0x00, 0x00, 0x6C, 0xFF, 0xFF, 0xF8, 0x58, 0xFF, 0xFF, 0xFF,
  0x08, 0x00, 0x00, 0x00, 0x6C, 0xFF, 0xFF, 0xF8, 0x58, 0xFF, 0xFF, 0xFF, 0x08, 0x00, 0x00, 0x00,
  0x6C, 0xFF, 0xFF, 0xF8, 0x58, 0xFF, 0xFF, 0xFF, 0x08, 0x00, 0x00, 0x00, 0x6C, 0xFF, 0xFF, 0xF8,
  0x58, 0xFF, 0xFF, 0xFF, 0x08, 0x00, 0x00, 0x00, 0x6C, 0xFF, 0xFF, 0xF8, 0x58, 0xFF, 0xFF, 0xFF,
  0x08, 0x00, 0x00, 0x00, 0x6C, 0xFF, 0xFF, 0xF7, 0x4E, 0xFF, 0xFF, 0xFF, 0x15, 0x00, 0x00, 0x00,
  0x7A, 0xFF, 0xFF, 0xED, 0x2A, 0xFF, 0xFF, 0xFF, 0x3E, 0x00, 0x00, 0x00, 0xA2, 0xFF, 0xFF, 0xC9,
  0x00, 0xD3, 0xFF, 0xFF, 0xC7, 0x27, 0x0C, 0x53, 0xF7, 0xFF, 0xFF, 0x72, 0x00, 0x35, 0xF1, 0xFF,
  0xFF, 0xFF, 0xFF, 0xFF, 0xFF, 0xFF, 0xBC, 0x06, 0x00, 0x00, 0x1E, 0x8F, 0xD3, 0xF4, 0xFB, 0xEC,
  0xBE, 0x66, 0x03, 0x00, 0x00, 0x00, 0x01, 0xA9, 0xF1, 0x9A, 0x1C, 0xAD, 0xA1, 0x00, 0x00, 0x00,
  0x00, 0x3C, 0xFF, 0xFF, 0xFF, 0xFF, 0xFF, 0x7B, 0x00, 0x00, 0x00, 0x00, 0x63, 0xDF, 0x1B, 0x79,
  0xE8, 0xD1, 0x16, 0x00, 0x00, 0x00, 0x00, 0x00, 0x00, 0x00, 0x00, 0x00, 0x00, 0x00, 0x00, 0x00,
  0x98, 0xFF, 0xFF, 0x94, 0x00, 0x00, 0x00, 0xD8, 0xFF, 0xFF, 0x4C, 0x98, 0xFF, 0xFF, 0x93, 0x00,
  0x00, 0x00, 0xD8, 0xFF, 0xFF, 0x4C, 0x98, 0xFF, 0xFF, 0x91, 0x00, 0x00, 0x00, 0xD8, 0xFF, 0xFF,
  0x4C, 0x98, 0xFF, 0xFF, 0x8E, 0x00, 0x00, 0x00, 0xD8, 0xFF, 0xFF, 0x4C, 0x98, 0xFF, 0xFF, 0x8C,
  0x00, 0x00, 0x00, 0xD8, 0xFF, 0xFF, 0x4C, 0x98, 0xFF, 0xFF, 0x8E, 0x00, 0x00, 0x00, 0xE6, 0xFF,
  0xFF, 0x4C, 0x8E, 0xFF, 0xFF, 0x9D, 0x00, 0x00, 0x1B, 0xFD, 0xFF, 0xFF, 0x4C, 0x6A, 0xFF, 0xFF,
  0xE6, 0x2B, 0x1A, 0xB4, 0xFF, 0xFF, 0xFF, 0x4C, 0x13, 0xEF, 0xFF, 0xFF, 0xFF, 0xFF, 0xBA, 0xDB,
  0xFF, 0xFF, 0x4C, 0x00, 0x32, 0xBD, 0xEF, 0xEA, 0x8D, 0x08, 0xD8, 0xFF, 0xFF, 0x4C, 0x00, 0x00,
  0x00, 0x74, 0xFF, 0xFF, 0xFF, 0xFF, 0xFF, 0x14, 0x00, 0x00, 0x00, 0x00, 0x00, 0x74, 0xFF, 0xFF,
  0xFF, 0xFF, 0xFF, 0x14, 0x00, 0x00, 0x00, 0x00, 0x00, 0x00, 0x00, 0x00, 0x00, 0x00, 0x00, 0x00,
  0x00, 0x00, 0x00, 0x00, 0x00, 0x00, 0x00, 0x00, 0x00, 0x00, 0x00, 0x00, 0x00, 0x00, 0x58, 0xFF,
  0xFF, 0xFF, 0x08, 0x00, 0x00, 0x00, 0x6C, 0xFF, 0xFF, 0xF8, 0x58, 0xFF, 0xFF, 0xFF, 0x08, 0x00,
  0x00, 0x00, 0x6C, 0xFF, 0xFF, 0xF8, 0x58, 0xFF, 0xFF, 0xFF, 0x08, 0x00, 0x00, 0x00, 0x6C, 0xFF,
  0xFF, 0xF8, 0x58, 0xFF, 0xFF, 0xFF, 0x08, 0x00, 0x00, 0x00, 0x6C, 0xFF, 0xFF, 0xF8, 0x58, 0xFF,
  0xFF, 0xFF, 0x08, 0x00, 0x00, 0x00, 0x6C, 0xFF, 0xFF, 0xF8, 0x58, 0xFF, 0xFF, 0xFF, 0x08, 0x00,
  0x00, 0x00, 0x6C, 0xFF, 0xFF, 0xF8, 0x58, 0xFF, 0xFF, 0xFF, 0x08, 0x00, 0x00, 0x00, 0x6C, 0xFF,
  0xFF, 0xF8, 0x58, 0xFF, 0xFF, 0xFF, 0x08, 0x00, 0x00, 0x00, 0x6C, 0xFF, 0xFF, 0xF7, 0x4E, 0xFF,
  0xFF, 0xFF, 0x15, 0x00, 0x00, 0x00, 0x7A, 0xFF, 0xFF, 0xED, 0x2A, 0xFF, 0xFF, 0xFF, 0x3E, 0x00,
  0x00, 0x00, 0xA2, 0xFF, 0xFF, 0xC9, 0x00, 0xD3, 0xFF, 0xFF, 0xC7, 0x27, 0x0C, 0x53, 0xF7, 0xFF,
  0xFF, 0x72, 0x00, 0x35, 0xF1, 0xFF, 0xFF, 0xFF, 0xFF, 0xFF, 0xFF, 0xFF, 0xBC, 0x06, 0x00, 0x00,
  0x1E, 0x8F, 0xD3, 0xF4, 0xFB, 0xEC, 0xBE, 0x66, 0x03, 0x00, 0x00, 0x00, 0x68, 0xFF, 0xFF, 0xFF,
  0xFF, 0xFF, 0x20, 0x00, 0x00, 0x00, 0x00, 0x68, 0xFF, 0xFF, 0xFF, 0xFF, 0xFF, 0x20, 0x00, 0x00,
  0x00, 0x00, 0x00, 0x00, 0x00, 0x00, 0x00, 0x00, 0x00, 0x00, 0x00, 0x00, 0x00, 0x00, 0x00, 0x00,
  0x00, 0x00, 0x00, 0x00, 0x00, 0x00, 0x98, 0xFF, 0xFF, 0x94, 0x00, 0x00, 0x00, 0xD8, 0xFF, 0xFF,
  0x4C, 0x98, 0xFF, 0xFF, 0x93, 0x00, 0x00, 0x00, 0xD8, 0xFF, 0xFF, 0x4C, 0x98, 0xFF, 0xFF, 0x91,
  0x00, 0x00, 0x00, 0xD8, 0xFF, 0xFF, 0x4C, 0x98, 0xFF, 0xFF, 0x8E, 0x00, 0x00, 0x00, 0xD8, 0xFF,
  0xFF, 0x4C, 0x98, 0xFF, 0xFF, 0x8C, 0x00, 0x00, 0x00, 0xD8, 0xFF, 0xFF, 0x4C, 0x98, 0xFF, 0xFF,
  0x8E, 0x00, 0x00, 0x00, 0xE6, 0xFF, 0xFF, 0x4C, 0x8E, 0xFF, 0xFF, 0x9D, 0x00, 0x00, 0x1B, 0xFD,
  0xFF, 0xFF, 0x4C, 0x6A, 0xFF, 0xFF, 0xE6, 0x2B, 0x1A, 0xB4, 0xFF, 0xFF, 0xFF, 0x4C, 0x13, 0xEF,
  0xFF, 0xFF, 0xFF, 0xFF, 0xBA, 0xDB, 0xFF, 0xFF, 0x4C, 0x00, 0x32, 0xBD, 0xEF, 0xEA, 0x8D, 0x08,
  0xD8, 0xFF, 0xFF, 0x4C, 0x00, 0x00, 0x00, 0x77, 0xE7, 0x35, 0x10, 0x72, 0xFC, 0x1A, 0x00, 0x00,
  0x00, 0x00, 0x00, 0x06, 0x96, 0xE9, 0xF8, 0xD4, 0x53, 0x00, 0x00, 0x00, 0x00, 0x00, 0x00, 0x00,
  0x00, 0x00, 0x00, 0x00, 0x00, 0x00, 0x00, 0x00, 0x58, 0xFF, 0xFF, 0xFF, 0x08, 0x00, 0x00, 0x00,
  0x6C, 0xFF, 0xFF, 0xF8, 0x58, 0xFF, 0xFF, 0xFF, 0x08, 0x00, 0x00, 0x00, 0x6C, 0xFF, 0xFF, 0xF8,
  0x58, 0xFF, 0xFF, 0xFF, 0x08, 0x00, 0x00, 0x00, 0x6C, 0xFF, 0xFF, 0xF8, 0x58, 0xFF, 0xFF, 0xFF,
  0x08, 0x00, 0x00, 0x00, 0x6C, 0xFF, 0xFF, 0xF8, 0x58, 0xFF, 0xFF, 0xFF, 0x08, 0x00, 0x00, 0x00,
  0x6C, 0xFF, 0xFF, 0xF8, 0x58, 0xFF, 0xFF, 0xFF, 0x08, 0x00, 0x00, 0x00, 0x6C, 0xFF, 0xFF, 0xF8,
  0x58, 0xFF, 0xFF, 0xFF, 0x08, 0x00, 0x00, 0x00, 0x6C, 0xFF, 0xFF, 0xF8, 0x58, 0xFF, 0xFF, 0xFF,
  0x08, 0x00, 0x00, 0x00, 0x6C, 0xFF, 0xFF, 0xF7, 0x4E, 0xFF, 0xFF, 0xFF, 0x15, 0x00, 0x00, 0x00,
  0x7A, 0xFF, 0xFF, 0xED, 0x2A, 0xFF, 0xFF, 0xFF, 0x3E, 0x00, 0x00, 0x00, 0xA2, 0xFF, 0xFF, 0xC9,
  0x00, 0xD3, 0xFF, 0xFF, 0xC7, 0x27, 0x0C, 0x53, 0xF7, 0xFF, 0xFF, 0x72, 0x00, 0x35, 0xF1, 0xFF,
  0xFF, 0xFF, 0xFF, 0xFF, 0xFF, 0xFF, 0xBC, 0x06, 0x00, 0x00, 0x1E, 0x8F, 0xD3, 0xF4, 0xFB, 0xEC,
  0xBE, 0x66, 0x03, 0x00, 0x00, 0x00, 0x3E, 0xFC, 0x0B, 0x00, 0x00, 0xC8, 0x7C, 0x00, 0x00, 0x00,
  0x00, 0x0B, 0xE8, 0x8E, 0x0D, 0x55, 0xFD, 0x35, 0x00, 0x00, 0x00, 0x00, 0x00, 0x38, 0xC9, 0xF5,
  0xDB, 0x61, 0x00, 0x00, 0x00, 0x00, 0x00, 0x00, 0x00, 0x00, 0x00, 0x00, 0x00, 0x00, 0x00, 0x00,
  0x98, 0xFF, 0xFF, 0x94, 0x00, 0x00, 0x00, 0xD8, 0xFF, 0xFF, 0x4C, 0x98, 0xFF, 0xFF, 0x93, 0x00,
  0x00, 0x00, 0xD8, 0xFF, 0xFF, 0x4C, 0x98, 0xFF, 0xFF, 0x91, 0x00, 0x00, 0x00, 0xD8, 0xFF, 0xFF,
  0x4C, 0x98, 0xFF, 0xFF, 0x8E, 0x00, 0x00, 0x00, 0xD8, 0xFF, 0xFF, 0x4C, 0x98, 0xFF, 0xFF, 0x8C,
  0x00, 0x00, 0x00, 0xD8, 0xFF, 0xFF, 0x4C, 0x98, 0xFF, 0xFF, 0x8E, 0x00, 0x00, 0x00, 0xE6, 0xFF,
  0xFF, 0x4C, 0x8E, 0xFF, 0xFF, 0x9D, 0x00, 0x00, 0x1B, 0xFD, 0xFF, 0xFF, 0x4C, 0x6A, 0xFF, 0xFF,
  0xE6, 0x2B, 0x1A, 0xB4, 0xFF, 0xFF, 0xFF, 0x4C, 0x13, 0xEF, 0xFF, 0xFF, 0xFF, 0xFF, 0xBA, 0xDB,
  0xFF, 0xFF, 0x4C, 0x00, 0x32, 0xBD, 0xEF, 0xEA, 0x8D, 0x08, 0xD8, 0xFF, 0xFF, 0x4C, 0x00, 0x00,
  0x00, 0x00, 0x32, 0xCD, 0xF2, 0xA8, 0x0E, 0x00, 0x00, 0x00, 0x00, 0x00, 0x00, 0x02, 0xE2, 0x8C,
  0x15, 0xD1, 0x94, 0x00, 0x00, 0x00, 0x00, 0x00, 0x00, 0x1C, 0xFF, 0x39, 0x00, 0x8A, 0xCB, 0x00,
  0x00, 0x00, 0x00, 0x00, 0x00, 0x02, 0xE2, 0x8C, 0x14, 0xD1, 0x94, 0x00, 0x00, 0x00, 0x58, 0xFF,
  0xFF, 0xFF, 0x3A, 0xCD, 0xF2, 0xA8, 0x7A, 0xFF, 0xFF, 0xF8, 0x58, 0xFF, 0xFF, 0xFF, 0x08, 0x00,
  0x00, 0x00, 0x6C, 0xFF, 0xFF, 0xF8, 0x58, 0xFF, 0xFF, 0xFF, 0x08, 0x00, 0x00, 0x00, 0x6C, 0xFF,
  0xFF, 0xF8, 0x58, 0xFF, 0xFF, 0xFF, 0x08, 0x00, 0x00, 0x00, 0x6C, 0xFF, 0xFF, 0xF8, 0x58, 0xFF,
  0xFF, 0xFF, 0x08, 0x00, 0x00, 0x00, 0x6C, 0xFF, 0xFF, 0xF8, 0x58, 0xFF, 0xFF, 0xFF, 0x08, 0x00,
  0x00, 0x00, 0x6C, 0xFF, 0xFF, 0xF8, 0x58, 0xFF, 0xFF, 0xFF, 0x08, 0x00, 0x00, 0x00, 0x6C, 0xFF,
  0xFF, 0xF8, 0x58, 0xFF, 0xFF, 0xFF, 0x08, 0x00, 0x00, 0x00, 0x6C, 0xFF, 0xFF, 0xF7, 0x4E, 0xFF,
  0xFF, 0xFF, 0x15, 0x00, 0x00, 0x00, 0x7A, 0xFF, 0xFF, 0xED, 0x2A, 0xFF, 0xFF, 0xFF, 0x3E, 0x00,
  0x00, 0x00, 0xA2, 0xFF, 0xFF, 0xC9, 0x00, 0xD3, 0xFF, 0xFF, 0xC7, 0x27, 0x0C, 0x53, 0xF7, 0xFF,
  0xFF, 0x72, 0x00, 0x35, 0xF1, 0xFF, 0xFF, 0xFF, 0xFF, 0xFF, 0xFF, 0xFF, 0xBC, 0x06, 0x00, 0x00,
  0x1E, 0x8F, 0xD3, 0xF4, 0xFB, 0xEC, 0xBE, 0x66, 0x03, 0x00, 0x00, 0x00, 0x00, 0x25, 0xC3, 0xF3,
  0xB4, 0x17, 0x00, 0x00, 0x00, 0x00, 0x00, 0x00, 0xCC, 0xA2, 0x11, 0xBF, 0xAC, 0x00, 0x00, 0x00,
  0x00, 0x00, 0x05, 0xFE, 0x51, 0x00, 0x72, 0xE3, 0x00, 0x00, 0x00, 0x00, 0x00, 0x00, 0xCC, 0xA2,
  0x10, 0xBF, 0xAC, 0x00, 0x00, 0x00, 0x00, 0x00, 0x00, 0x26, 0xC3, 0xF3, 0xB5, 0x17, 0x00, 0x00,
  0x00, 0x00, 0x00, 0x00, 0x00, 0x00, 0x00, 0x00, 0x00, 0x00, 0x00, 0x00, 0x98, 0xFF, 0xFF, 0x94,
  0x00, 0x00, 0x00, 0xD8, 0xFF, 0xFF, 0x4C, 0x98, 0xFF, 0xFF, 0x93, 0x00, 0x00, 0x00, 0xD8, 0xFF,
  0xFF, 0x4C, 0x98, 0xFF, 0xFF, 0x91, 0x00, 0x00, 0x00, 0xD8, 0xFF, 0xFF, 0x4C, 0x98, 0xFF, 0xFF,
  0x8E, 0x00, 0x00, 0x00, 0xD8, 0xFF, 0xFF, 0x4C, 0x98, 0xFF, 0xFF, 0x8C, 0x00, 0x00, 0x00, 0xD8,
  0xFF, 0xFF, 0x4C, 0x98, 0xFF, 0xFF, 0x8E, 0x00, 0x00, 0x00, 0xE6, 0xFF, 0xFF, 0x4C, 0x8E, 0xFF,
  0xFF, 0x9D, 0x00, 0x00, 0x1B, 0xFD, 0xFF, 0xFF, 0x4C, 0x6A, 0xFF, 0xFF, 0xE6, 0x2B, 0x1A, 0xB4,
  0xFF, 0xFF, 0xFF, 0x4C, 0x13, 0xEF, 0xFF, 0xFF, 0xFF, 0xFF, 0xBA, 0xDB, 0xFF, 0xFF, 0x4C, 0x00,
  0x32, 0xBD, 0xEF, 0xEA, 0x8D, 0x08, 0xD8, 0xFF, 0xFF, 0x4C, 0x00, 0x00, 0x00, 0x02, 0xAD, 0xFF,
  0x96, 0x6C, 0xFF, 0xC8, 0x1B, 0x00, 0x00, 0x00, 0x00, 0x90, 0xF7, 0x60, 0x48, 0xFC, 0x9D, 0x07,
  0x00, 0x00, 0x00, 0x00, 0x00, 0x00, 0x00, 0x00, 0x00, 0x00, 0x00, 0x00, 0x00, 0x00, 0x58, 0xFF,
  0xFF, 0xFF, 0x08, 0x00, 0x00, 0x00, 0x6C, 0xFF, 0xFF, 0xF8, 0x58, 0xFF, 0xFF, 0xFF, 0x08, 0x00,
  0x00, 0x00, 0x6C, 0xFF, 0xFF, 0xF8, 0x58, 0xFF, 0xFF, 0xFF, 0x08, 0x00, 0x00, 0x00, 0x6C, 0xFF,
  0xFF, 0xF8, 0x58, 0xFF, 0xFF, 0xFF, 0x08, 0x00, 0x00, 0x00, 0x6C, 0xFF, 0xFF, 0xF8, 0x58, 0xFF,
  0xFF, 0xFF, 0x08, 0x00, 0x00, 0x00, 0x6C, 0xFF, 0xFF, 0xF8, 0x58, 0xFF, 0xFF, 0xFF, 0x08, 0x00,
  0x00, 0x00, 0x6C, 0xFF, 0xFF, 0xF8, 0x58, 0xFF, 0xFF, 0xFF, 0x08, 0x00, 0x00, 0x00, 0x6C, 0xFF,
  0xFF, 0xF8, 0x58, 0xFF, 0xFF, 0xFF, 0x08, 0x00, 0x00, 0x00, 0x6C, 0xFF, 0xFF, 0xF7, 0x4E, 0xFF,
  0xFF, 0xFF, 0x15, 0x00, 0x00, 0x00, 0x7A, 0xFF, 0xFF, 0xED, 0x2A, 0xFF, 0xFF, 0xFF, 0x3E, 0x00,
  0x00, 0x00, 0xA2, 0xFF, 0xFF, 0xC9, 0x00, 0xD3, 0xFF, 0xFF, 0xC7, 0x27, 0x0C, 0x53, 0xF7, 0xFF,
  0xFF, 0x72, 0x00, 0x35, 0xF1, 0xFF, 0xFF, 0xFF, 0xFF, 0xFF, 0xFF, 0xFF, 0xBC, 0x06, 0x00, 0x00,
  0x1E, 0x8F, 0xD3, 0xF4, 0xFB, 0xEC, 0xBE, 0x66, 0x03, 0x00, 0x00, 0x00, 0x00, 0x00, 0xC0, 0xF1,
  0x21, 0x99, 0xFF, 0x59, 0x00, 0x00, 0x00, 0x00, 0x52, 0xFF, 0x59, 0x3B, 0xFE, 0x8D, 0x00, 0x00,
  0x00, 0x00, 0x06, 0xDC, 0xA0, 0x05, 0xD5, 0xBE, 0x03, 0x00, 0x00, 0x00, 0x00, 0x00, 0x00, 0x00,
  0x00, 0x00, 0x00, 0x00, 0x00, 0x00, 0x98, 0xFF, 0xFF, 0x94, 0x00, 0x00, 0x00, 0xD8, 0xFF, 0xFF,
  0x4C, 0x98, 0xFF, 0xFF, 0x93, 0x00, 0x00, 0x00, 0xD8, 0xFF, 0xFF, 0x4C, 0x98, 0xFF, 0xFF, 0x91,
  0x00, 0x00, 0x00, 0xD8, 0xFF, 0xFF, 0x4C, 0x98, 0xFF, 0xFF, 0x8E, 0x00, 0x00, 0x00, 0xD8, 0xFF,
  0xFF, 0x4C, 0x98, 0xFF, 0xFF, 0x8C, 0x00, 0x00, 0x00, 0xD8, 0xFF, 0xFF, 0x4C, 0x98, 0xFF, 0xFF,
  0x8E, 0x00, 0x00, 0x00, 0xE6, 0xFF, 0xFF, 0x4C, 0x8E, 0xFF, 0xFF, 0x9D, 0x00, 0x00, 0x1B, 0xFD,
  0xFF, 0xFF, 0x4C, 0x6A, 0xFF, 0xFF, 0xE6, 0x2B, 0x1A, 0xB4, 0xFF, 0xFF, 0xFF, 0x4C, 0x13, 0xEF,
  0xFF, 0xFF, 0xFF, 0xFF, 0xBA, 0xDB, 0xFF, 0xFF, 0x4C, 0x00, 0x32, 0xBD, 0xEF, 0xEA, 0x8D, 0x08,
  0xD8, 0xFF, 0xFF, 0x4C, 0x58, 0xFF, 0xFF, 0xFF, 0x08, 0x00, 0x00, 0x00, 0x6C, 0xFF, 0xFF, 0xF8,
  0x58, 0xFF, 0xFF, 0xFF, 0x08, 0x00, 0x00, 0x00, 0x6C, 0xFF, 0xFF, 0xF8, 0x58, 0xFF, 0xFF, 0xFF,
  0x08, 0x00, 0x00, 0x00, 0x6C, 0xFF, 0xFF, 0xF8, 0x58, 0xFF, 0xFF, 0xFF, 0x08, 0x00, 0x00, 0x00,
  0x6C, 0xFF, 0xFF, 0xF8, 0x58, 0xFF, 0xFF, 0xFF, 0x08, 0x00, 0x00, 0x00, 0x6C, 0xFF, 0xFF, 0xF8,
  0x58, 0xFF, 0xFF, 0xFF, 0x08, 0x00, 0x00, 0x00, 0x6C, 0xFF, 0xFF, 0xF8, 0x58, 0xFF, 0xFF, 0xFF,
  0x08, 0x00, 0x00, 0x00, 0x6C, 0xFF, 0xFF, 0xF8, 0x58, 0xFF, 0xFF, 0xFF, 0x08, 0x00, 0x00, 0x00,
  0x6C, 0xFF, 0xFF, 0xF7, 0x4E, 0xFF, 0xFF, 0xFF, 0x15, 0x00, 0x00, 0x00, 0x7A, 0xFF, 0xFF, 0xED,
  0x2A, 0xFF, 0xFF, 0xFF, 0x3E, 0x00, 0x00, 0x00, 0xA2, 0xFF, 0xFF, 0xC9, 0x00, 0xD3, 0xFF, 0xFF,
  0xC7, 0x27, 0x0C, 0x53, 0xF7, 0xFF, 0xFF, 0x72, 0x00, 0x35, 0xF1, 0xFF, 0xFF, 0xFF, 0xFF, 0xFF,
  0xFF, 0xFF, 0xBC, 0x06, 0x00, 0x00, 0x1E, 0x8F, 0xD3, 0xF4, 0xFB, 0xEC, 0xBE, 0x66, 0x03, 0x00,
  0x00, 0x00, 0x00, 0x00, 0x00, 0xA4, 0xA9, 0x00, 0x00, 0x00, 0x00, 0x00, 0x00, 0x00, 0x00, 0x00,
  0x22, 0xFF, 0x42, 0x00, 0x00, 0x00, 0x00, 0x00, 0x00, 0x00, 0x00, 0x00, 0x3D, 0xFF, 0x63, 0x00,
  0x00, 0x00, 0x00, 0x00, 0x00, 0x00, 0x00, 0x00, 0x04, 0xA7, 0xF6, 0xFF, 0x78, 0x00, 0x00, 0x00,
  0x98, 0xFF, 0xFF, 0x94, 0x00, 0x00, 0x00, 0xD8, 0xFF, 0xFF, 0x4C, 0x00, 0x98, 0xFF, 0xFF, 0x93,
  0x00, 0x00, 0x00, 0xD8, 0xFF, 0xFF, 0x4C, 0x00, 0x98, 0xFF, 0xFF, 0x91, 0x00, 0x00, 0x00, 0xD8,
  0xFF, 0xFF, 0x4C, 0x00, 0x98, 0xFF, 0xFF, 0x8E, 0x00, 0x00, 0x00, 0xD8, 0xFF, 0xFF, 0x4C, 0x00,
  0x98, 0xFF, 0xFF, 0x8C, 0x00, 0x00, 0x00, 0xD8, 0xFF, 0xFF, 0x4C, 0x00, 0x98, 0xFF, 0xFF, 0x8E,
  0x00, 0x00, 0x00, 0xE6, 0xFF, 0xFF, 0x4C, 0x00, 0x8E, 0xFF, 0xFF, 0x9D, 0x00, 0x00, 0x1B, 0xFD,
  0xFF, 0xFF, 0x4C, 0x00, 0x6A, 0xFF, 0xFF, 0xE6, 0x2B, 0x1A, 0xB4, 0xFF, 0xFF, 0xFF, 0x4C, 0x00,
  0x13, 0xEF, 0xFF, 0xFF, 0xFF, 0xFF, 0xBA, 0xDB, 0xFF, 0xFF, 0x4C, 0x00, 0x00, 0x32, 0xBD, 0xEF,
  0xEA, 0x8D, 0x08, 0xD8, 0xFF, 0xFF, 0x4C, 0x00, 0x00, 0x00, 0x00, 0x00, 0x00, 0x00, 0x00, 0x00,
  0x39, 0xF6, 0x1C, 0x00, 0x00, 0x00, 0x00, 0x00, 0x00, 0x00, 0x00, 0x00, 0xB6, 0xAE, 0x00, 0x00,
  0x00, 0x00, 0x00, 0x00, 0x00, 0x00, 0x00, 0x00, 0xD1, 0xC7, 0x07, 0x00, 0x00, 0x00, 0x00, 0x00,
  0x00, 0x00, 0x00, 0x00, 0x53, 0xE3, 0xFF, 0xE4, 0x00, 0x00, 0x00, 0x00, 0x00, 0x00, 0x00, 0x16,
  0xD6, 0xF3, 0xFB, 0xBB, 0x08, 0x00, 0x00, 0x00, 0x00, 0x00, 0x00, 0x00, 0x00, 0x00, 0x00, 0x00,
  0x00, 0x00, 0x13, 0xD3, 0xC3, 0x20, 0x34, 0xD8, 0xB7, 0x07, 0x00, 0x00, 0x00, 0x00, 0x00, 0x00,
  0x00, 0x00, 0x00, 0x00, 0x00, 0x00, 0x00, 0x00, 0x00, 0x00, 0x00, 0x00, 0x00, 0x00, 0x00, 0x00,
  0x00, 0x00, 0x00, 0x00, 0x5A, 0xFF, 0xFF, 0xE5, 0x00, 0x00, 0x00, 0x00, 0xD3, 0xFF, 0xFF, 0xAD,
  0x00, 0x00, 0x00, 0x0E, 0xFC, 0xFF, 0xFF, 0x2D, 0x1C, 0xFF, 0xFF, 0xFF, 0x23, 0x00, 0x00, 0x11,
  0xFE, 0xFF, 0xFF, 0xEA, 0x00, 0x00, 0x00, 0x48, 0xFF, 0xFF, 0xEE, 0x01, 0x00, 0xDE, 0xFF, 0xFF,
  0x61, 0x00, 0x00, 0x4C, 0xFF, 0xFF, 0xFF, 0xFF, 0x27, 0x00, 0x00, 0x86, 0xFF, 0xFF, 0xB3, 0x00,
  0x00, 0xA1, 0xFF, 0xFF, 0x9E, 0x00, 0x00, 0x89, 0xFF, 0xDA, 0xF6, 0xFF, 0x64, 0x00, 0x00, 0xC3,
  0xFF, 0xFF, 0x76, 0x00, 0x00, 0x63, 0xFF, 0xFF, 0xDB, 0x00, 0x00, 0xC6, 0xFF, 0x97, 0xC0, 0xFF,
  0xA1, 0x00, 0x07, 0xF8, 0xFF, 0xFF, 0x39, 0x00, 0x00, 0x26, 0xFF, 0xFF, 0xFF, 0x19, 0x09, 0xF9,
  0xFF, 0x5A, 0x82, 0xFF, 0xDE, 0x00, 0x3E, 0xFF, 0xFF, 0xF6, 0x06, 0x00, 0x00, 0x00, 0xE8, 0xFF,
  0xFF, 0x56, 0x40, 0xFF, 0xFF, 0x1D, 0x44, 0xFF, 0xFF, 0x1B, 0x7B, 0xFF, 0xFF, 0xBF, 0x00, 0x00,
  0x00, 0x00, 0xAB, 0xFF, 0xFF, 0x93, 0x7D, 0xFF, 0xDF, 0x00, 0x0B, 0xFB, 0xFF, 0x58, 0xB8, 0xFF,
  0xFF, 0x82, 0x00, 0x00, 0x00, 0x00, 0x6D, 0xFF, 0xFF, 0xD1, 0xBA, 0xFF, 0xA2, 0x00, 0x00, 0xC9,
  0xFF, 0x98, 0xF2, 0xFF, 0xFF, 0x45, 0x00, 0x00, 0x00, 0x00, 0x30, 0xFF, 0xFF, 0xFD, 0xF5, 0xFF,
  0x65, 0x00, 0x00, 0x8C, 0xFF, 0xF3, 0xFF, 0xFF, 0xFC, 0x0C, 0x00, 0x00, 0x00, 0x00, 0x02, 0xF0,
  0xFF, 0xFF, 0xFF, 0xFF, 0x28, 0x00, 0x00, 0x4E, 0xFF, 0xFF, 0xFF, 0xFF, 0xCB, 0x00, 0x00, 0x00,
  0x00, 0x00, 0x00, 0xB5, 0xFF, 0xFF, 0xFF, 0xEA, 0x00, 0x00, 0x00, 0x12, 0xFE, 0xFF, 0xFF, 0xFF,
  0x8E, 0x00, 0x00, 0x00, 0x00, 0x00, 0x00, 0x77, 0xFF, 0xFF, 0xFF, 0xAE, 0x00, 0x00, 0x00, 0x00,
  0xD3, 0xFF, 0xFF, 0xFF, 0x52, 0x00, 0x00, 0x00, 0x00, 0x00, 0x00, 0x00, 0x00, 0x00, 0x2A, 0xF5,
  0xFF, 0xBC, 0x02, 0x00, 0x00, 0x00, 0x00, 0x00, 0x00, 0x00, 0x00, 0x00, 0x00, 0x0A, 0xD5, 0xE3,
  0x7F, 0xFF, 0x7F, 0x00, 0x00, 0x00, 0x00, 0x00, 0x00, 0x00, 0x00, 0x00, 0x00, 0xA0, 0xE7, 0x25,
  0x00, 0x6D, 0xFC, 0x42, 0x00, 0x00, 0x00, 0x00, 0x00, 0x00, 0x00, 0x00, 0x00, 0x00, 0x00, 0x00,
  0x00, 0x00, 0x00, 0x00, 0x00, 0x00, 0x00, 0x00, 0x3C, 0xFF, 0xFF, 0xCE, 0x00, 0x00, 0x1E, 0xFF,
  0xFF, 0xC2, 0x00, 0x00, 0x2C, 0xFF, 0xFF, 0xDE, 0x05, 0xF4, 0xFF, 0xFD, 0x0F, 0x00, 0x5D, 0xFF,
  0xFF, 0xF8, 0x07, 0x00, 0x6A, 0xFF, 0xFF, 0x9C, 0x00, 0xB8, 0xFF, 0xFF, 0x49, 0x00, 0x9A, 0xFF,
  0xFF, 0xFF, 0x3D, 0x00, 0xA9, 0xFF, 0xFF, 0x59, 0x00, 0x76, 0xFF, 0xFF, 0x87, 0x00, 0xD8, 0xFF,
  0xD1, 0xFF, 0x7B, 0x00, 0xE7, 0xFF, 0xFF, 0x17, 0x00, 0x34, 0xFF, 0xFF, 0xC4, 0x15, 0xFF, 0xF5,
  0x61, 0xFF, 0xB8, 0x26, 0xFF, 0xFF, 0xD4, 0x00, 0x00, 0x02, 0xEE, 0xFF, 0xF9, 0x5B, 0xFF, 0xBD,
  0x1D, 0xFF, 0xF2, 0x69, 0xFF, 0xFF, 0x92, 0x00, 0x00, 0x00, 0xB0, 0xFF, 0xFF, 0xCF, 0xFF, 0x7F,
  0x00, 0xE0, 0xFF, 0xD5, 0xFF, 0xFF, 0x50, 0x00, 0x00, 0x00, 0x6E, 0xFF, 0xFF, 0xFF, 0xFF, 0x42,
  0x00, 0xA3, 0xFF, 0xFF, 0xFF, 0xFD, 0x10, 0x00, 0x00, 0x00, 0x2C, 0xFF, 0xFF, 0xFF, 0xFA, 0x0A,
  0x00, 0x65, 0xFF, 0xFF, 0xFF, 0xCB, 0x00, 0x00, 0x00, 0x00, 0x00, 0xE8, 0xFF, 0xFF, 0xC6, 0x00,
  0x00, 0x27, 0xFF, 0xFF, 0xFF, 0x89, 0x00, 0x00, 0x00, 0x00, 0x00, 0x00, 0x00, 0x58, 0xFC, 0xEE,
  0xFD, 0x5E, 0x00, 0x00, 0x00, 0x00, 0x00, 0x00, 0x00, 0x00, 0x00, 0x52, 0xF6, 0x7D, 0x06, 0x78,
  0xF6, 0x59, 0x00, 0x00, 0x00, 0x00, 0x00, 0x00, 0x00, 0x00, 0x00, 0x00, 0x00, 0x00, 0x00, 0x00,
  0x00, 0x00, 0x00, 0x00, 0x00, 0x05, 0xD1, 0xFF, 0xFF, 0xD4, 0x06, 0x00, 0x00, 0x00, 0x04, 0xCE,
  0xFF, 0xFF, 0xD6, 0x07, 0x00, 0x31, 0xFB, 0xFF, 0xFF, 0x7F, 0x00, 0x00, 0x00, 0x78, 0xFF, 0xFF,
  0xFC, 0x37, 0x00, 0x00, 0x00, 0x83, 0xFF, 0xFF, 0xF9, 0x2A, 0x00, 0x25, 0xF7, 0xFF, 0xFF, 0x8A,
  0x00, 0x00, 0x00, 0x00, 0x06, 0xD2, 0xFF, 0xFF, 0xC7, 0x03, 0xC1, 0xFF, 0xFF, 0xD7, 0x08, 0x00,
  0x00, 0x00, 0x00, 0x00, 0x32, 0xFB, 0xFF, 0xFF, 0xBF, 0xFF, 0xFF, 0xFD, 0x38, 0x00, 0x00, 0x00,
  0x00, 0x00, 0x00, 0x00, 0x84, 0xFF, 0xFF, 0xFF, 0xFF, 0xFF, 0x8B, 0x00, 0x00, 0x00, 0x00, 0x00,
  0x00, 0x00, 0x00, 0x06, 0xD2, 0xFF, 0xFF, 0xFF, 0xD8, 0x08, 0x00, 0x00, 0x00, 0x00, 0x00, 0x00,
  0x00, 0x00, 0x00, 0x42, 0xFF, 0xFF, 0xFF, 0x4A, 0x00, 0x00, 0x00, 0x00, 0x00, 0x00, 0x00, 0x00,
  0x00, 0x00, 0x2C, 0xFF, 0xFF, 0xFF, 0x34, 0x00, 0x00, 0x00, 0x00, 0x00, 0x00, 0x00, 0x00, 0x00,
  0x00, 0x2C, 0xFF, 0xFF, 0xFF, 0x34, 0x00, 0x00, 0x00, 0x00, 0x00, 0x00, 0x00, 0x00, 0x00, 0x00,
  0x2C, 0xFF, 0xFF, 0xFF, 0x34, 0x00, 0x00, 0x00, 0x00, 0x00, 0x00, 0x00, 0x00, 0x00, 0x00, 0x2C,
  0xFF, 0xFF, 0xFF, 0x34, 0x00, 0x00, 0x00, 0x00, 0x00, 0x00, 0x00, 0x00, 0x00, 0x00, 0x2C, 0xFF,
  0xFF, 0xFF, 0x34, 0x00, 0x00, 0x00, 0x00, 0x00, 0x00, 0x00, 0x00, 0x00, 0xA0, 0xFF, 0xFD, 0x42,
  0x00, 0x00, 0x00, 0x00, 0x00, 0x00, 0x00, 0x60, 0xFF, 0x8F, 0xD2, 0xE7, 0x17, 0x00, 0x00, 0x00,
  0x00, 0x00, 0x2A, 0xF5, 0x8C, 0x00, 0x16, 0xD6, 0xBC, 0x02, 0x00, 0x00, 0x00, 0x00, 0x00, 0x00,
  0x00, 0x00, 0x00, 0x00, 0x00, 0x00, 0x00, 0x00, 0x93, 0xFF, 0xFF, 0x8D, 0x00, 0x00, 0x00, 0x01,
  0xE5, 0xFF, 0xFF, 0x37, 0x27, 0xFE, 0xFF, 0xEB, 0x06, 0x00, 0x00, 0x3B, 0xFF, 0xFF, 0xD7, 0x00,
  0x00, 0xBB, 0xFF, 0xFF, 0x56, 0x00, 0x00, 0x90, 0xFF, 0xFF, 0x78, 0x00, 0x00, 0x4F, 0xFF, 0xFF,
  0xBA, 0x00, 0x01, 0xE3, 0xFF, 0xFD, 0x1C, 0x00, 0x00, 0x03, 0xE0, 0xFF, 0xFE, 0x20, 0x3A, 0xFF,
  0xFF, 0xB9, 0x00, 0x00, 0x00, 0x00, 0x78, 0xFF, 0xFF, 0x83, 0x8F, 0xFF, 0xFF, 0x5A, 0x00, 0x00,
  0x00, 0x00, 0x14, 0xF8, 0xFF, 0xE4, 0xE3, 0xFF, 0xF1, 0x09, 0x00, 0x00, 0x00, 0x00, 0x00, 0xA1,
  0xFF, 0xFF, 0xFF, 0xFF, 0x9B, 0x00, 0x00, 0x00, 0x00, 0x00, 0x00, 0x35, 0xFF, 0xFF, 0xFF, 0xFF,
  0x3B, 0x00, 0x00, 0x00, 0x00, 0x00, 0x00, 0x00, 0xC9, 0xFF, 0xFF, 0xDB, 0x00, 0x00, 0x00, 0x00,
  0x00, 0x00, 0x00, 0x00, 0x7C, 0xFF, 0xFF, 0x7C, 0x00, 0x00, 0x00, 0x00, 0x00, 0x00, 0x00, 0x1F,
  0xD8, 0xFF, 0xF7, 0x19, 0x00, 0x00, 0x00, 0x00, 0x00, 0x34, 0xFF, 0xFF, 0xFF, 0xFF, 0x85, 0x00,
  0x00, 0x00, 0x00, 0x00, 0x00, 0x34, 0xFF, 0xFD, 0xE2, 0x81, 0x02, 0x00, 0x00, 0x00, 0x00, 0x00,
  0x00, 0x00, 0x00, 0x00, 0x40, 0xFF, 0xD0, 0x00, 0xC8, 0xFF, 0x48, 0x00, 0x00, 0x00, 0x00, 0x00,
  0x00, 0x00, 0x00, 0x40, 0xFF, 0xD0, 0x00, 0xC8, 0xFF, 0x48, 0x00, 0x00, 0x00, 0x00, 0x00, 0x00,
  0x00, 0x00, 0x00, 0x00, 0x00, 0x00, 0x00, 0x00, 0x00, 0x00, 0x00, 0x00, 0x00, 0x05, 0xD1, 0xFF,
  0xFF, 0xD4, 0x06, 0x00, 0x00, 0x00, 0x04, 0xCE, 0xFF, 0xFF, 0xD6, 0x07, 0x00, 0x31, 0xFB, 0xFF,
  0xFF, 0x7F, 0x00, 0x00, 0x00, 0x78, 0xFF, 0xFF, 0xFC, 0x37, 0x00, 0x00, 0x00, 0x83, 0xFF, 0xFF,
  0xF9, 0x2A, 0x00, 0x25, 0xF7, 0xFF, 0xFF, 0x8A, 0x00, 0x00, 0x00, 0x00, 0x06, 0xD2, 0xFF, 0xFF,
  0xC7, 0x03, 0xC1, 0xFF, 0xFF, 0xD7, 0x08, 0x00, 0x00, 0x00, 0x00, 0x00, 0x32, 0xFB, 0xFF, 0xFF,
  0xBF, 0xFF, 0xFF, 0xFD, 0x38, 0x00, 0x00, 0x00, 0x00, 0x00, 0x00, 0x00, 0x84, 0xFF, 0xFF, 0xFF,
  0xFF, 0xFF, 0x8B, 0x00, 0x00, 0x00, 0x00, 0x00, 0x00, 0x00, 0x00, 0x06, 0xD2, 0xFF, 0xFF, 0xFF,
  0xD8, 0x08, 0x00, 0x00, 0x00, 0x00, 0x00, 0x00, 0x00, 0x00, 0x00, 0x42, 0xFF, 0xFF, 0xFF, 0x4A,
  0x00, 0x00, 0x00, 0x00, 0x00, 0x00, 0x00, 0x00, 0x00, 0x00, 0x2C, 0xFF, 0xFF, 0xFF, 0x34, 0x00,
  0x00, 0x00, 0x00, 0x00, 0x00, 0x00, 0x00, 0x00, 0x00, 0x2C, 0xFF, 0xFF, 0xFF, 0x34, 0x00, 0x00,
  0x00, 0x00, 0x00, 0x00, 0x00, 0x00, 0x00, 0x00, 0x2C, 0xFF, 0xFF, 0xFF, 0x34, 0x00, 0x00, 0x00,
  0x00, 0x00, 0x00, 0x00, 0x00, 0x00, 0x00, 0x2C, 0xFF, 0xFF, 0xFF, 0x34, 0x00, 0x00, 0x00, 0x00,
  0x00, 0x00, 0x00, 0x00, 0x00, 0x00, 0x2C, 0xFF, 0xFF, 0xFF, 0x34, 0x00, 0x00, 0x00, 0x00, 0x00,
  0x00, 0x00, 0x00, 0x00, 0x00, 0x0C, 0xCF, 0xFC, 0x73, 0x00, 0x00, 0x00, 0x00, 0x00, 0x00, 0x00,
  0x00, 0x04, 0xB7, 0xEB, 0x41, 0x00, 0x00, 0x00, 0x00, 0x00, 0x00, 0x00, 0x00, 0x00, 0x00, 0x00,
  0x00, 0x00, 0x00, 0x00, 0x00, 0x00, 0x00, 0x00, 0xFC, 0xFF, 0xFF, 0xFF, 0xFF, 0xFF, 0xFF, 0xFF,
  0xFF, 0xFF, 0xFF, 0x0C, 0x00, 0xFC, 0xFF, 0xFF, 0xFF, 0xFF, 0xFF, 0xFF, 0xFF, 0xFF, 0xFF, 0xFF,
  0x0C, 0x00, 0x00, 0x00, 0x00, 0x00, 0x00, 0x00, 0x8E, 0xFF, 0xFF, 0xFF, 0xBC, 0x01, 0x00, 0x00,
  0x00, 0x00, 0x00, 0x00, 0x58, 0xFF, 0xFF, 0xFF, 0xE0, 0x14, 0x00, 0x00, 0x00, 0x00, 0x00, 0x00,
  0x2E, 0xF5, 0xFF, 0xFF, 0xF6, 0x31, 0x00, 0x00, 0x00, 0x00, 0x00, 0x00, 0x11, 0xDC, 0xFF, 0xFF,
  0xFF, 0x5E, 0x00, 0x00, 0x00, 0x00, 0x00, 0x00, 0x02, 0xB6, 0xFF, 0xFF, 0xFF, 0x92, 0x00, 0x00,
  0x00, 0x00, 0x00, 0x00, 0x00, 0x84, 0xFF, 0xFF, 0xFF, 0xC2, 0x05, 0x00, 0x00, 0x00, 0x00, 0x00,
  0x00, 0x4F, 0xFE, 0xFF, 0xFF, 0xE4, 0x17, 0x00, 0x00, 0x00, 0x00, 0x00, 0x00, 0x27, 0xF1, 0xFF,
  0xFF, 0xF9, 0x37, 0x00, 0x00, 0x00, 0x00, 0x00, 0x00, 0x0B, 0xD6, 0xFF, 0xFF, 0xFF, 0x65, 0x00,
  0x00, 0x00, 0x00, 0x00, 0x00, 0x00, 0x30, 0xFF, 0xFF, 0xFF, 0xFF, 0xFF, 0xFF, 0xFF, 0xFF, 0xFF,
  0xFF, 0xFF, 0x40, 0x30, 0xFF, 0xFF, 0xFF, 0xFF, 0xFF, 0xFF, 0xFF, 0xFF, 0xFF, 0xFF, 0xFF, 0x40,
  0x00, 0x00, 0x00, 0x00, 0x00, 0x00, 0xA1, 0xFF, 0xB0, 0x08, 0x00, 0x00, 0x00, 0x00, 0x00, 0x77,
  0xFF, 0xA0, 0x03, 0x00, 0x00, 0x00, 0x00, 0x00, 0x4C, 0xFD, 0x8D, 0x01, 0x00, 0x00, 0x00, 0x00,
  0x00, 0x00, 0x00, 0x00, 0x00, 0x00, 0x00, 0x00, 0x00, 0xF8, 0xFF, 0xFF, 0xFF, 0xFF, 0xFF, 0xFF,
  0xFF, 0x9C, 0x00, 0xF8, 0xFF, 0xFF, 0xFF, 0xFF, 0xFF, 0xFF, 0xFF, 0x9C, 0x00, 0x00, 0x00, 0x00,
  0x00, 0x74, 0xFF, 0xFF, 0xFF, 0x65, 0x00, 0x00, 0x00, 0x00, 0x5F, 0xFE, 0xFF, 0xFF, 0x87, 0x00,
  0x00, 0x00, 0x00, 0x4C, 0xFB, 0xFF, 0xFF, 0x9E, 0x00, 0x00, 0x00, 0x00, 0x3A, 0xF6, 0xFF, 0xFF,
  0xB2, 0x03, 0x00, 0x00, 0x00, 0x2C, 0xEE, 0xFF, 0xFF, 0xC3, 0x09, 0x00, 0x00, 0x00, 0x13, 0xE4,
  0xFF, 0xFF, 0xD3, 0x10, 0x00, 0x00, 0x00, 0x00, 0x30, 0xFF, 0xFF, 0xFF, 0xFF, 0xFF, 0xFF, 0xFF,
  0xFF, 0x9C, 0x30, 0xFF, 0xFF, 0xFF, 0xFF, 0xFF, 0xFF, 0xFF, 0xFF, 0x9C, 0x00, 0x00, 0x00, 0x00,
  0x00, 0xDC, 0xFF, 0x8C, 0x00, 0x00, 0x00, 0x00, 0x00, 0x00, 0x00, 0x00, 0x00, 0x00, 0xDC, 0xFF,
  0x8C, 0x00, 0x00, 0x00, 0x00, 0x00, 0x00, 0x00, 0x00, 0x00, 0x00, 0x00, 0x00, 0x00, 0x00, 0x00,
  0x00, 0x00, 0x00, 0x00, 0xFC, 0xFF, 0xFF, 0xFF, 0xFF, 0xFF, 0xFF, 0xFF, 0xFF, 0xFF, 0xFF, 0x0C,
  0x00, 0xFC, 0xFF, 0xFF, 0xFF, 0xFF, 0xFF, 0xFF, 0xFF, 0xFF, 0xFF, 0xFF, 0x0C, 0x00, 0x00, 0x00,
  0x00, 0x00, 0x00, 0x00, 0x8E, 0xFF, 0xFF, 0xFF, 0xBC, 0x01, 0x00, 0x00, 0x00, 0x00, 0x00, 0x00,
  0x58, 0xFF, 0xFF, 0xFF, 0xE0, 0x14, 0x00, 0x00, 0x00, 0x00, 0x00, 0x00, 0x2E, 0xF5, 0xFF, 0xFF,
  0xF6, 0x31, 0x00, 0x00, 0x00, 0x00, 0x00, 0x00, 0x11, 0xDC, 0xFF, 0xFF, 0xFF, 0x5E, 0x00, 0x00,
  0x00, 0x00, 0x00, 0x00, 0x02, 0xB6, 0xFF, 0xFF, 0xFF, 0x92, 0x00, 0x00, 0x00, 0x00, 0x00, 0x00,
  0x00, 0x84, 0xFF, 0xFF, 0xFF, 0xC2, 0x05, 0x00, 0x00, 0x00, 0x00, 0x00, 0x00, 0x4F, 0xFE, 0xFF,
  0xFF, 0xE4, 0x17, 0x00, 0x00, 0x00, 0x00, 0x00, 0x00, 0x27, 0xF1, 0xFF, 0xFF, 0xF9, 0x37, 0x00,
  0x00, 0x00, 0x00, 0x00, 0x00, 0x0B, 0xD6, 0xFF, 0xFF, 0xFF, 0x65, 0x00, 0x00, 0x00, 0x00, 0x00,
  0x00, 0x00, 0x30, 0xFF, 0xFF, 0xFF, 0xFF, 0xFF, 0xFF, 0xFF, 0xFF, 0xFF, 0xFF, 0xFF, 0x40, 0x30,
  0xFF, 0xFF, 0xFF, 0xFF, 0xFF, 0xFF, 0xFF, 0xFF, 0xFF, 0xFF, 0xFF, 0x40, 0x00, 0x00, 0x00, 0x58,
  0xFF, 0xFF, 0xD0, 0x00, 0x00, 0x00, 0x00, 0x00, 0x00, 0x58, 0xFF, 0xFF, 0xD0, 0x00, 0x00, 0x00,
  0x00, 0x00, 0x00, 0x58, 0xFF, 0xFF, 0xD0, 0x00, 0x00, 0x00, 0x00, 0x00, 0x00, 0x00, 0x00, 0x00,
  0x00, 0x00, 0x00, 0x00, 0x00, 0xF8, 0xFF, 0xFF, 0xFF, 0xFF, 0xFF, 0xFF, 0xFF, 0x9C, 0x00, 0xF8,
  0xFF, 0xFF, 0xFF, 0xFF, 0xFF, 0xFF, 0xFF, 0x9C, 0x00, 0x00, 0x00, 0x00, 0x00, 0x74, 0xFF, 0xFF,
  0xFF, 0x65, 0x00, 0x00, 0x00, 0x00, 0x5F, 0xFE, 0xFF, 0xFF, 0x87, 0x00, 0x00, 0x00, 0x00, 0x4C,
  0xFB, 0xFF, 0xFF, 0x9E, 0x00, 0x00, 0x00, 0x00, 0x3A, 0xF6, 0xFF, 0xFF, 0xB2, 0x03, 0x00, 0x00,
  0x00, 0x2C, 0xEE, 0xFF, 0xFF, 0xC3, 0x09, 0x00, 0x00, 0x00, 0x13, 0xE4, 0xFF, 0xFF, 0xD3, 0x10,
  0x00, 0x00, 0x00, 0x00, 0x30, 0xFF, 0xFF, 0xFF, 0xFF, 0xFF, 0xFF, 0xFF, 0xFF, 0x9C, 0x30, 0xFF,
  0xFF, 0xFF, 0xFF, 0xFF, 0xFF, 0xFF, 0xFF, 0x9C, 0x00, 0x00, 0x00, 0x83, 0xEE, 0x55, 0x0B, 0x9A,
  0xEF, 0x32, 0x00, 0x00, 0x00, 0x00, 0x00, 0x00, 0x00, 0x89, 0xFF, 0xEC, 0xF1, 0x36, 0x00, 0x00,
  0x00, 0x00, 0x00, 0x00, 0x00, 0x00, 0x00, 0x00, 0x00, 0x00, 0x00, 0x00, 0x00, 0x00, 0x00, 0x00,
  0xFC, 0xFF, 0xFF, 0xFF, 0xFF, 0xFF, 0xFF, 0xFF, 0xFF, 0xFF, 0xFF, 0x0C, 0x00, 0xFC, 0xFF, 0xFF,
  0xFF, 0xFF, 0xFF, 0xFF, 0xFF, 0xFF, 0xFF, 0xFF, 0x0C, 0x00, 0x00, 0x00, 0x00, 0x00, 0x00, 0x00,
  0x8E, 0xFF, 0xFF, 0xFF, 0xBC, 0x01, 0x00, 0x00, 0x00, 0x00, 0x00, 0x00, 0x58, 0xFF, 0xFF, 0xFF,
  0xE0, 0x14, 0x00, 0x00, 0x00, 0x00, 0x00, 0x00, 0x2E, 0xF5, 0xFF, 0xFF, 0xF6, 0x31, 0x00, 0x00,
  0x00, 0x00, 0x00, 0x00, 0x11, 0xDC, 0xFF, 0xFF, 0xFF, 0x5E, 0x00, 0x00, 0x00, 0x00, 0x00, 0x00,
  0x02, 0xB6, 0xFF, 0xFF, 0xFF, 0x92, 0x00, 0x00, 0x00, 0x00, 0x00, 0x00, 0x00, 0x84, 0xFF, 0xFF,
  0xFF, 0xC2, 0x05, 0x00, 0x00, 0x00, 0x00, 0x00, 0x00, 0x4F, 0xFE, 0xFF, 0xFF, 0xE4, 0x17, 0x00,
  0x00, 0x00, 0x00, 0x00, 0x00, 0x27, 0xF1, 0xFF, 0xFF, 0xF9, 0x37, 0x00, 0x00, 0x00, 0x00, 0x00,
  0x00, 0x0B, 0xD6, 0xFF, 0xFF, 0xFF, 0x65, 0x00, 0x00, 0x00, 0x00, 0x00, 0x00, 0x00, 0x30, 0xFF,
  0xFF, 0xFF, 0xFF, 0xFF, 0xFF, 0xFF, 0xFF, 0xFF, 0xFF, 0xFF, 0x40, 0x30, 0xFF, 0xFF, 0xFF, 0xFF,
  0xFF, 0xFF, 0xFF, 0xFF, 0xFF, 0xFF, 0xFF, 0x40, 0x00, 0x01, 0xB3, 0xDC, 0x1A, 0x00, 0x80, 0xF8,
  0x32, 0x00, 0x00, 0x00, 0x12, 0xE2, 0xD7, 0x84, 0xFF, 0x6B, 0x00, 0x00, 0x00, 0x00, 0x00, 0x39,
  0xFB, 0xFF, 0xAB, 0x00, 0x00, 0x00, 0x00, 0x00, 0x00, 0x00, 0x00, 0x00, 0x00, 0x00, 0x00, 0x00,
  0x00, 0xF8, 0xFF, 0xFF, 0xFF, 0xFF, 0xFF, 0xFF, 0xFF, 0x9C, 0x00, 0xF8, 0xFF, 0xFF, 0xFF, 0xFF,
  0xFF, 0xFF, 0xFF, 0x9C, 0x00, 0x00, 0x00, 0x00, 0x00, 0x74, 0xFF, 0xFF, 0xFF, 0x65, 0x00, 0x00,
  0x00, 0x00, 0x5F, 0xFE, 0xFF, 0xFF, 0x87, 0x00, 0x00, 0x00, 0x00, 0x4C, 0xFB, 0xFF, 0xFF, 0x9E,
  0x00, 0x00, 0x00, 0x00, 0x3A, 0xF6, 0xFF, 0xFF, 0xB2, 0x03, 0x00, 0x00, 0x00, 0x2C, 0xEE, 0xFF,
  0xFF, 0xC3, 0x09, 0x00, 0x00, 0x00, 0x13, 0xE4, 0xFF, 0xFF, 0xD3, 0x10, 0x00, 0x00, 0x00, 0x00,
  0x30, 0xFF, 0xFF, 0xFF, 0xFF, 0xFF, 0xFF, 0xFF, 0xFF, 0x9C, 0x30, 0xFF, 0xFF, 0xFF, 0xFF, 0xFF,
  0xFF, 0xFF, 0xFF, 0x9C, 0x00, 0x00, 0x0F, 0x8F, 0xDD, 0xFA, 0xFF, 0xFC, 0x00, 0x00, 0xA6, 0xFF,
  0xFF, 0xFF, 0xFF, 0xFC, 0x00, 0x02, 0xF7, 0xFF, 0xFF, 0x42, 0x00, 0x00, 0x00, 0x16, 0xFF, 0xFF,
  0xFF, 0x0C, 0x00, 0x00, 0xA8, 0xFF, 0xFF, 0xFF, 0xFF, 0x0C, 0x00, 0x00, 0xA8, 0xFF, 0xFF, 0xFF,
  0xFF, 0x0C, 0x00, 0x00, 0x00, 0x18, 0xFF, 0xFF, 0xFF, 0x0C, 0x00, 0x00, 0x00, 0x18, 0xFF, 0xFF,
  0xFF, 0x0C, 0x00, 0x00, 0x00, 0x18, 0xFF, 0xFF, 0xFF, 0x0C, 0x00, 0x00, 0x00, 0x18, 0xFF, 0xFF,
  0xFF, 0x0C, 0x00, 0x00, 0x00, 0x18, 0xFF, 0xFF, 0xFF, 0x0C, 0x00, 0x00, 0x00, 0x18, 0xFF, 0xFF,
  0xFF, 0x0C, 0x00, 0x00, 0x00, 0x18, 0xFF, 0xFF, 0xFF, 0x0C, 0x00, 0x00, 0x00, 0x18, 0xFF, 0xFF,
  0xFF, 0x0C, 0x00, 0x00, 0x00, 0x00, 0x00, 0x04, 0x5F, 0xB6, 0xE8, 0xFA, 0xEE, 0xC8, 0x7D, 0x12,
  0x00, 0x00, 0x00, 0x00, 0x00, 0x19, 0xC9, 0xFF, 0xFF, 0xFF, 0xFF, 0xFF, 0xFF, 0xFF, 0xEB, 0x3F,
  0x00, 0x00, 0x00, 0x08, 0xCE, 0xFF, 0xFF, 0xD8, 0x3D, 0x07, 0x24, 0xAC, 0xFF, 0xFF, 0xF3, 0x29,
  0x00, 0x00, 0x71, 0xFF, 0xFF, 0xFC, 0x25, 0x00, 0x00, 0x00, 0x04, 0xD5, 0xFF, 0xFF, 0xB9, 0x00,
  0x00, 0xD3, 0xFF, 0xFF, 0xAF, 0x00, 0x00, 0x00, 0x00, 0x00, 0x64, 0xFF, 0xFF, 0xFF, 0x1A, 0x08,
  0xFF, 0xFF, 0xFF, 0x7E, 0x00, 0x00, 0x00, 0x00, 0x00, 0x33, 0xFF, 0xFF, 0xFF, 0x4E, 0x16, 0xFF,
  0xFF, 0xFF, 0x6A, 0x00, 0x00, 0x00, 0x00, 0x00, 0x1E, 0xFF, 0xFF, 0xFF, 0x5D, 0x04, 0xFD, 0xFF,
  0xFF, 0x83, 0x00, 0x00, 0x00, 0x00, 0x00, 0x38, 0xFF, 0xFF, 0xFF, 0x49, 0x00, 0xC4, 0xFF, 0xFF,
  0xC8, 0x00, 0x00, 0x00, 0x00, 0x00, 0x7D, 0xFF, 0xFF, 0xFA, 0x11, 0x00, 0x4B, 0xFF, 0xFF, 0xFF,
  0x46, 0x00, 0x00, 0x00, 0x12, 0xE9, 0xFF, 0xFF, 0x93, 0x00, 0x00, 0x00, 0x6F, 0xFC, 0xFF, 0xE8,
  0x2C, 0x00, 0x0B, 0xBC, 0xFF, 0xFF, 0xAD, 0x09, 0x00, 0x84, 0xFF, 0xFF, 0xFF, 0xFF, 0xFF, 0x80,
  0x00, 0x34, 0xFF, 0xFF, 0xFF, 0xFF, 0xFF, 0xD0, 0x84, 0xFF, 0xFF, 0xFF, 0xFF, 0xFF, 0x80, 0x00,
  0x34, 0xFF, 0xFF, 0xFF, 0xFF, 0xFF, 0xD0, 0x40, 0xFF, 0xFF, 0xFF, 0xFF, 0xFF, 0xFF, 0xFF, 0xFF,
  0xFF, 0xFF, 0xFF, 0xFF, 0x2C, 0x40, 0xFF, 0xFF, 0xFF, 0xFF, 0xFF, 0xFF, 0xFF, 0xFF, 0xFF, 0xFF,
  0xFF, 0xFF, 0x2C, 0x00, 0x00, 0x84, 0xFF, 0xFF, 0xA0, 0x00, 0x00, 0xB0, 0xFF, 0xFF, 0x74, 0x00,
  0x00, 0x00, 0x00, 0x84, 0xFF, 0xFF, 0xA0, 0x00, 0x00, 0xB0, 0xFF, 0xFF, 0x74, 0x00, 0x00, 0x00,
  0x00, 0x84, 0xFF, 0xFF, 0xA0, 0x00, 0x00, 0xB0, 0xFF, 0xFF, 0x74, 0x00, 0x00, 0x00, 0x00, 0x84,
  0xFF, 0xFF, 0xA0, 0x00, 0x00, 0xB0, 0xFF, 0xFF, 0x74, 0x00, 0x00, 0x00, 0x00, 0x84, 0xFF, 0xFF,
  0xA0, 0x00, 0x00, 0xB0, 0xFF, 0xFF, 0x77, 0x00, 0x00, 0x00, 0x00, 0x84, 0xFF, 0xFF, 0xA0, 0x00,
  0x00, 0xAF, 0xFF, 0xFF, 0xA3, 0x04, 0x01, 0x00, 0x00, 0x84, 0xFF, 0xFF, 0xA0, 0x00, 0x00, 0x9A,
  0xFF, 0xFF, 0xFF, 0xFF, 0x28, 0x00, 0x00, 0x84, 0xFF, 0xFF, 0xA0, 0x00, 0x00, 0x20, 0xBF, 0xF5,
  0xFC, 0xE7, 0x1F, 0x08, 0xFF, 0xFF, 0xFF, 0xFF, 0xFF, 0x80, 0x08, 0xFF, 0xFF, 0xFF, 0xFF, 0xFF,
  0x80, 0x08, 0xFF, 0xFF, 0xFF, 0xFF, 0xFF, 0x80, 0x08, 0xFF, 0xFF, 0xFF, 0xFF, 0xFF, 0xFF, 0xFF,
  0x08, 0x08, 0xFF, 0xFF, 0xFF, 0xFF, 0xFF, 0xFF, 0xFF, 0x08, 0x08, 0xFF, 0xFF, 0xFF, 0xFF, 0xFF,
  0xFF, 0xFF, 0xFF, 0xFF, 0xFF, 0xFF, 0xFF, 0xFF, 0xFF, 0xFF, 0xFF, 0x08, 0x08, 0xFF, 0xFF, 0xFF,
  0xFF, 0xFF, 0xFF, 0xFF, 0xFF, 0xFF, 0xFF, 0xFF, 0xFF, 0xFF, 0xFF, 0xFF, 0xFF, 0x08, 0x00, 0x00,
  0x75, 0xFF, 0x95, 0x00, 0x1A, 0xF3, 0xFF, 0x52, 0x00, 0xA8, 0xFF, 0xFD, 0x11, 0x1C, 0xFF, 0xFF,
  0xDB, 0x00, 0x24, 0xFF, 0xFF, 0xD8, 0x00, 0x24, 0xFF, 0xFF, 0xD8, 0x00, 0x00, 0xFC, 0xFF, 0xFF,
  0x00, 0xFC, 0xFF, 0xFF, 0x02, 0xFD, 0xFF, 0xF8, 0x33, 0xFF, 0xFF, 0x82, 0x77, 0xFF, 0xDE, 0x09,
  0xBA, 0xFF, 0x4D, 0x00, 0x00, 0x00, 0x75, 0xFF, 0x95, 0x00, 0x13, 0xED, 0xFB, 0x0E, 0x00, 0x1A,
  0xF3, 0xFF, 0x52, 0x00, 0x9B, 0xFF, 0xC6, 0x00, 0x00, 0xA8, 0xFF, 0xFD, 0x11, 0x36, 0xFE, 0xFF,
  0x83, 0x00, 0x1C, 0xFF, 0xFF, 0xDB, 0x00, 0xAB, 0xFF, 0xFF, 0x4F, 0x00, 0x24, 0xFF, 0xFF, 0xD8,
  0x00, 0xB4, 0xFF, 0xFF, 0x4C, 0x00, 0x24, 0xFF, 0xFF, 0xD8, 0x00, 0xB4, 0xFF, 0xFF, 0x4C, 0x00,
  0x00, 0x74, 0xFF, 0xFF, 0x88, 0x04, 0xFF, 0xFF, 0xF8, 0x00, 0x74, 0xFF, 0xFF, 0x88, 0x04, 0xFF,
  0xFF, 0xF8, 0x00, 0x77, 0xFF, 0xFF, 0x80, 0x07, 0xFF, 0xFF, 0xF1, 0x00, 0xAC, 0xFF, 0xF1, 0x18,
  0x3B, 0xFF, 0xFF, 0x7B, 0x02, 0xEE, 0xFF, 0x6F, 0x00, 0x80, 0xFF, 0xD9, 0x06, 0x36, 0xFF, 0xD1,
  0x03, 0x00, 0xC5, 0xFF, 0x45, 0x00, 0x00, 0x25, 0xB5, 0xF1, 0xDA, 0x6D, 0x00, 0x0D, 0xE1, 0xFF,
  0xFF, 0xFF, 0xFF, 0x6B, 0x4E, 0xFF, 0xFF, 0xFF, 0xFF, 0xFF, 0xCE, 0x4E, 0xFF, 0xFF, 0xFF, 0xFF,
  0xFF, 0xCD, 0x0D, 0xE0, 0xFF, 0xFF, 0xFF, 0xFF, 0x6B, 0x00, 0x26, 0xB7, 0xF2, 0xDC, 0x6F, 0x00,
  0x94, 0xFF, 0xFF, 0x98, 0x00, 0x00, 0x94, 0xFF, 0xFF, 0x94, 0x00, 0x00, 0x98, 0xFF, 0xFF, 0x94,
  0x94, 0xFF, 0xFF, 0x98, 0x00, 0x00, 0x94, 0xFF, 0xFF, 0x94, 0x00, 0x00, 0x98, 0xFF, 0xFF, 0x94,
  0x94, 0xFF, 0xFF, 0x98, 0x00, 0x00, 0x94, 0xFF, 0xFF, 0x94, 0x00, 0x00, 0x98, 0xFF, 0xFF, 0x94,
  0x00, 0x00, 0x18, 0x4A, 0x3D, 0x0A, 0x00, 0x00, 0x00, 0x62, 0xF8, 0xFC, 0xFF, 0xDF, 0x2C, 0x00,
  0x1A, 0xF6, 0xE7, 0x13, 0x4A, 0xFF, 0xC0, 0x00, 0x58, 0xFF, 0xAB, 0x00, 0x02, 0xFA, 0xFE, 0x08,
  0x6F, 0xFF, 0x9F, 0x00, 0x00, 0xF0, 0xFF, 0x1F, 0x55, 0xFF, 0xAF, 0x00, 0x04, 0xFB, 0xFD, 0x06,
  0x14, 0xF2, 0xEC, 0x24, 0x5E, 0xFF, 0xB6, 0x00, 0x00, 0x53, 0xF1, 0xFF, 0xFF, 0xD1, 0x22, 0x00,
  0x00, 0x00, 0x0A, 0x33, 0x27, 0x02, 0x00, 0x00, 0x06, 0x88, 0x7F, 0x0A, 0xE8, 0xD9, 0x04, 0x60,
  0x5A, 0x0C, 0xFF, 0xF0, 0x0C, 0xFF, 0xF0, 0x0C, 0xFF, 0xF0, 0x0C, 0xFF, 0xF0, 0x0C, 0xFF, 0xF0,
  0x01, 0x20, 0x1E, 0x1C, 0xFF, 0xFF, 0xFF, 0xFF, 0xFF, 0xFF, 0xFF, 0xFF, 0xE4, 0x1C, 0xE8, 0x00,
  0x00, 0x00, 0x00, 0x00, 0x00, 0x1C, 0xE4, 0x1C, 0xE8, 0x00, 0x00, 0x00, 0x00, 0x00, 0x00, 0x1C,
  0xE4, 0x1C, 0xE8, 0x00, 0x00, 0x00, 0x00, 0x00, 0x00, 0x1C, 0xE4, 0x1C, 0xE8, 0x00, 0x00, 0x00,
  0x00, 0x00, 0x00, 0x1C, 0xE4, 0x1C, 0xE8, 0x00, 0x00, 0x00, 0x00, 0x00, 0x00, 0x1C, 0xE4, 0x1C,
  0xE8, 0x00, 0x00, 0x00, 0x00, 0x00, 0x00, 0x1C, 0xE4, 0x1C, 0xE8, 0x00, 0x00, 0x00, 0x00, 0x00,
  0x00, 0x1C, 0xE4, 0x1C, 0xE8, 0x00, 0x00, 0x00, 0x00, 0x00, 0x00, 0x1C, 0xE4, 0x1C, 0xE8, 0x00,
  0x00, 0x00, 0x00, 0x00, 0x00, 0x1C, 0xE4, 0x1C, 0xE8, 0x00, 0x00, 0x00, 0x00, 0x00, 0x00, 0x1C,
  0xE4, 0x1C, 0xE8, 0x00, 0x00, 0x00, 0x00, 0x00, 0x00, 0x1C, 0xE4, 0x1C, 0xE8, 0x00, 0x00, 0x00,
  0x00, 0x00, 0x00, 0x1C, 0xE4, 0x1C, 0xE8, 0x00, 0x00, 0x00, 0x00, 0x00, 0x00, 0x1C, 0xE4, 0x1C,
  0xE8, 0x00, 0x00, 0x00, 0x00, 0x00, 0x00, 0x1C, 0xE4, 0x1C, 0xFF, 0xFF, 0xFF, 0xFF, 0xFF, 0xFF,
  0xFF, 0xFF, 0xE4, 0x1C, 0xFF, 0xFF, 0xFF, 0xFF, 0xFF, 0xFF, 0xFF, 0xFF, 0xE4, 0x1C, 0xE8, 0x00,
  0x00, 0x00, 0x00, 0x00, 0x00, 0x1C, 0xE4, 0x1C, 0xE8, 0x00, 0x00, 0x00, 0x00, 0x00, 0x00, 0x1C,
  0xE4, 0x1C, 0xE8, 0x00, 0x00, 0x00, 0x00, 0x00, 0x00, 0x1C, 0xE4, 0x1C, 0xE8, 0x00, 0x00, 0x00,
  0x00, 0x00, 0x00, 0x1C, 0xE4, 0x1C, 0xE8, 0x00, 0x00, 0x00, 0x00, 0x00, 0x00, 0x1C, 0xE4, 0x1C,
  0xE8, 0x00, 0x00, 0x00, 0x00, 0x00, 0x00, 0x1C, 0xE4, 0x1C, 0xE8, 0x00, 0x00, 0x00, 0x00, 0x00,
  0x00, 0x1C, 0xE4, 0x1C, 0xE8, 0x00, 0x00, 0x00, 0x00, 0x00, 0x00, 0x1C, 0xE4, 0x1C, 0xE8, 0x00,
  0x00, 0x00, 0x00, 0x00, 0x00, 0x1C, 0xE4, 0x1C, 0xE8, 0x00, 0x00, 0x00, 0x00, 0x00, 0x00, 0x1C,
  0xE4, 0x1C, 0xE8, 0x00, 0x00, 0x00, 0x00, 0x00, 0x00, 0x1C, 0xE4, 0x1C, 0xE8, 0x00, 0x00, 0x00,
  0x00, 0x00, 0x00, 0x1C, 0xE4, 0x1C, 0xE8, 0x00, 0x00, 0x00, 0x00, 0x00, 0x00, 0x1C, 0xE4, 0x1C,
  0xE8, 0x00, 0x00, 0x00, 0x00, 0x00, 0x00, 0x1C, 0xE4, 0x1C, 0xFF, 0xFF, 0xFF, 0xFF, 0xFF, 0xFF,
  0xFF, 0xFF, 0xE4, 0x00, 0x00, 0x00, 0x10, 0x34, 0x31, 0x00, 0x00, 0x00, 0x00, 0x02, 0xBE, 0xFF,
  0xF4, 0x00, 0x00, 0x00, 0x00, 0x7D, 0xE8, 0xFF, 0xF4, 0x00, 0x00, 0x00, 0x3C, 0xF6, 0x49, 0xFF,
  0xF4, 0x00, 0x00, 0x12, 0xE2, 0x72, 0x14, 0xFF, 0xF4, 0x00, 0x00, 0x7A, 0xFA, 0xA9, 0xAE, 0xFF,
  0xFB, 0xA8, 0x1A, 0x5A, 0xB4, 0xB4, 0xB9, 0xFF, 0xFC, 0xB4, 0x1C, 0x00, 0x00, 0x00, 0x14, 0xFF,
  0xF4, 0x00, 0x00, 0x00, 0x00, 0x00, 0x02, 0x20, 0x1E, 0x00, 0x00, 0x00, 0x2B, 0x34, 0x34, 0x34,
  0x34, 0x11, 0x00, 0xD4, 0xFF, 0xFF, 0xFF, 0xFF, 0x58, 0x00, 0xD4, 0xDB, 0x2C, 0x2C, 0x2C, 0x0F,
  0x00, 0xD4, 0xF3, 0xC8, 0xB8, 0x71, 0x05, 0x00, 0xA7, 0x92, 0x86, 0xDE, 0xFF, 0x8D, 0x00, 0x00,
  0x00, 0x00, 0x3C, 0xFF, 0xDC, 0x18, 0x73, 0x22, 0x0F, 0x8C, 0xFF, 0xBF, 0x1C, 0xF0, 0xFF, 0xFF,
  0xFF, 0xD6, 0x2A, 0x00, 0x04, 0x2B, 0x3D, 0x27, 0x01, 0x00, 0x00, 0x00, 0x06, 0x3F, 0x56, 0x43,
  0x0F, 0x00, 0x00, 0x2C, 0xDF, 0xFF, 0xEA, 0xF8, 0x90, 0x00, 0x02, 0xCD, 0xF9, 0x3F, 0x00, 0x05,
  0x1F, 0x00, 0x27, 0xFF, 0xD6, 0x95, 0xB1, 0x80, 0x0E, 0x00, 0x46, 0xFF, 0xFF, 0xAB, 0xAA, 0xFF,
  0xBC, 0x00, 0x2F, 0xFF, 0xF2, 0x02, 0x01, 0xF2, 0xFF, 0x0A, 0x05, 0xDE, 0xFB, 0x1F, 0x1D, 0xFB,
  0xE7, 0x00, 0x00, 0x3B, 0xE5, 0xFB, 0xFB, 0xE8, 0x44, 0x00, 0x00, 0x00, 0x06, 0x2E, 0x32, 0x08,
  0x00, 0x00, 0x0D, 0x34, 0x34, 0x34, 0x34, 0x34, 0x2A, 0x44, 0xFF, 0xFF, 0xFF, 0xFF, 0xFF, 0xCE,
  0x0B, 0x2C, 0x2C, 0x2C, 0xA7, 0xFF, 0x7D, 0x00, 0x00, 0x00, 0x15, 0xF4, 0xEE, 0x0E, 0x00, 0x00,
  0x00, 0x8B, 0xFF, 0x7C, 0x00, 0x00, 0x00, 0x16, 0xF5, 0xEE, 0x0E, 0x00, 0x00, 0x00, 0x8C, 0xFF,
  0x7C, 0x00, 0x00, 0x00, 0x16, 0xF5, 0xEE, 0x0E, 0x00, 0x00, 0x00, 0x0A, 0x20, 0x16, 0x00, 0x00,
  0x00, 0x00, 0x00, 0x2F, 0x52, 0x4C, 0x1B, 0x00, 0x00, 0xB2, 0xFF, 0xED, 0xF9, 0xFC, 0x67, 0x17,
  0xFF, 0xE2, 0x04, 0x3A, 0xFF, 0xC7, 0x02, 0xC0, 0xF9, 0x79, 0xA6, 0xFE, 0x71, 0x00, 0x68, 0xF5,
  0xE5, 0xF2, 0xD5, 0x32, 0x34, 0xFF, 0xC5, 0x02, 0x1C, 0xFE, 0xDF, 0x3B, 0xFF, 0xCD, 0x07, 0x28,
  0xFF, 0xE7, 0x02, 0xA0, 0xFE, 0xF7, 0xFD, 0xF3, 0x5D, 0x00, 0x00, 0x19, 0x3A, 0x33, 0x0C, 0x00,
  0x00, 0x00, 0x28, 0x51, 0x37, 0x04, 0x00, 0x00, 0x9D, 0xFF, 0xE2, 0xFA, 0xCB, 0x16, 0x43, 0xFF,
  0xB8, 0x00, 0x62, 0xFF, 0x99, 0x5D, 0xFF, 0xA4, 0x00, 0x4D, 0xFF, 0xDD, 0x19, 0xED, 0xFA, 0xA6,
  0xE1, 0xFF, 0xF1, 0x00, 0x20, 0x87, 0x9E, 0x79, 0xFF, 0xCE, 0x00, 0x39, 0x08, 0x12, 0xA0, 0xFF,
  0x6B, 0x00, 0xE3, 0xFF, 0xFF, 0xFD, 0x97, 0x02, 0x00, 0x0F, 0x37, 0x3D, 0x15, 0x00, 0x00, 0x00,
  0x00, 0x00, 0x2B, 0x14, 0x00, 0x00, 0x00, 0x00, 0x00, 0x00, 0xE8, 0x6C, 0x00, 0x00, 0x00, 0x00,
  0x00, 0x00, 0xE8, 0x6C, 0x00, 0x00, 0x00, 0x7C, 0x9C, 0x9C, 0xF6, 0xC6, 0x9C, 0x9C, 0x2E, 0x6F,
  0x8C, 0x8C, 0xF5, 0xBC, 0x8C, 0x8C, 0x29, 0x00, 0x00, 0x00, 0xE8, 0x6C, 0x00, 0x00, 0x00, 0x00,
  0x00, 0x00, 0xE8, 0x6C, 0x00, 0x00, 0x00, 0x00, 0x00, 0x00, 0x1D, 0x0D, 0x00, 0x00, 0x00, 0x7C,
  0x9C, 0x9C, 0x9C, 0x9C, 0x9C, 0x9C, 0x2E, 0x6F, 0x8C, 0x8C, 0x8C, 0x8C, 0x8C, 0x8C, 0x29, 0x95,
  0xBC, 0xBC, 0xBC, 0xBC, 0xBC, 0xBC, 0x37, 0x56, 0x6C, 0x6C, 0x6C, 0x6C, 0x6C, 0x6C, 0x20, 0x62,
  0x7C, 0x7C, 0x7C, 0x7C, 0x7C, 0x7C, 0x24, 0x89, 0xAC, 0xAC, 0xAC, 0xAC, 0xAC, 0xAC, 0x33, 0x00,
  0x00, 0x46, 0x83, 0x10, 0x00, 0x12, 0xED, 0xBA, 0x00, 0x00, 0x7C, 0xFF, 0x4F, 0x00, 0x00, 0xD2,
  0xFC, 0x0C, 0x00, 0x01, 0xFB, 0xE5, 0x00, 0x00, 0x01, 0xFA, 0xE6, 0x00, 0x00, 0x00, 0xCE, 0xFD,
  0x0E, 0x00, 0x00, 0x75, 0xFF, 0x55, 0x00, 0x00, 0x0E, 0xE8, 0xC2, 0x00, 0x00, 0x00, 0x3C, 0x74,
  0x10, 0x02, 0x7C, 0x5D, 0x00, 0x00, 0x00, 0x8D, 0xFC, 0x2E, 0x00, 0x00, 0x23, 0xFF, 0xA8, 0x00,
  0x00, 0x00, 0xDA, 0xF5, 0x07, 0x00, 0x00, 0xB6, 0xFF, 0x28, 0x00, 0x00, 0xB7, 0xFF, 0x27, 0x00,
  0x00, 0xDE, 0xF5, 0x06, 0x00, 0x29, 0xFF, 0xA5, 0x00, 0x00, 0x96, 0xFA, 0x2A, 0x00, 0x02, 0x6E,
  0x4F, 0x00, 0x00, 0x03, 0x60, 0x5E, 0x15, 0x64, 0x73, 0x1F, 0x00, 0x08, 0xFF, 0xFE, 0xE0, 0xE0,
  0xFF, 0xEB, 0x0E, 0x08, 0xFF, 0xFF, 0x3D, 0x00, 0xD1, 0xFF, 0x40, 0x08, 0xFF, 0xFD, 0x01, 0x00,
  0xB8, 0xFF, 0x4C, 0x08, 0xFF, 0xFC, 0x00, 0x00, 0xB8, 0xFF, 0x4C, 0x08, 0xFF, 0xFC, 0x00, 0x00,
  0xB8, 0xFF, 0x4C, 0x01, 0x20, 0x1F, 0x00, 0x00, 0x17, 0x20, 0x09, 0x00, 0x00, 0x00, 0x00, 0x01,
  0x55, 0xB4, 0xE8, 0xFA, 0xE7, 0xC4, 0x73, 0x11, 0x00, 0x00, 0x00, 0x06, 0xAD, 0xFF, 0xFF, 0xFF,
  0xFF, 0xFF, 0xFF, 0xFF, 0x54, 0x00, 0x00, 0x00, 0xA2, 0xFF, 0xFF, 0xF3, 0x65, 0x14, 0x0F, 0x36,
  0x98, 0x4D, 0x00, 0x00, 0x2F, 0xFE, 0xFF, 0xFF, 0x51, 0x00, 0x00, 0x00, 0x00, 0x00, 0x00, 0x00,
  0xC3, 0xFF, 0xFF, 0xFF, 0xFF, 0xFF, 0xFF, 0xFF, 0xFF, 0x96, 0x00, 0x00, 0x26, 0xFF, 0xFF, 0xFF,
  0xFF, 0xFF, 0xFF, 0xFF, 0xFF, 0xFF, 0x34, 0x00, 0x00, 0x00, 0x00, 0xB7, 0xFF, 0xFF, 0xA9, 0x00,
  0x00, 0x00, 0x00, 0x00, 0x00, 0x00, 0x00, 0xC3, 0xFF, 0xFF, 0xFF, 0xFF, 0xFF, 0xFF, 0xFF, 0x41,
  0x00, 0x00, 0x00, 0x26, 0xFF, 0xFF, 0xFF, 0xFF, 0xFF, 0xFF, 0xFF, 0xDC, 0x01, 0x00, 0x00, 0x00,
  0x00, 0x00, 0x2F, 0xFE, 0xFF, 0xFF, 0x54, 0x00, 0x00, 0x00, 0x00, 0x00, 0x00, 0x00, 0x00, 0x00,
  0xA3, 0xFF, 0xFF, 0xF4, 0x65, 0x13, 0x0E, 0x36, 0x97, 0x4D, 0x00, 0x00, 0x00, 0x07, 0xAD, 0xFF,
  0xFF, 0xFF, 0xFF, 0xFF, 0xFF, 0xFF, 0x54, 0x00, 0x00, 0x00, 0x00, 0x01, 0x56, 0xB5, 0xE9, 0xFB,
  0xEA, 0xC8, 0x76, 0x12
};
const uint32_t DejaVuSansBold18pxDataSize = 60500;
