// Generated by tools/make_font.py from DejaVuSans-Bold.ttf at 10px
// 26493 bytes VLW smooth font data

const uint8_t DejaVuSansBold8pxData[] PROGMEM = {
  0x00, 0x00, 0x01, 0x5B, 0x00, 0x00, 0x00, 0x01, 0x00, 0x00, 0x00, 0x0D, 0x00, 0x00, 0x00, 0x00,
  0x00, 0x00, 0x00, 0x0A, 0x00, 0x00, 0x00, 0x03, 0x00, 0x00, 0x00, 0x20, 0x00, 0x00, 0x00, 0x00,
  0x00, 0x00, 0x00, 0x00, 0x00, 0x00, 0x00, 0x03, 0x00, 0x00, 0x00, 0x00, 0x00, 0x00, 0x00, 0x00,
  0x00, 0x00, 0x00, 0x00, 0x00, 0x00, 0x00, 0x21, 0x00, 0x00, 0x00, 0x07, 0x00, 0x00, 0x00, 0x03,
  0x00, 0x00, 0x00, 0x05, 0x00, 0x00, 0x00, 0x07, 0x00, 0x00, 0x00, 0x01, 0x00, 0x00, 0x00, 0x00,
  0x00, 0x00, 0x00, 0x22, 0x00, 0x00, 0x00, 0x03, 0x00, 0x00, 0x00, 0x05, 0x00, 0x00, 0x00, 0x05,
  0x00, 0x00, 0x00, 0x07, 0x00, 0x00, 0x00, 0x00, 0x00, 0x00, 0x00, 0x00, 0x00, 0x00, 0x00, 0x23,
  0x00, 0x00, 0x00, 0x07, 0x00, 0x00, 0x00, 0x08, 0x00, 0x00, 0x00, 0x08, 0x00, 0x00, 0x00, 0x07,
  0x00, 0x00, 0x00, 0x00, 0x00, 0x00, 0x00, 0x00, 0x00, 0x00, 0x00, 0x24, 0x00, 0x00, 0x00, 0x08,
  0x00, 0x00, 0x00, 0x07, 0x00, 0x00, 0x00, 0x07, 0x00, 0x00, 0x00, 0x07, 0x00, 0x00, 0x00, 0x00,
  0x00, 0x00, 0x00, 0x00, 0x00, 0x00, 0x00, 0x25, 0x00, 0x00, 0x00, 0x07, 0x00, 0x00, 0x00, 0x0A,
  0x00, 0x00, 0x00, 0x0A, 0x00, 0x00, 0x00, 0x07, 0x00, 0x00, 0x00, 0x00, 0x00, 0x00, 0x00, 0x00,
  0x00, 0x00, 0x00, 0x26, 0x00, 0x00, 0x00, 0x07, 0x00, 0x00, 0x00, 0x09, 0x00, 0x00, 0x00, 0x09,
  0x00, 0x00, 0x00, 0x07, 0x00, 0x00, 0x00, 0x00, 0x00, 0x00, 0x00, 0x00, 0x00, 0x00, 0x00, 0x27,
  0x00, 0x00, 0x00, 0x03, 0x00, 0x00, 0x00, 0x03, 0x00, 0x00, 0x00, 0x03, 0x00, 0x00, 0x00, 0x07,
  0x00, 0x00, 0x00, 0x00, 0x00, 0x00, 0x00, 0x00, 0x00, 0x00, 0x00, 0x28, 0x00, 0x00, 0x00, 0x09,
  0x00, 0x00, 0x00, 0x04, 0x00, 0x00, 0x00, 0x05, 0x00, 0x00, 0x00, 0x08, 0x00, 0x00, 0x00, 0x00,
  0x00, 0x00, 0x00, 0x00, 0x00, 0x00, 0x00, 0x29, 0x00, 0x00, 0x00, 0x09, 0x00, 0x00, 0x00, 0x04,
  0x00, 0x00, 0x00, 0x05, 0x00, 0x00, 0x00, 0x08, 0x00, 0x00, 0x00, 0x00, 0x00, 0x00, 0x00, 0x00,
  0x00, 0x00, 0x00, 0x2A, 0x00, 0x00, 0x00, 0x06, 0x00, 0x00, 0x00, 0x05, 0x00, 0x00, 0x00, 0x05,
  0x00, 0x00, 0x00, 0x07, 0x00, 0x00, 0x00, 0x00, 0x00, 0x00, 0x00, 0x00, 0x00, 0x00, 0x00, 0x2B,
  0x00, 0x00, 0x00, 0x07, 0x00, 0x00, 0x00, 0x07, 0x00, 0x00, 0x00, 0x08, 0x00, 0x00, 0x00, 0x07,
  0x00, 0x00, 0x00, 0x01, 0x00, 0x00, 0x00, 0x00, 0x00, 0x00, 0x00, 0x2C, 0x00, 0x00, 0x00, 0x03,
  0x00, 0x00, 0x00, 0x03, 0x00, 0x00, 0x00, 0x04, 0x00, 0x00, 0x00, 0x02, 0x00, 0x00, 0x00, 0x00,
  0x00, 0x00, 0x00, 0x00, 0x00, 0x00, 0x00, 0x2D, 0x00, 0x00, 0x00, 0x01, 0x00, 0x00, 0x00, 0x04,
  0x00, 0x00, 0x00, 0x04, 0x00, 0x00, 0x00, 0x04, 0x00, 0x00, 0x00, 0x00, 0x00, 0x00, 0x00, 0x00,
  0x00, 0x00, 0x00, 0x2E, 0x00, 0x00, 0x00, 0x02, 0x00, 0x00, 0x00, 0x02, 0x00, 0x00, 0x00, 0x04,
  0x00, 0x00, 0x00, 0x02, 0x00, 0x00, 0x00, 0x01, 0x00, 0x00, 0x00, 0x00, 0x00, 0x00, 0x00, 0x2F,
  0x00, 0x00, 0x00, 0x08, 0x00, 0x00, 0x00, 0x04, 0x00, 0x00, 0x00, 0x04, 0x00, 0x00, 0x00, 0x07,
  0x00, 0x00, 0x00, 0x00, 0x00, 0x00, 0x00, 0x00, 0x00, 0x00, 0x00, 0x30, 0x00, 0x00, 0x00, 0x07,
  0x00, 0x00, 0x00, 0x07, 0x00, 0x00, 0x00, 0x07, 0x00, 0x00, 0x00, 0x07, 0x00, 0x00, 0x00, 0x00,
  0x00, 0x00, 0x00, 0x00, 0x00, 0x00, 0x00, 0x31, 0x00, 0x00, 0x00, 0x07, 0x00, 0x00, 0x00, 0x06,
  0x00, 0x00, 0x00, 0x07, 0x00, 0x00, 0x00, 0x07, 0x00, 0x00, 0x00, 0x01, 0x00, 0x00, 0x00, 0x00,
  0x00, 0x00, 0x00, 0x32, 0x00, 0x00, 0x00, 0x07, 0x00, 0x00, 0x00, 0x07, 0x00, 0x00, 0x00, 0x07,
  0x00, 0x00, 0x00, 0x07, 0x00, 0x00, 0x00, 0x00, 0x00, 0x00, 0x00, 0x00, 0x00, 0x00, 0x00, 0x33,
  0x00, 0x00, 0x00, 0x07, 0x00, 0x00, 0x00, 0x07, 0x00, 0x00, 0x00, 0x07, 0x00, 0x00, 0x00, 0x07,
  0x00, 0x00, 0x00, 0x00, 0x00, 0x00, 0x00, 0x00, 0x00, 0x00, 0x00, 0x34, 0x00, 0x00, 0x00, 0x07,
  0x00, 0x00, 0x00, 0x07, 0x00, 0x00, 0x00, 0x07, 0x00, 0x00, 0x00, 0x07, 0x00, 0x00, 0x00, 0x00,
  0x00, 0x00, 0x00, 0x00, 0x00, 0x00, 0x00, 0x35, 0x00, 0x00, 0x00, 0x07, 0x00, 0x00, 0x00, 0x07,
  0x00, 0x00, 0x00, 0x07, 0x00, 0x00, 0x00, 0x07, 0x00, 0x00, 0x00, 0x00, 0x00, 0x00, 0x00, 0x00,
  0x00, 0x00, 0x00, 0x36, 0x00, 0x00, 0x00, 0x07, 0x00, 0x00, 0x00, 0x07, 0x00, 0x00, 0x00, 0x07,
  0x00, 0x00, 0x00, 0x07, 0x00, 0x00, 0x00, 0x00, 0x00, 0x00, 0x00, 0x00, 0x00, 0x00, 0x00, 0x37,
  0x00, 0x00, 0x00, 0x07, 0x00, 0x00, 0x00, 0x07, 0x00, 0x00, 0x00, 0x07, 0x00, 0x00, 0x00, 0x07,
  0x00, 0x00, 0x00, 0x00, 0x00, 0x00, 0x00, 0x00, 0x00, 0x00, 0x00, 0x38, 0x00, 0x00, 0x00, 0x07,
  0x00, 0x00, 0x00, 0x07, 0x00, 0x00, 0x00, 0x07, 0x00, 0x00, 0x00, 0x07, 0x00, 0x00, 0x00, 0x00,
  0x00, 0x00, 0x00, 0x00, 0x00, 0x00, 0x00, 0x39, 0x00, 0x00, 0x00, 0x07, 0x00, 0x00, 0x00, 0x07,
  0x00, 0x00, 0x00, 0x07, 0x00, 0x00, 0x00, 0x07, 0x00, 0x00, 0x00, 0x00, 0x00, 0x00, 0x00, 0x00,
  0x00, 0x00, 0x00, 0x3A, 0x00, 0x00, 0x00, 0x05, 0x00, 0x00, 0x00, 0x02, 0x00, 0x00, 0x00, 0x04,
  0x00, 0x00, 0x00, 0x05, 0x00, 0x00, 0x00, 0x01, 0x00, 0x00, 0x00, 0x00, 0x00, 0x00, 0x00, 0x3B,
  0x00, 0x00, 0x00, 0x06, 0x00, 0x00, 0x00, 0x03, 0x00, 0x00, 0x00, 0x04, 0x00, 0x00, 0x00, 0x05,
  0x00, 0x00, 0x00, 0x00, 0x00, 0x00, 0x00, 0x00, 0x00, 0x00, 0x00, 0x3C, 0x00, 0x00, 0x00, 0x06,
  0x00, 0x00, 0x00, 0x07, 0x00, 0x00, 0x00, 0x08, 0x00, 0x00, 0x00, 0x06, 0x00, 0x00, 0x00, 0x01,
  0x00, 0x00, 0x00, 0x00, 0x00, 0x00, 0x00, 0x3D, 0x00, 0x00, 0x00, 0x03, 0x00, 0x00, 0x00, 0x07,
  0x00, 0x00, 0x00, 0x08, 0x00, 0x00, 0x00, 0x05, 0x00, 0x00, 0x00, 0x01, 0x00, 0x00, 0x00, 0x00,
  0x00, 0x00, 0x00, 0x3E, 0x00, 0x00, 0x00, 0x06, 0x00, 0x00, 0x00, 0x07, 0x00, 0x00, 0x00, 0x08,
  0x00, 0x00, 0x00, 0x06, 0x00, 0x00, 0x00, 0x01, 0x00, 0x00, 0x00, 0x00, 0x00, 0x00, 0x00, 0x3F,
  0x00, 0x00, 0x00, 0x07, 0x00, 0x00, 0x00, 0x06, 0x00, 0x00, 0x00, 0x06, 0x00, 0x00, 0x00, 0x07,
  0x00, 0x00, 0x00, 0x00, 0x00, 0x00, 0x00, 0x00, 0x00, 0x00, 0x00, 0x40, 0x00, 0x00, 0x00, 0x09,
  0x00, 0x00, 0x00, 0x0A, 0x00, 0x00, 0x00, 0x0A, 0x00, 0x00, 0x00, 0x07, 0x00, 0x00, 0x00, 0x00,
  0x00, 0x00, 0x00, 0x00, 0x00, 0x00, 0x00, 0x41, 0x00, 0x00, 0x00, 0x07, 0x00, 0x00, 0x00, 0x08,
  0x00, 0x00, 0x00, 0x08, 0x00, 0x00, 0x00, 0x07, 0x00, 0x00, 0x00, 0x00, 0x00, 0x00, 0x00, 0x00,
  0x00, 0x00, 0x00, 0x42, 0x00, 0x00, 0x00, 0x07, 0x00, 0x00, 0x00, 0x07, 0x00, 0x00, 0x00, 0x08,
  0x00, 0x00, 0x00, 0x07, 0x00, 0x00, 0x00, 0x00, 0x00, 0x00, 0x00, 0x00, 0x00, 0x00, 0x00, 0x43,
  0x00, 0x00, 0x00, 0x07, 0x00, 0x00, 0x00, 0x07, 0x00, 0x00, 0x00, 0x07, 0x00, 0x00, 0x00, 0x07,
  0x00, 0x00, 0x00, 0x00, 0x00, 0x00, 0x00, 0x00, 0x00, 0x00, 0x00, 0x44, 0x00, 0x00, 0x00, 0x07,
  0x00, 0x00, 0x00, 0x08, 0x00, 0x00, 0x00, 0x08, 0x00, 0x00, 0x00, 0x07, 0x00, 0x00, 0x00, 0x00,
  0x00, 0x00, 0x00, 0x00, 0x00, 0x00, 0x00, 0x45, 0x00, 0x00, 0x00, 0x07, 0x00, 0x00, 0x00, 0x07,
  0x00, 0x00, 0x00, 0x07, 0x00, 0x00, 0x00, 0x07, 0x00, 0x00, 0x00, 0x00, 0x00, 0x00, 0x00, 0x00,
  0x00, 0x00, 0x00, 0x46, 0x00, 0x00, 0x00, 0x07, 0x00, 0x00, 0x00, 0x06, 0x00, 0x00, 0x00, 0x07,
  0x00, 0x00, 0x00, 0x07, 0x00, 0x00, 0x00, 0x00, 0x00, 0x00, 0x00, 0x00, 0x00, 0x00, 0x00, 0x47,
  0x00, 0x00, 0x00, 0x07, 0x00, 0x00, 0x00, 0x08, 0x00, 0x00, 0x00, 0x08, 0x00, 0x00, 0x00, 0x07,
  0x00, 0x00, 0x00, 0x00, 0x00, 0x00, 0x00, 0x00, 0x00, 0x00, 0x00, 0x48, 0x00, 0x00, 0x00, 0x07,
  0x00, 0x00, 0x00, 0x08, 0x00, 0x00, 0x00, 0x08, 0x00, 0x00, 0x00, 0x07, 0x00, 0x00, 0x00, 0x00,
  0x00, 0x00, 0x00, 0x00, 0x00, 0x00, 0x00, 0x49, 0x00, 0x00, 0x00, 0x07, 0x00, 0x00, 0x00, 0x03,
  0x00, 0x00, 0x00, 0x04, 0x00, 0x00, 0x00, 0x07, 0x00, 0x00, 0x00, 0x00, 0x00, 0x00, 0x00, 0x00,
  0x00, 0x00, 0x00, 0x4A, 0x00, 0x00, 0x00, 0x09, 0x00, 0x00, 0x00, 0x04, 0x00, 0x00, 0x00, 0x04,
  0x00, 0x00, 0x00, 0x07, 0xFF, 0xFF, 0xFF, 0xFF, 0x00, 0x00, 0x00, 0x00, 0x00, 0x00, 0x00, 0x4B,
  0x00, 0x00, 0x00, 0x07, 0x00, 0x00, 0x00, 0x08, 0x00, 0x00, 0x00, 0x08, 0x00, 0x00, 0x00, 0x07,
  0x00, 0x00, 0x00, 0x00, 0x00, 0x00, 0x00, 0x00, 0x00, 0x00, 0x00, 0x4C, 0x00, 0x00, 0x00, 0x07,
  0x00, 0x00, 0x00, 0x07, 0x00, 0x00, 0x00, 0x06, 0x00, 0x00, 0x00, 0x07, 0x00, 0x00, 0x00, 0x00,
  0x00, 0x00, 0x00, 0x00, 0x00, 0x00, 0x00, 0x4D, 0x00, 0x00, 0x00, 0x07, 0x00, 0x00, 0x00, 0x0A,
  0x00, 0x00, 0x00, 0x0A, 0x00, 0x00, 0x00, 0x07, 0x00, 0x00, 0x00, 0x00, 0x00, 0x00, 0x00, 0x00,
  0x00, 0x00, 0x00, 0x4E, 0x00, 0x00, 0x00, 0x07, 0x00, 0x00, 0x00, 0x08, 0x00, 0x00, 0x00, 0x08,
  0x00, 0x00, 0x00, 0x07, 0x00, 0x00, 0x00, 0x00, 0x00, 0x00, 0x00, 0x00, 0x00, 0x00, 0x00, 0x4F,
  0x00, 0x00, 0x00, 0x07, 0x00, 0x00, 0x00, 0x08, 0x00, 0x00, 0x00, 0x08, 0x00, 0x00, 0x00, 0x07,
  0x00, 0x00, 0x00, 0x00, 0x00, 0x00, 0x00, 0x00, 0x00, 0x00, 0x00, 0x50, 0x00, 0x00, 0x00, 0x07,
  0x00, 0x00, 0x00, 0x07, 0x00, 0x00, 0x00, 0x07, 0x00, 0x00, 0x00, 0x07, 0x00, 0x00, 0x00, 0x00,
  0x00, 0x00, 0x00, 0x00, 0x00, 0x00, 0x00, 0x51, 0x00, 0x00, 0x00, 0x08, 0x00, 0x00, 0x00, 0x08,
  0x00, 0x00, 0x00, 0x08, 0x00, 0x00, 0x00, 0x07, 0x00, 0x00, 0x00, 0x00, 0x00, 0x00, 0x00, 0x00,
  0x00, 0x00, 0x00, 0x52, 0x00, 0x00, 0x00, 0x07, 0x00, 0x00, 0x00, 0x08, 0x00, 0x00, 0x00, 0x08,
  0x00, 0x00, 0x00, 0x07, 0x00, 0x00, 0x00, 0x00, 0x00, 0x00, 0x00, 0x00, 0x00, 0x00, 0x00, 0x53,
  0x00, 0x00, 0x00, 0x07, 0x00, 0x00, 0x00, 0x07, 0x00, 0x00, 0x00, 0x07, 0x00, 0x00, 0x00, 0x07,
  0x00, 0x00, 0x00, 0x00, 0x00, 0x00, 0x00, 0x00, 0x00, 0x00, 0x00, 0x54, 0x00, 0x00, 0x00, 0x07,
  0x00, 0x00, 0x00, 0x07, 0x00, 0x00, 0x00, 0x07, 0x00, 0x00, 0x00, 0x07, 0x00, 0x00, 0x00, 0x00,
  0x00, 0x00, 0x00, 0x00, 0x00, 0x00, 0x00, 0x55, 0x00, 0x00, 0x00, 0x07, 0x00, 0x00, 0x00, 0x08,
  0x00, 0x00, 0x00, 0x08, 0x00, 0x00, 0x00, 0x07, 0x00, 0x00, 0x00, 0x00, 0x00, 0x00, 0x00, 0x00,
  0x00, 0x00, 0x00, 0x56, 0x00, 0x00, 0x00, 0x07, 0x00, 0x00, 0x00, 0x08, 0x00, 0x00, 0x00, 0x08,
  0x00, 0x00, 0x00, 0x07, 0x00, 0x00, 0x00, 0x00, 0x00, 0x00, 0x00, 0x00, 0x00, 0x00, 0x00, 0x57,
  0x00, 0x00, 0x00, 0x07, 0x00, 0x00, 0x00, 0x0B, 0x00, 0x00, 0x00, 0x0B, 0x00, 0x00, 0x00, 0x07,
  0x00, 0x00, 0x00, 0x00, 0x00, 0x00, 0x00, 0x00, 0x00, 0x00, 0x00, 0x58, 0x00, 0x00, 0x00, 0x07,
  0x00, 0x00, 0x00, 0x08, 0x00, 0x00, 0x00, 0x08, 0x00, 0x00, 0x00, 0x07, 0x00, 0x00, 0x00, 0x00,
  0x00, 0x00, 0x00, 0x00, 0x00, 0x00, 0x00, 0x59, 0x00, 0x00, 0x00, 0x07, 0x00, 0x00, 0x00, 0x09,
  0x00, 0x00, 0x00, 0x07, 0x00, 0x00, 0x00, 0x07, 0xFF, 0xFF, 0xFF, 0xFF, 0x00, 0x00, 0x00, 0x00,
  0x00, 0x00, 0x00, 0x5A, 0x00, 0x00, 0x00, 0x07, 0x00, 0x00, 0x00, 0x07, 0x00, 0x00, 0x00, 0x07,
  0x00, 0x00, 0x00, 0x07, 0x00, 0x00, 0x00, 0x00, 0x00, 0x00, 0x00, 0x00, 0x00, 0x00, 0x00, 0x5B,
  0x00, 0x00, 0x00, 0x09, 0x00, 0x00, 0x00, 0x04, 0x00, 0x00, 0x00, 0x05, 0x00, 0x00, 0x00, 0x08,
  0x00, 0x00, 0x00, 0x00, 0x00, 0x00, 0x00, 0x00, 0x00, 0x00, 0x00, 0x5C, 0x00, 0x00, 0x00, 0x08,
  0x00, 0x00, 0x00, 0x04, 0x00, 0x00, 0x00, 0x04, 0x00, 0x00, 0x00, 0x07, 0x00, 0x00, 0x00, 0x00,
  0x00, 0x00, 0x00, 0x00, 0x00, 0x00, 0x00, 0x5D, 0x00, 0x00, 0x00, 0x09, 0x00, 0x00, 0x00, 0x04,
  0x00, 0x00, 0x00, 0x05, 0x00, 0x00, 0x00, 0x08, 0x00, 0x00, 0x00, 0x00, 0x00, 0x00, 0x00, 0x00,
  0x00, 0x00, 0x00, 0x5E, 0x00, 0x00, 0x00, 0x03, 0x00, 0x00, 0x00, 0x07, 0x00, 0x00, 0x00, 0x08,
  0x00, 0x00, 0x00, 0x07, 0x00, 0x00, 0x00, 0x01, 0x00, 0x00, 0x00, 0x00, 0x00, 0x00, 0x00, 0x5F,
  0x00, 0x00, 0x00, 0x01, 0x00, 0x00, 0x00, 0x05, 0x00, 0x00, 0x00, 0x05, 0xFF, 0xFF, 0xFF, 0xFF,
  0x00, 0x00, 0x00, 0x00, 0x00, 0x00, 0x00, 0x00, 0x00, 0x00, 0x00, 0x60, 0x00, 0x00, 0x00, 0x02,
  0x00, 0x00, 0x00, 0x04, 0x00, 0x00, 0x00, 0x05, 0x00, 0x00, 0x00, 0x08, 0x00, 0x00, 0x00, 0x00,
  0x00, 0x00, 0x00, 0x00, 0x00, 0x00, 0x00, 0x61, 0x00, 0x00, 0x00, 0x05, 0x00, 0x00, 0x00, 0x06,
  0x00, 0x00, 0x00, 0x07, 0x00, 0x00, 0x00, 0x05, 0x00, 0x00, 0x00, 0x00, 0x00, 0x00, 0x00, 0x00,
  0x00, 0x00, 0x00, 0x62, 0x00, 0x00, 0x00, 0x08, 0x00, 0x00, 0x00, 0x07, 0x00, 0x00, 0x00, 0x07,
  0x00, 0x00, 0x00, 0x08, 0x00, 0x00, 0x00, 0x00, 0x00, 0x00, 0x00, 0x00, 0x00, 0x00, 0x00, 0x63,
  0x00, 0x00, 0x00, 0x05, 0x00, 0x00, 0x00, 0x06, 0x00, 0x00, 0x00, 0x06, 0x00, 0x00, 0x00, 0x05,
  0x00, 0x00, 0x00, 0x00, 0x00, 0x00, 0x00, 0x00, 0x00, 0x00, 0x00, 0x64, 0x00, 0x00, 0x00, 0x08,
  0x00, 0x00, 0x00, 0x07, 0x00, 0x00, 0x00, 0x07, 0x00, 0x00, 0x00, 0x08, 0x00, 0x00, 0x00, 0x00,
  0x00, 0x00, 0x00, 0x00, 0x00, 0x00, 0x00, 0x65, 0x00, 0x00, 0x00, 0x05, 0x00, 0x00, 0x00, 0x07,
  0x00, 0x00, 0x00, 0x07, 0x00, 0x00, 0x00, 0x05, 0x00, 0x00, 0x00, 0x00, 0x00, 0x00, 0x00, 0x00,
  0x00, 0x00, 0x00, 0x66, 0x00, 0x00, 0x00, 0x08, 0x00, 0x00, 0x00, 0x05, 0x00, 0x00, 0x00, 0x04,
  0x00, 0x00, 0x00, 0x08, 0x00, 0x00, 0x00, 0x00, 0x00, 0x00, 0x00, 0x00, 0x00, 0x00, 0x00, 0x67,
  0x00, 0x00, 0x00, 0x07, 0x00, 0x00, 0x00, 0x07, 0x00, 0x00, 0x00, 0x07, 0x00, 0x00, 0x00, 0x05,
  0x00, 0x00, 0x00, 0x00, 0x00, 0x00, 0x00, 0x00, 0x00, 0x00, 0x00, 0x68, 0x00, 0x00, 0x00, 0x08,
  0x00, 0x00, 0x00, 0x07, 0x00, 0x00, 0x00, 0x07, 0x00, 0x00, 0x00, 0x08, 0x00, 0x00, 0x00, 0x00,
  0x00, 0x00, 0x00, 0x00, 0x00, 0x00, 0x00, 0x69, 0x00, 0x00, 0x00, 0x08, 0x00, 0x00, 0x00, 0x03,
  0x00, 0x00, 0x00, 0x03, 0x00, 0x00, 0x00, 0x08, 0x00, 0x00, 0x00, 0x00, 0x00, 0x00, 0x00, 0x00,
  0x00, 0x00, 0x00, 0x6A, 0x00, 0x00, 0x00, 0x0A, 0x00, 0x00, 0x00, 0x04, 0x00, 0x00, 0x00, 0x03,
  0x00, 0x00, 0x00, 0x08, 0xFF, 0xFF, 0xFF, 0xFF, 0x00, 0x00, 0x00, 0x00, 0x00, 0x00, 0x00, 0x6B,
  0x00, 0x00, 0x00, 0x08, 0x00, 0x00, 0x00, 0x07, 0x00, 0x00, 0x00, 0x07, 0x00, 0x00, 0x00, 0x08,
  0x00, 0x00, 0x00, 0x00, 0x00, 0x00, 0x00, 0x00, 0x00, 0x00, 0x00, 0x6C, 0x00, 0x00, 0x00, 0x08,
  0x00, 0x00, 0x00, 0x03, 0x00, 0x00, 0x00, 0x03, 0x00, 0x00, 0x00, 0x08, 0x00, 0x00, 0x00, 0x00,
  0x00, 0x00, 0x00, 0x00, 0x00, 0x00, 0x00, 0x6D, 0x00, 0x00, 0x00, 0x05, 0x00, 0x00, 0x00, 0x0A,
  0x00, 0x00, 0x00, 0x0A, 0x00, 0x00, 0x00, 0x05, 0x00, 0x00, 0x00, 0x00, 0x00, 0x00, 0x00, 0x00,
  0x00, 0x00, 0x00, 0x6E, 0x00, 0x00, 0x00, 0x05, 0x00, 0x00, 0x00, 0x07, 0x00, 0x00, 0x00, 0x07,
  0x00, 0x00, 0x00, 0x05, 0x00, 0x00, 0x00, 0x00, 0x00, 0x00, 0x00, 0x00, 0x00, 0x00, 0x00, 0x6F,
  0x00, 0x00, 0x00, 0x05, 0x00, 0x00, 0x00, 0x07, 0x00, 0x00, 0x00, 0x07, 0x00, 0x00, 0x00, 0x05,
  0x00, 0x00, 0x00, 0x00, 0x00, 0x00, 0x00, 0x00, 0x00, 0x00, 0x00, 0x70, 0x00, 0x00, 0x00, 0x07,
  0x00, 0x00, 0x00, 0x07, 0x00, 0x00, 0x00, 0x07, 0x00, 0x00, 0x00, 0x05, 0x00, 0x00, 0x00, 0x00,
  0x00, 0x00, 0x00, 0x00, 0x00, 0x00, 0x00, 0x71, 0x00, 0x00, 0x00, 0x07, 0x00, 0x00, 0x00, 0x07,
  0x00, 0x00, 0x00, 0x07, 0x00, 0x00, 0x00, 0x05, 0x00, 0x00, 0x00, 0x00, 0x00, 0x00, 0x00, 0x00,
  0x00, 0x00, 0x00, 0x72, 0x00, 0x00, 0x00, 0x05, 0x00, 0x00, 0x00, 0x05, 0x00, 0x00, 0x00, 0x05,
  0x00, 0x00, 0x00, 0x05, 0x00, 0x00, 0x00, 0x00, 0x00, 0x00, 0x00, 0x00, 0x00, 0x00, 0x00, 0x73,
  0x00, 0x00, 0x00, 0x05, 0x00, 0x00, 0x00, 0x06, 0x00, 0x00, 0x00, 0x06, 0x00, 0x00, 0x00, 0x05,
  0x00, 0x00, 0x00, 0x00, 0x00, 0x00, 0x00, 0x00, 0x00, 0x00, 0x00, 0x74, 0x00, 0x00, 0x00, 0x07,
  0x00, 0x00, 0x00, 0x05, 0x00, 0x00, 0x00, 0x05, 0x00, 0x00, 0x00, 0x07, 0x00, 0x00, 0x00, 0x00,
  0x00, 0x00, 0x00, 0x00, 0x00, 0x00, 0x00, 0x75, 0x00, 0x00, 0x00, 0x05, 0x00, 0x00, 0x00, 0x07,
  0x00, 0x00, 0x00, 0x07, 0x00, 0x00, 0x00, 0x05, 0x00, 0x00, 0x00, 0x00, 0x00, 0x00, 0x00, 0x00,
  0x00, 0x00, 0x00, 0x76, 0x00, 0x00, 0x00, 0x05, 0x00, 0x00, 0x00, 0x07, 0x00, 0x00, 0x00, 0x07,
  0x00, 0x00, 0x00, 0x05, 0x00, 0x00, 0x00, 0x00, 0x00, 0x00, 0x00, 0x00, 0x00, 0x00, 0x00, 0x77,
  0x00, 0x00, 0x00, 0x05, 0x00, 0x00, 0x00, 0x09, 0x00, 0x00, 0x00, 0x09, 0x00, 0x00, 0x00, 0x05,
  0x00, 0x00, 0x00, 0x00, 0x00, 0x00, 0x00, 0x00, 0x00, 0x00, 0x00, 0x78, 0x00, 0x00, 0x00, 0x05,
  0x00, 0x00, 0x00, 0x07, 0x00, 0x00, 0x00, 0x06, 0x00, 0x00, 0x00, 0x05, 0x00, 0x00, 0x00, 0x00,
  0x00, 0x00, 0x00, 0x00, 0x00, 0x00, 0x00, 0x79, 0x00, 0x00, 0x00, 0x07, 0x00, 0x00, 0x00, 0x07,
  0x00, 0x00, 0x00, 0x07, 0x00, 0x00, 0x00, 0x05, 0x00, 0x00, 0x00, 0x00, 0x00, 0x00, 0x00, 0x00,
  0x00, 0x00, 0x00, 0x7A, 0x00, 0x00, 0x00, 0x05, 0x00, 0x00, 0x00, 0x06, 0x00, 0x00, 0x00, 0x06,
  0x00, 0x00, 0x00, 0x05, 0x00, 0x00, 0x00, 0x00, 0x00, 0x00, 0x00, 0x00, 0x00, 0x00, 0x00, 0x7B,
  0x00, 0x00, 0x00, 0x09, 0x00, 0x00, 0x00, 0x05, 0x00, 0x00, 0x00, 0x07, 0x00, 0x00, 0x00, 0x08,
  0x00, 0x00, 0x00, 0x01, 0x00, 0x00, 0x00, 0x00, 0x00, 0x00, 0x00, 0x7C, 0x00, 0x00, 0x00, 0x0A,
  0x00, 0x00, 0x00, 0x02, 0x00, 0x00, 0x00, 0x04, 0x00, 0x00, 0x00, 0x08, 0x00, 0x00, 0x00, 0x01,
  0x00, 0x00, 0x00, 0x00, 0x00, 0x00, 0x00, 0x7D, 0x00, 0x00, 0x00, 0x09, 0x00, 0x00, 0x00, 0x05,
  0x00, 0x00, 0x00, 0x07, 0x00, 0x00, 0x00, 0x08, 0x00, 0x00, 0x00, 0x01, 0x00, 0x00, 0x00, 0x00,
  0x00, 0x00, 0x00, 0x7E, 0x00, 0x00, 0x00, 0x03, 0x00, 0x00, 0x00, 0x07, 0x00, 0x00, 0x00, 0x08,
  0x00, 0x00, 0x00, 0x05, 0x00, 0x00, 0x00, 0x01, 0x00, 0x00, 0x00, 0x00, 0x00, 0x00, 0x00, 0xA0,
  0x00, 0x00, 0x00, 0x00, 0x00, 0x00, 0x00, 0x00, 0x00, 0x00, 0x00, 0x03, 0x00, 0x00, 0x00, 0x00,
  0x00, 0x00, 0x00, 0x00, 0x00, 0x00, 0x00, 0x00, 0x00, 0x00, 0x00, 0xA1, 0x00, 0x00, 0x00, 0x07,
  0x00, 0x00, 0x00, 0x03, 0x00, 0x00, 0x00, 0x05, 0x00, 0x00, 0x00, 0x05, 0x00, 0x00, 0x00, 0x01,
  0x00, 0x00, 0x00, 0x00, 0x00, 0x00, 0x00, 0xA2, 0x00, 0x00, 0x00, 0x08, 0x00, 0x00, 0x00, 0x06,
  0x00, 0x00, 0x00, 0x07, 0x00, 0x00, 0x00, 0x06, 0x00, 0x00, 0x00, 0x00, 0x00, 0x00, 0x00, 0x00,
  0x00, 0x00, 0x00, 0xA3, 0x00, 0x00, 0x00, 0x07, 0x00, 0x00, 0x00, 0x07, 0x00, 0x00, 0x00, 0x07,
  0x00, 0x00, 0x00, 0x07, 0x00, 0x00, 0x00, 0x00, 0x00, 0x00, 0x00, 0x00, 0x00, 0x00, 0x00, 0xA4,
  0x00, 0x00, 0x00, 0x06, 0x00, 0x00, 0x00, 0x06, 0x00, 0x00, 0x00, 0x06, 0x00, 0x00, 0x00, 0x06,
  0x00, 0x00, 0x00, 0x00, 0x00, 0x00, 0x00, 0x00, 0x00, 0x00, 0x00, 0xA5, 0x00, 0x00, 0x00, 0x07,
  0x00, 0x00, 0x00, 0x07, 0x00, 0x00, 0x00, 0x07, 0x00, 0x00, 0x00, 0x07, 0x00, 0x00, 0x00, 0x00,
  0x00, 0x00, 0x00, 0x00, 0x00, 0x00, 0x00, 0xA6, 0x00, 0x00, 0x00, 0x09, 0x00, 0x00, 0x00, 0x02,
  0x00, 0x00, 0x00, 0x04, 0x00, 0x00, 0x00, 0x07, 0x00, 0x00, 0x00, 0x01, 0x00, 0x00, 0x00, 0x00,
  0x00, 0x00, 0x00, 0xA7, 0x00, 0x00, 0x00, 0x08, 0x00, 0x00, 0x00, 0x05, 0x00, 0x00, 0x00, 0x05,
  0x00, 0x00, 0x00, 0x07, 0x00, 0x00, 0x00, 0x00, 0x00, 0x00, 0x00, 0x00, 0x00, 0x00, 0x00, 0xA8,
  0x00, 0x00, 0x00, 0x01, 0x00, 0x00, 0x00, 0x05, 0x00, 0x00, 0x00, 0x05, 0x00, 0x00, 0x00, 0x08,
  0x00, 0x00, 0x00, 0x00, 0x00, 0x00, 0x00, 0x00, 0x00, 0x00, 0x00, 0xA9, 0x00, 0x00, 0x00, 0x08,
  0x00, 0x00, 0x00, 0x08, 0x00, 0x00, 0x00, 0x0A, 0x00, 0x00, 0x00, 0x08, 0x00, 0x00, 0x00, 0x01,
  0x00, 0x00, 0x00, 0x00, 0x00, 0x00, 0x00, 0xAA, 0x00, 0x00, 0x00, 0x06, 0x00, 0x00, 0x00, 0x05,
  0x00, 0x00, 0x00, 0x06, 0x00, 0x00, 0x00, 0x07, 0x00, 0x00, 0x00, 0x00, 0x00, 0x00, 0x00, 0x00,
  0x00, 0x00, 0x00, 0xAB, 0x00, 0x00, 0x00, 0x05, 0x00, 0x00, 0x00, 0x06, 0x00, 0x00, 0x00, 0x06,
  0x00, 0x00, 0x00, 0x05, 0x00, 0x00, 0x00, 0x00, 0x00, 0x00, 0x00, 0x00, 0x00, 0x00, 0x00, 0xAC,
  0x00, 0x00, 0x00, 0x03, 0x00, 0x00, 0x00, 0x07, 0x00, 0x00, 0x00, 0x08, 0x00, 0x00, 0x00, 0x04,
  0x00, 0x00, 0x00, 0x01, 0x00, 0x00, 0x00, 0x00, 0x00, 0x00, 0x00, 0xAD, 0x00, 0x00, 0x00, 0x00,
  0x00, 0x00, 0x00, 0x00, 0x00, 0x00, 0x00, 0x03, 0x00, 0x00, 0x00, 0x00, 0x00, 0x00, 0x00, 0x00,
  0x00, 0x00, 0x00, 0x00, 0x00, 0x00, 0x00, 0xAE, 0x00, 0x00, 0x00, 0x08, 0x00, 0x00, 0x00, 0x08,
  0x00, 0x00, 0x00, 0x0A, 0x00, 0x00, 0x00, 0x08, 0x00, 0x00, 0x00, 0x01, 0x00, 0x00, 0x00, 0x00,
  0x00, 0x00, 0x00, 0xAF, 0x00, 0x00, 0x00, 0x01, 0x00, 0x00, 0x00, 0x05, 0x00, 0x00, 0x00, 0x05,
  0x00, 0x00, 0x00, 0x08, 0x00, 0x00, 0x00, 0x00, 0x00, 0x00, 0x00, 0x00, 0x00, 0x00, 0x00, 0xB0,
  0x00, 0x00, 0x00, 0x03, 0x00, 0x00, 0x00, 0x05, 0x00, 0x00, 0x00, 0x05, 0x00, 0x00, 0x00, 0x07,
  0x00, 0x00, 0x00, 0x00, 0x00, 0x00, 0x00, 0x00, 0x00, 0x00, 0x00, 0xB1, 0x00, 0x00, 0x00, 0x07,
  0x00, 0x00, 0x00, 0x07, 0x00, 0x00, 0x00, 0x08, 0x00, 0x00, 0x00, 0x07, 0x00, 0x00, 0x00, 0x01,
  0x00, 0x00, 0x00, 0x00, 0x00, 0x00, 0x00, 0xB2, 0x00, 0x00, 0x00, 0x04, 0x00, 0x00, 0x00, 0x04,
  0x00, 0x00, 0x00, 0x04, 0x00, 0x00, 0x00, 0x07, 0x00, 0x00, 0x00, 0x00, 0x00, 0x00, 0x00, 0x00,
  0x00, 0x00, 0x00, 0xB3, 0x00, 0x00, 0x00, 0x04, 0x00, 0x00, 0x00, 0x04, 0x00, 0x00, 0x00, 0x04,
  0x00, 0x00, 0x00, 0x07, 0x00, 0x00, 0x00, 0x00, 0x00, 0x00, 0x00, 0x00, 0x00, 0x00, 0x00, 0xB4,
  0x00, 0x00, 0x00, 0x02, 0x00, 0x00, 0x00, 0x04, 0x00, 0x00, 0x00, 0x05, 0x00, 0x00, 0x00, 0x08,
  0x00, 0x00, 0x00, 0x01, 0x00, 0x00, 0x00, 0x00, 0x00, 0x00, 0x00, 0xB5, 0x00, 0x00, 0x00, 0x07,
  0x00, 0x00, 0x00, 0x08, 0x00, 0x00, 0x00, 0x07, 0x00, 0x00, 0x00, 0x05, 0x00, 0x00, 0x00, 0x00,
  0x00, 0x00, 0x00, 0x00, 0x00, 0x00, 0x00, 0xB6, 0x00, 0x00, 0x00, 0x08, 0x00, 0x00, 0x00, 0x06,
  0x00, 0x00, 0x00, 0x06, 0x00, 0x00, 0x00, 0x07, 0x00, 0x00, 0x00, 0x00, 0x00, 0x00, 0x00, 0x00,
  0x00, 0x00, 0x00, 0xB7, 0x00, 0x00, 0x00, 0x02, 0x00, 0x00, 0x00, 0x02, 0x00, 0x00, 0x00, 0x04,
  0x00, 0x00, 0x00, 0x04, 0x00, 0x00, 0x00, 0x01, 0x00, 0x00, 0x00, 0x00, 0x00, 0x00, 0x00, 0xB8,
  0x00, 0x00, 0x00, 0x02, 0x00, 0x00, 0x00, 0x03, 0x00, 0x00, 0x00, 0x05, 0x00, 0x00, 0x00, 0x00,
  0x00, 0x00, 0x00, 0x01, 0x00, 0x00, 0x00, 0x00, 0x00, 0x00, 0x00, 0xB9, 0x00, 0x00, 0x00, 0x04,
  0x00, 0x00, 0x00, 0x04, 0x00, 0x00, 0x00, 0x04, 0x00, 0x00, 0x00, 0x07, 0x00, 0x00, 0x00, 0x00,
  0x00, 0x00, 0x00, 0x00, 0x00, 0x00, 0x00, 0xBA, 0x00, 0x00, 0x00, 0x06, 0x00, 0x00, 0x00, 0x06,
  0x00, 0x00, 0x00, 0x06, 0x00, 0x00, 0x00, 0x07, 0x00, 0x00, 0x00, 0x00, 0x00, 0x00, 0x00, 0x00,
  0x00, 0x00, 0x00, 0xBB, 0x00, 0x00, 0x00, 0x05, 0x00, 0x00, 0x00, 0x06, 0x00, 0x00, 0x00, 0x06,
  0x00, 0x00, 0x00, 0x05, 0x00, 0x00, 0x00, 0x00, 0x00, 0x00, 0x00, 0x00, 0x00, 0x00, 0x00, 0xBC,
  0x00, 0x00, 0x00, 0x07, 0x00, 0x00, 0x00, 0x0A, 0x00, 0x00, 0x00, 0x0A, 0x00, 0x00, 0x00, 0x07,
  0x00, 0x00, 0x00, 0x00, 0x00, 0x00, 0x00, 0x00, 0x00, 0x00, 0x00, 0xBD, 0x00, 0x00, 0x00, 0x07,
  0x00, 0x00, 0x00, 0x0A, 0x00, 0x00, 0x00, 0x0A, 0x00, 0x00, 0x00, 0x07, 0x00, 0x00, 0x00, 0x00,
  0x00, 0x00, 0x00, 0x00, 0x00, 0x00, 0x00, 0xBE, 0x00, 0x00, 0x00, 0x07, 0x00, 0x00, 0x00, 0x0A,
  0x00, 0x00, 0x00, 0x0A, 0x00, 0x00, 0x00, 0x07, 0x00, 0x00, 0x00, 0x00, 0x00, 0x00, 0x00, 0x00,
  0x00, 0x00, 0x00, 0xBF, 0x00, 0x00, 0x00, 0x07, 0x00, 0x00, 0x00, 0x06, 0x00, 0x00, 0x00, 0x06,
  0x00, 0x00, 0x00, 0x05, 0x00, 0x00, 0x00, 0x00, 0x00, 0x00, 0x00, 0x00, 0x00, 0x00, 0x00, 0xC0,
  0x00, 0x00, 0x00, 0x09, 0x00, 0x00, 0x00, 0x08, 0x00, 0x00, 0x00, 0x08, 0x00, 0x00, 0x00, 0x09,
  0x00, 0x00, 0x00, 0x00, 0x00, 0x00, 0x00, 0x00, 0x00, 0x00, 0x00, 0xC1, 0x00, 0x00, 0x00, 0x09,
  0x00, 0x00, 0x00, 0x08, 0x00, 0x00, 0x00, 0x08, 0x00, 0x00, 0x00, 0x09, 0x00, 0x00, 0x00, 0x00,
  0x00, 0x00, 0x00, 0x00, 0x00, 0x00, 0x00, 0xC2, 0x00, 0x00, 0x00, 0x09, 0x00, 0x00, 0x00, 0x08,
  0x00, 0x00, 0x00, 0x08, 0x00, 0x00, 0x00, 0x09, 0x00, 0x00, 0x00, 0x00, 0x00, 0x00, 0x00, 0x00,
  0x00, 0x00, 0x00, 0xC3, 0x00, 0x00, 0x00, 0x0A, 0x00, 0x00, 0x00, 0x08, 0x00, 0x00, 0x00, 0x08,
  0x00, 0x00, 0x00, 0x0A, 0x00, 0x00, 0x00, 0x00, 0x00, 0x00, 0x00, 0x00, 0x00, 0x00, 0x00, 0xC4,
  0x00, 0x00, 0x00, 0x09, 0x00, 0x00, 0x00, 0x08, 0x00, 0x00, 0x00, 0x08, 0x00, 0x00, 0x00, 0x09,
  0x00, 0x00, 0x00, 0x00, 0x00, 0x00, 0x00, 0x00, 0x00, 0x00, 0x00, 0xC5, 0x00, 0x00, 0x00, 0x09,
  0x00, 0x00, 0x00, 0x08, 0x00, 0x00, 0x00, 0x08, 0x00, 0x00, 0x00, 0x09, 0x00, 0x00, 0x00, 0x00,
  0x00, 0x00, 0x00, 0x00, 0x00, 0x00, 0x00, 0xC6, 0x00, 0x00, 0x00, 0x07, 0x00, 0x00, 0x00, 0x0B,
  0x00, 0x00, 0x00, 0x0B, 0x00, 0x00, 0x00, 0x07, 0x00, 0x00, 0x00, 0x00, 0x00, 0x00, 0x00, 0x00,
  0x00, 0x00, 0x00, 0xC7, 0x00, 0x00, 0x00, 0x09, 0x00, 0x00, 0x00, 0x07, 0x00, 0x00, 0x00, 0x07,
  0x00, 0x00, 0x00, 0x07, 0x00, 0x00, 0x00, 0x00, 0x00, 0x00, 0x00, 0x00, 0x00, 0x00, 0x00, 0xC8,
  0x00, 0x00, 0x00, 0x09, 0x00, 0x00, 0x00, 0x07, 0x00, 0x00, 0x00, 0x07, 0x00, 0x00, 0x00, 0x09,
  0x00, 0x00, 0x00, 0x00, 0x00, 0x00, 0x00, 0x00, 0x00, 0x00, 0x00, 0xC9, 0x00, 0x00, 0x00, 0x09,
  0x00, 0x00, 0x00, 0x07, 0x00, 0x00, 0x00, 0x07, 0x00, 0x00, 0x00, 0x09, 0x00, 0x00, 0x00, 0x00,
  0x00, 0x00, 0x00, 0x00, 0x00, 0x00, 0x00, 0xCA, 0x00, 0x00, 0x00, 0x09, 0x00, 0x00, 0x00, 0x07,
  0x00, 0x00, 0x00, 0x07, 0x00, 0x00, 0x00, 0x09, 0x00, 0x00, 0x00, 0x00, 0x00, 0x00, 0x00, 0x00,
  0x00, 0x00, 0x00, 0xCB, 0x00, 0x00, 0x00, 0x09, 0x00, 0x00, 0x00, 0x07, 0x00, 0x00, 0x00, 0x07,
  0x00, 0x00, 0x00, 0x09, 0x00, 0x00, 0x00, 0x00, 0x00, 0x00, 0x00, 0x00, 0x00, 0x00, 0x00, 0xCC,
  0x00, 0x00, 0x00, 0x09, 0x00, 0x00, 0x00, 0x03, 0x00, 0x00, 0x00, 0x04, 0x00, 0x00, 0x00, 0x09,
  0x00, 0x00, 0x00, 0x00, 0x00, 0x00, 0x00, 0x00, 0x00, 0x00, 0x00, 0xCD, 0x00, 0x00, 0x00, 0x09,
  0x00, 0x00, 0x00, 0x04, 0x00, 0x00, 0x00, 0x04, 0x00, 0x00, 0x00, 0x09, 0x00, 0x00, 0x00, 0x00,
  0x00, 0x00, 0x00, 0x00, 0x00, 0x00, 0x00, 0xCE, 0x00, 0x00, 0x00, 0x09, 0x00, 0x00, 0x00, 0x04,
  0x00, 0x00, 0x00, 0x04, 0x00, 0x00, 0x00, 0x09, 0x00, 0x00, 0x00, 0x00, 0x00, 0x00, 0x00, 0x00,
  0x00, 0x00, 0x00, 0xCF, 0x00, 0x00, 0x00, 0x09, 0x00, 0x00, 0x00, 0x04, 0x00, 0x00, 0x00, 0x04,
  0x00, 0x00, 0x00, 0x09, 0x00, 0x00, 0x00, 0x00, 0x00, 0x00, 0x00, 0x00, 0x00, 0x00, 0x00, 0xD0,
  0x00, 0x00, 0x00, 0x07, 0x00, 0x00, 0x00, 0x08, 0x00, 0x00, 0x00, 0x08, 0x00, 0x00, 0x00, 0x07,
  0x00, 0x00, 0x00, 0x00, 0x00, 0x00, 0x00, 0x00, 0x00, 0x00, 0x00, 0xD1, 0x00, 0x00, 0x00, 0x0A,
  0x00, 0x00, 0x00, 0x08, 0x00, 0x00, 0x00, 0x08, 0x00, 0x00, 0x00, 0x0A, 0x00, 0x00, 0x00, 0x00,
  0x00, 0x00, 0x00, 0x00, 0x00, 0x00, 0x00, 0xD2, 0x00, 0x00, 0x00, 0x09, 0x00, 0x00, 0x00, 0x08,
  0x00, 0x00, 0x00, 0x08, 0x00, 0x00, 0x00, 0x09, 0x00, 0x00, 0x00, 0x00, 0x00, 0x00, 0x00, 0x00,
  0x00, 0x00, 0x00, 0xD3, 0x00, 0x00, 0x00, 0x09, 0x00, 0x00, 0x00, 0x08, 0x00, 0x00, 0x00, 0x08,
  0x00, 0x00, 0x00, 0x09, 0x00, 0x00, 0x00, 0x00, 0x00, 0x00, 0x00, 0x00, 0x00, 0x00, 0x00, 0xD4,
  0x00, 0x00, 0x00, 0x09, 0x00, 0x00, 0x00, 0x08, 0x00, 0x00, 0x00, 0x08, 0x00, 0x00, 0x00, 0x09,
  0x00, 0x00, 0x00, 0x00, 0x00, 0x00, 0x00, 0x00, 0x00, 0x00, 0x00, 0xD5, 0x00, 0x00, 0x00, 0x0A,
  0x00, 0x00, 0x00, 0x08, 0x00, 0x00, 0x00, 0x08, 0x00, 0x00, 0x00, 0x0A, 0x00, 0x00, 0x00, 0x00,
  0x00, 0x00, 0x00, 0x00, 0x00, 0x00, 0x00, 0xD6, 0x00, 0x00, 0x00, 0x09, 0x00, 0x00, 0x00, 0x08,
  0x00, 0x00, 0x00, 0x08, 0x00, 0x00, 0x00, 0x09, 0x00, 0x00, 0x00, 0x00, 0x00, 0x00, 0x00, 0x00,
  0x00, 0x00, 0x00, 0xD7, 0x00, 0x00, 0x00, 0x06, 0x00, 0x00, 0x00, 0x07, 0x00, 0x00, 0x00, 0x08,
  0x00, 0x00, 0x00, 0x06, 0x00, 0x00, 0x00, 0x01, 0x00, 0x00, 0x00, 0x00, 0x00, 0x00, 0x00, 0xD8,
  0x00, 0x00, 0x00, 0x09, 0x00, 0x00, 0x00, 0x09, 0x00, 0x00, 0x00, 0x08, 0x00, 0x00, 0x00, 0x08,
  0x00, 0x00, 0x00, 0x00, 0x00, 0x00, 0x00, 0x00, 0x00, 0x00, 0x00, 0xD9, 0x00, 0x00, 0x00, 0x09,
  0x00, 0x00, 0x00, 0x08, 0x00, 0x00, 0x00, 0x08, 0x00, 0x00, 0x00, 0x09, 0x00, 0x00, 0x00, 0x00,
  0x00, 0x00, 0x00, 0x00, 0x00, 0x00, 0x00, 0xDA, 0x00, 0x00, 0x00, 0x09, 0x00, 0x00, 0x00, 0x08,
  0x00, 0x00, 0x00, 0x08, 0x00, 0x00, 0x00, 0x09, 0x00, 0x00, 0x00, 0x00, 0x00, 0x00, 0x00, 0x00,
  0x00, 0x00, 0x00, 0xDB, 0x00, 0x00, 0x00, 0x09, 0x00, 0x00, 0x00, 0x08, 0x00, 0x00, 0x00, 0x08,
  0x00, 0x00, 0x00, 0x09, 0x00, 0x00, 0x00, 0x00, 0x00, 0x00, 0x00, 0x00, 0x00, 0x00, 0x00, 0xDC,
  0x00, 0x00, 0x00, 0x09, 0x00, 0x00, 0x00, 0x08, 0x00, 0x00, 0x00, 0x08, 0x00, 0x00, 0x00, 0x09,
  0x00, 0x00, 0x00, 0x00, 0x00, 0x00, 0x00, 0x00, 0x00, 0x00, 0x00, 0xDD, 0x00, 0x00, 0x00, 0x09,
  0x00, 0x00, 0x00, 0x09, 0x00, 0x00, 0x00, 0x07, 0x00, 0x00, 0x00, 0x09, 0xFF, 0xFF, 0xFF, 0xFF,
  0x00, 0x00, 0x00, 0x00, 0x00, 0x00, 0x00, 0xDE, 0x00, 0x00, 0x00, 0x07, 0x00, 0x00, 0x00, 0x07,
  0x00, 0x00, 0x00, 0x07, 0x00, 0x00, 0x00, 0x07, 0x00, 0x00, 0x00, 0x00, 0x00, 0x00, 0x00, 0x00,
  0x00, 0x00, 0x00, 0xDF, 0x00, 0x00, 0x00, 0x08, 0x00, 0x00, 0x00, 0x07, 0x00, 0x00, 0x00, 0x07,
  0x00, 0x00, 0x00, 0x08, 0x00, 0x00, 0x00, 0x00, 0x00, 0x00, 0x00, 0x00, 0x00, 0x00, 0x00, 0xE0,
  0x00, 0x00, 0x00, 0x08, 0x00, 0x00, 0x00, 0x06, 0x00, 0x00, 0x00, 0x07, 0x00, 0x00, 0x00, 0x08,
  0x00, 0x00, 0x00, 0x00, 0x00, 0x00, 0x00, 0x00, 0x00, 0x00, 0x00, 0xE1, 0x00, 0x00, 0x00, 0x08,
  0x00, 0x00, 0x00, 0x06, 0x00, 0x00, 0x00, 0x07, 0x00, 0x00, 0x00, 0x08, 0x00, 0x00, 0x00, 0x00,
  0x00, 0x00, 0x00, 0x00, 0x00, 0x00, 0x00, 0xE2, 0x00, 0x00, 0x00, 0x08, 0x00, 0x00, 0x00, 0x06,
  0x00, 0x00, 0x00, 0x07, 0x00, 0x00, 0x00, 0x08, 0x00, 0x00, 0x00, 0x00, 0x00, 0x00, 0x00, 0x00,
  0x00, 0x00, 0x00, 0xE3, 0x00, 0x00, 0x00, 0x08, 0x00, 0x00, 0x00, 0x06, 0x00, 0x00, 0x00, 0x07,
  0x00, 0x00, 0x00, 0x08, 0x00, 0x00, 0x00, 0x00, 0x00, 0x00, 0x00, 0x00, 0x00, 0x00, 0x00, 0xE4,
  0x00, 0x00, 0x00, 0x08, 0x00, 0x00, 0x00, 0x06, 0x00, 0x00, 0x00, 0x07, 0x00, 0x00, 0x00, 0x08,
  0x00, 0x00, 0x00, 0x00, 0x00, 0x00, 0x00, 0x00, 0x00, 0x00, 0x00, 0xE5, 0x00, 0x00, 0x00, 0x09,
  0x00, 0x00, 0x00, 0x06, 0x00, 0x00, 0x00, 0x07, 0x00, 0x00, 0x00, 0x09, 0x00, 0x00, 0x00, 0x00,
  0x00, 0x00, 0x00, 0x00, 0x00, 0x00, 0x00, 0xE6, 0x00, 0x00, 0x00, 0x05, 0x00, 0x00, 0x00, 0x0A,
  0x00, 0x00, 0x00, 0x0A, 0x00, 0x00, 0x00, 0x05, 0x00, 0x00, 0x00, 0x00, 0x00, 0x00, 0x00, 0x00,
  0x00, 0x00, 0x00, 0xE7, 0x00, 0x00, 0x00, 0x07, 0x00, 0x00, 0x00, 0x06, 0x00, 0x00, 0x00, 0x06,
  0x00, 0x00, 0x00, 0x05, 0x00, 0x00, 0x00, 0x00, 0x00, 0x00, 0x00, 0x00, 0x00, 0x00, 0x00, 0xE8,
  0x00, 0x00, 0x00, 0x08, 0x00, 0x00, 0x00, 0x07, 0x00, 0x00, 0x00, 0x07, 0x00, 0x00, 0x00, 0x08,
  0x00, 0x00, 0x00, 0x00, 0x00, 0x00, 0x00, 0x00, 0x00, 0x00, 0x00, 0xE9, 0x00, 0x00, 0x00, 0x08,
  0x00, 0x00, 0x00, 0x07, 0x00, 0x00, 0x00, 0x07, 0x00, 0x00, 0x00, 0x08, 0x00, 0x00, 0x00, 0x00,
  0x00, 0x00, 0x00, 0x00, 0x00, 0x00, 0x00, 0xEA, 0x00, 0x00, 0x00, 0x08, 0x00, 0x00, 0x00, 0x07,
  0x00, 0x00, 0x00, 0x07, 0x00, 0x00, 0x00, 0x08, 0x00, 0x00, 0x00, 0x00, 0x00, 0x00, 0x00, 0x00,
  0x00, 0x00, 0x00, 0xEB, 0x00, 0x00, 0x00, 0x08, 0x00, 0x00, 0x00, 0x07, 0x00, 0x00, 0x00, 0x07,
  0x00, 0x00, 0x00, 0x08, 0x00, 0x00, 0x00, 0x00, 0x00, 0x00, 0x00, 0x00, 0x00, 0x00, 0x00, 0xEC,
  0x00, 0x00, 0x00, 0x08, 0x00, 0x00, 0x00, 0x04, 0x00, 0x00, 0x00, 0x03, 0x00, 0x00, 0x00, 0x08,
  0xFF, 0xFF, 0xFF, 0xFF, 0x00, 0x00, 0x00, 0x00, 0x00, 0x00, 0x00, 0xED, 0x00, 0x00, 0x00, 0x08,
  0x00, 0x00, 0x00, 0x04, 0x00, 0x00, 0x00, 0x03, 0x00, 0x00, 0x00, 0x08, 0x00, 0x00, 0x00, 0x00,
  0x00, 0x00, 0x00, 0x00, 0x00, 0x00, 0x00, 0xEE, 0x00, 0x00, 0x00, 0x08, 0x00, 0x00, 0x00, 0x05,
  0x00, 0x00, 0x00, 0x03, 0x00, 0x00, 0x00, 0x08, 0xFF, 0xFF, 0xFF, 0xFF, 0x00, 0x00, 0x00, 0x00,
  0x00, 0x00, 0x00, 0xEF, 0x00, 0x00, 0x00, 0x08, 0x00, 0x00, 0x00, 0x04, 0x00, 0x00, 0x00, 0x03,
  0x00, 0x00, 0x00, 0x08, 0x00, 0x00, 0x00, 0x00, 0x00, 0x00, 0x00, 0x00, 0x00, 0x00, 0x00, 0xF0,
  0x00, 0x00, 0x00, 0x08, 0x00, 0x00, 0x00, 0x07, 0x00, 0x00, 0x00, 0x07, 0x00, 0x00, 0x00, 0x08,
  0x00, 0x00, 0x00, 0x00, 0x00, 0x00, 0x00, 0x00, 0x00, 0x00, 0x00, 0xF1, 0x00, 0x00, 0x00, 0x08,
  0x00, 0x00, 0x00, 0x07, 0x00, 0x00, 0x00, 0x07, 0x00, 0x00, 0x00, 0x08, 0x00, 0x00, 0x00, 0x00,
  0x00, 0x00, 0x00, 0x00, 0x00, 0x00, 0x00, 0xF2, 0x00, 0x00, 0x00, 0x08, 0x00, 0x00, 0x00, 0x07,
  0x00, 0x00, 0x00, 0x07, 0x00, 0x00, 0x00, 0x08, 0x00, 0x00, 0x00, 0x00, 0x00, 0x00, 0x00, 0x00,
  0x00, 0x00, 0x00, 0xF3, 0x00, 0x00, 0x00, 0x08, 0x00, 0x00, 0x00, 0x07, 0x00, 0x00, 0x00, 0x07,
  0x00, 0x00, 0x00, 0x08, 0x00, 0x00, 0x00, 0x00, 0x00, 0x00, 0x00, 0x00, 0x00, 0x00, 0x00, 0xF4,
  0x00, 0x00, 0x00, 0x08, 0x00, 0x00, 0x00, 0x07, 0x00, 0x00, 0x00, 0x07, 0x00, 0x00, 0x00, 0x08,
  0x00, 0x00, 0x00, 0x00, 0x00, 0x00, 0x00, 0x00, 0x00, 0x00, 0x00, 0xF5, 0x00, 0x00, 0x00, 0x08,
  0x00, 0x00, 0x00, 0x07, 0x00, 0x00, 0x00, 0x07, 0x00, 0x00, 0x00, 0x08, 0x00, 0x00, 0x00, 0x00,
  0x00, 0x00, 0x00, 0x00, 0x00, 0x00, 0x00, 0xF6, 0x00, 0x00, 0x00, 0x08, 0x00, 0x00, 0x00, 0x07,
  0x00, 0x00, 0x00, 0x07, 0x00, 0x00, 0x00, 0x08, 0x00, 0x00, 0x00, 0x00, 0x00, 0x00, 0x00, 0x00,
  0x00, 0x00, 0x00, 0xF7, 0x00, 0x00, 0x00, 0x07, 0x00, 0x00, 0x00, 0x07, 0x00, 0x00, 0x00, 0x08,
  0x00, 0x00, 0x00, 0x07, 0x00, 0x00, 0x00, 0x01, 0x00, 0x00, 0x00, 0x00, 0x00, 0x00, 0x00, 0xF8,
  0x00, 0x00, 0x00, 0x07, 0x00, 0x00, 0x00, 0x07, 0x00, 0x00, 0x00, 0x07, 0x00, 0x00, 0x00, 0x06,
  0x00, 0x00, 0x00, 0x00, 0x00, 0x00, 0x00, 0x00, 0x00, 0x00, 0x00, 0xF9, 0x00, 0x00, 0x00, 0x08,
  0x00, 0x00, 0x00, 0x07, 0x00, 0x00, 0x00, 0x07, 0x00, 0x00, 0x00, 0x08, 0x00, 0x00, 0x00, 0x00,
  0x00, 0x00, 0x00, 0x00, 0x00, 0x00, 0x00, 0xFA, 0x00, 0x00, 0x00, 0x08, 0x00, 0x00, 0x00, 0x07,
  0x00, 0x00, 0x00, 0x07, 0x00, 0x00, 0x00, 0x08, 0x00, 0x00, 0x00, 0x00, 0x00, 0x00, 0x00, 0x00,
  0x00, 0x00, 0x00, 0xFB, 0x00, 0x00, 0x00, 0x08, 0x00, 0x00, 0x00, 0x07, 0x00, 0x00, 0x00, 0x07,
  0x00, 0x00, 0x00, 0x08, 0x00, 0x00, 0x00, 0x00, 0x00, 0x00, 0x00, 0x00, 0x00, 0x00, 0x00, 0xFC,
  0x00, 0x00, 0x00, 0x08, 0x00, 0x00, 0x00, 0x07, 0x00, 0x00, 0x00, 0x07, 0x00, 0x00, 0x00, 0x08,
  0x00, 0x00, 0x00, 0x00, 0x00, 0x00, 0x00, 0x00, 0x00, 0x00, 0x00, 0xFD, 0x00, 0x00, 0x00, 0x0A,
  0x00, 0x00, 0x00, 0x07, 0x00, 0x00, 0x00, 0x07, 0x00, 0x00, 0x00, 0x08, 0x00, 0x00, 0x00, 0x00,
  0x00, 0x00, 0x00, 0x00, 0x00, 0x00, 0x00, 0xFE, 0x00, 0x00, 0x00, 0x0A, 0x00, 0x00, 0x00, 0x07,
  0x00, 0x00, 0x00, 0x07, 0x00, 0x00, 0x00, 0x08, 0x00, 0x00, 0x00, 0x00, 0x00, 0x00, 0x00, 0x00,
  0x00, 0x00, 0x00, 0xFF, 0x00, 0x00, 0x00, 0x0A, 0x00, 0x00, 0x00, 0x07, 0x00, 0x00, 0x00, 0x07,
  0x00, 0x00, 0x00, 0x08, 0x00, 0x00, 0x00, 0x00, 0x00, 0x00, 0x00, 0x00, 0x00, 0x00, 0x01, 0x00,
  0x00, 0x00, 0x00, 0x0A, 0x00, 0x00, 0x00, 0x08, 0x00, 0x00, 0x00, 0x08, 0x00, 0x00, 0x00, 0x0A,
  0x00, 0x00, 0x00, 0x00, 0x00, 0x00, 0x00, 0x00, 0x00, 0x00, 0x01, 0x01, 0x00, 0x00, 0x00, 0x08,
  0x00, 0x00, 0x00, 0x06, 0x00, 0x00, 0x00, 0x07, 0x00, 0x00, 0x00, 0x08, 0x00, 0x00, 0x00, 0x00,
  0x00, 0x00, 0x00, 0x00, 0x00, 0x00, 0x01, 0x02, 0x00, 0x00, 0x00, 0x0A, 0x00, 0x00, 0x00, 0x08,
  0x00, 0x00, 0x00, 0x08, 0x00, 0x00, 0x00, 0x0A, 0x00, 0x00, 0x00, 0x00, 0x00, 0x00, 0x00, 0x00,
  0x00, 0x00, 0x01, 0x03, 0x00, 0x00, 0x00, 0x08, 0x00, 0x00, 0x00, 0x06, 0x00, 0x00, 0x00, 0x07,
  0x00, 0x00, 0x00, 0x08, 0x00, 0x00, 0x00, 0x00, 0x00, 0x00, 0x00, 0x00, 0x00, 0x00, 0x01, 0x04,
  0x00, 0x00, 0x00, 0x09, 0x00, 0x00, 0x00, 0x08, 0x00, 0x00, 0x00, 0x08, 0x00, 0x00, 0x00, 0x07,
  0x00, 0x00, 0x00, 0x00, 0x00, 0x00, 0x00, 0x00, 0x00, 0x00, 0x01, 0x05, 0x00, 0x00, 0x00, 0x07,
  0x00, 0x00, 0x00, 0x06, 0x00, 0x00, 0x00, 0x07, 0x00, 0x00, 0x00, 0x05, 0x00, 0x00, 0x00, 0x00,
  0x00, 0x00, 0x00, 0x00, 0x00, 0x00, 0x01, 0x06, 0x00, 0x00, 0x00, 0x09, 0x00, 0x00, 0x00, 0x07,
  0x00, 0x00, 0x00, 0x07, 0x00, 0x00, 0x00, 0x09, 0x00, 0x00, 0x00, 0x00, 0x00, 0x00, 0x00, 0x00,
  0x00, 0x00, 0x01, 0x07, 0x00, 0x00, 0x00, 0x08, 0x00, 0x00, 0x00, 0x06, 0x00, 0x00, 0x00, 0x06,
  0x00, 0x00, 0x00, 0x08, 0x00, 0x00, 0x00, 0x00, 0x00, 0x00, 0x00, 0x00, 0x00, 0x00, 0x01, 0x08,
  0x00, 0x00, 0x00, 0x09, 0x00, 0x00, 0x00, 0x07, 0x00, 0x00, 0x00, 0x07, 0x00, 0x00, 0x00, 0x09,
  0x00, 0x00, 0x00, 0x00, 0x00, 0x00, 0x00, 0x00, 0x00, 0x00, 0x01, 0x09, 0x00, 0x00, 0x00, 0x08,
  0x00, 0x00, 0x00, 0x06, 0x00, 0x00, 0x00, 0x06, 0x00, 0x00, 0x00, 0x08, 0x00, 0x00, 0x00, 0x00,
  0x00, 0x00, 0x00, 0x00, 0x00, 0x00, 0x01, 0x0A, 0x00, 0x00, 0x00, 0x09, 0x00, 0x00, 0x00, 0x07,
  0x00, 0x00, 0x00, 0x07, 0x00, 0x00, 0x00, 0x09, 0x00, 0x00, 0x00, 0x00, 0x00, 0x00, 0x00, 0x00,
  0x00, 0x00, 0x01, 0x0B, 0x00, 0x00, 0x00, 0x08, 0x00, 0x00, 0x00, 0x06, 0x00, 0x00, 0x00, 0x06,
  0x00, 0x00, 0x00, 0x08, 0x00, 0x00, 0x00, 0x00, 0x00, 0x00, 0x00, 0x00, 0x00, 0x00, 0x01, 0x0C,
  0x00, 0x00, 0x00, 0x09, 0x00, 0x00, 0x00, 0x07, 0x00, 0x00, 0x00, 0x07, 0x00, 0x00, 0x00, 0x09,
  0x00, 0x00, 0x00, 0x00, 0x00, 0x00, 0x00, 0x00, 0x00, 0x00, 0x01, 0x0D, 0x00, 0x00, 0x00, 0x08,
  0x00, 0x00, 0x00, 0x06, 0x00, 0x00, 0x00, 0x06, 0x00, 0x00, 0x00, 0x08, 0x00, 0x00, 0x00, 0x00,
  0x00, 0x00, 0x00, 0x00, 0x00, 0x00, 0x01, 0x0E, 0x00, 0x00, 0x00, 0x09, 0x00, 0x00, 0x00, 0x08,
  0x00, 0x00, 0x00, 0x08, 0x00, 0x00, 0x00, 0x09, 0x00, 0x00, 0x00, 0x00, 0x00, 0x00, 0x00, 0x00,
  0x00, 0x00, 0x01, 0x0F, 0x00, 0x00, 0x00, 0x08, 0x00, 0x00, 0x00, 0x09, 0x00, 0x00, 0x00, 0x07,
  0x00, 0x00, 0x00, 0x08, 0x00, 0x00, 0x00, 0x00, 0x00, 0x00, 0x00, 0x00, 0x00, 0x00, 0x01, 0x10,
  0x00, 0x00, 0x00, 0x07, 0x00, 0x00, 0x00, 0x08, 0x00, 0x00, 0x00, 0x08, 0x00, 0x00, 0x00, 0x07,
  0x00, 0x00, 0x00, 0x00, 0x00, 0x00, 0x00, 0x00, 0x00, 0x00, 0x01, 0x11, 0x00, 0x00, 0x00, 0x08,
  0x00, 0x00, 0x00, 0x08, 0x00, 0x00, 0x00, 0x07, 0x00, 0x00, 0x00, 0x08, 0x00, 0x00, 0x00, 0x00,
  0x00, 0x00, 0x00, 0x00, 0x00, 0x00, 0x01, 0x12, 0x00, 0x00, 0x00, 0x0A, 0x00, 0x00, 0x00, 0x07,
  0x00, 0x00, 0x00, 0x07, 0x00, 0x00, 0x00, 0x0A, 0x00, 0x00, 0x00, 0x00, 0x00, 0x00, 0x00, 0x00,
  0x00, 0x00, 0x01, 0x13, 0x00, 0x00, 0x00, 0x08, 0x00, 0x00, 0x00, 0x07, 0x00, 0x00, 0x00, 0x07,
  0x00, 0x00, 0x00, 0x08, 0x00, 0x00, 0x00, 0x00, 0x00, 0x00, 0x00, 0x00, 0x00, 0x00, 0x01, 0x14,
  0x00, 0x00, 0x00, 0x09, 0x00, 0x00, 0x00, 0x07, 0x00, 0x00, 0x00, 0x07, 0x00, 0x00, 0x00, 0x09,
  0x00, 0x00, 0x00, 0x00, 0x00, 0x00, 0x00, 0x00, 0x00, 0x00, 0x01, 0x15, 0x00, 0x00, 0x00, 0x08,
  0x00, 0x00, 0x00, 0x07, 0x00, 0x00, 0x00, 0x07, 0x00, 0x00, 0x00, 0x08, 0x00, 0x00, 0x00, 0x00,
  0x00, 0x00, 0x00, 0x00, 0x00, 0x00, 0x01, 0x16, 0x00, 0x00, 0x00, 0x09, 0x00, 0x00, 0x00, 0x07,
  0x00, 0x00, 0x00, 0x07, 0x00, 0x00, 0x00, 0x09, 0x00, 0x00, 0x00, 0x00, 0x00, 0x00, 0x00, 0x00,
  0x00, 0x00, 0x01, 0x17, 0x00, 0x00, 0x00, 0x08, 0x00, 0x00, 0x00, 0x07, 0x00, 0x00, 0x00, 0x07,
  0x00, 0x00, 0x00, 0x08, 0x00, 0x00, 0x00, 0x00, 0x00, 0x00, 0x00, 0x00, 0x00, 0x00, 0x01, 0x18,
  0x00, 0x00, 0x00, 0x09, 0x00, 0x00, 0x00, 0x07, 0x00, 0x00, 0x00, 0x07, 0x00, 0x00, 0x00, 0x07,
  0x00, 0x00, 0x00, 0x00, 0x00, 0x00, 0x00, 0x00, 0x00, 0x00, 0x01, 0x19, 0x00, 0x00, 0x00, 0x07,
  0x00, 0x00, 0x00, 0x07, 0x00, 0x00, 0x00, 0x07, 0x00, 0x00, 0x00, 0x05, 0x00, 0x00, 0x00, 0x00,
  0x00, 0x00, 0x00, 0x00, 0x00, 0x00, 0x01, 0x1A, 0x00, 0x00, 0x00, 0x09, 0x00, 0x00, 0x00, 0x07,
  0x00, 0x00, 0x00, 0x07, 0x00, 0x00, 0x00, 0x09, 0x00, 0x00, 0x00, 0x00, 0x00, 0x00, 0x00, 0x00,
  0x00, 0x00, 0x01, 0x1B, 0x00, 0x00, 0x00, 0x08, 0x00, 0x00, 0x00, 0x07, 0x00, 0x00, 0x00, 0x07,
  0x00, 0x00, 0x00, 0x08, 0x00, 0x00, 0x00, 0x00, 0x00, 0x00, 0x00, 0x00, 0x00, 0x00, 0x01, 0x1C,
  0x00, 0x00, 0x00, 0x09, 0x00, 0x00, 0x00, 0x08, 0x00, 0x00, 0x00, 0x08, 0x00, 0x00, 0x00, 0x09,
  0x00, 0x00, 0x00, 0x00, 0x00, 0x00, 0x00, 0x00, 0x00, 0x00, 0x01, 0x1D, 0x00, 0x00, 0x00, 0x0A,
  0x00, 0x00, 0x00, 0x07, 0x00, 0x00, 0x00, 0x07, 0x00, 0x00, 0x00, 0x08, 0x00, 0x00, 0x00, 0x00,
  0x00, 0x00, 0x00, 0x00, 0x00, 0x00, 0x01, 0x1E, 0x00, 0x00, 0x00, 0x09, 0x00, 0x00, 0x00, 0x08,
  0x00, 0x00, 0x00, 0x08, 0x00, 0x00, 0x00, 0x09, 0x00, 0x00, 0x00, 0x00, 0x00, 0x00, 0x00, 0x00,
  0x00, 0x00, 0x01, 0x1F, 0x00, 0x00, 0x00, 0x0A, 0x00, 0x00, 0x00, 0x07, 0x00, 0x00, 0x00, 0x07,
  0x00, 0x00, 0x00, 0x08, 0x00, 0x00, 0x00, 0x00, 0x00, 0x00, 0x00, 0x00, 0x00, 0x00, 0x01, 0x20,
  0x00, 0x00, 0x00, 0x09, 0x00, 0x00, 0x00, 0x08, 0x00, 0x00, 0x00, 0x08, 0x00, 0x00, 0x00, 0x09,
  0x00, 0x00, 0x00, 0x00, 0x00, 0x00, 0x00, 0x00, 0x00, 0x00, 0x01, 0x21, 0x00, 0x00, 0x00, 0x0A,
  0x00, 0x00, 0x00, 0x07, 0x00, 0x00, 0x00, 0x07, 0x00, 0x00, 0x00, 0x08, 0x00, 0x00, 0x00, 0x00,
  0x00, 0x00, 0x00, 0x00, 0x00, 0x00, 0x01, 0x22, 0x00, 0x00, 0x00, 0x09, 0x00, 0x00, 0x00, 0x08,
  0x00, 0x00, 0x00, 0x08, 0x00, 0x00, 0x00, 0x07, 0x00, 0x00, 0x00, 0x00, 0x00, 0x00, 0x00, 0x00,
  0x00, 0x00, 0x01, 0x23, 0x00, 0x00, 0x00, 0x09, 0x00, 0x00, 0x00, 0x07, 0x00, 0x00, 0x00, 0x07,
  0x00, 0x00, 0x00, 0x07, 0x00, 0x00, 0x00, 0x00, 0x00, 0x00, 0x00, 0x00, 0x00, 0x00, 0x01, 0x24,
  0x00, 0x00, 0x00, 0x09, 0x00, 0x00, 0x00, 0x08, 0x00, 0x00, 0x00, 0x08, 0x00, 0x00, 0x00, 0x09,
  0x00, 0x00, 0x00, 0x00, 0x00, 0x00, 0x00, 0x00, 0x00, 0x00, 0x01, 0x25, 0x00, 0x00, 0x00, 0x09,
  0x00, 0x00, 0x00, 0x07, 0x00, 0x00, 0x00, 0x07, 0x00, 0x00, 0x00, 0x09, 0x00, 0x00, 0x00, 0x00,
  0x00, 0x00, 0x00, 0x00, 0x00, 0x00, 0x01, 0x26, 0x00, 0x00, 0x00, 0x07, 0x00, 0x00, 0x00, 0x09,
  0x00, 0x00, 0x00, 0x0A, 0x00, 0x00, 0x00, 0x07, 0x00, 0x00, 0x00, 0x00, 0x00, 0x00, 0x00, 0x00,
  0x00, 0x00, 0x01, 0x27, 0x00, 0x00, 0x00, 0x08, 0x00, 0x00, 0x00, 0x08, 0x00, 0x00, 0x00, 0x08,
  0x00, 0x00, 0x00, 0x08, 0x00, 0x00, 0x00, 0x00, 0x00, 0x00, 0x00, 0x00, 0x00, 0x00, 0x01, 0x28,
  0x00, 0x00, 0x00, 0x0A, 0x00, 0x00, 0x00, 0x04, 0x00, 0x00, 0x00, 0x04, 0x00, 0x00, 0x00, 0x0A,
  0x00, 0x00, 0x00, 0x00, 0x00, 0x00, 0x00, 0x00, 0x00, 0x00, 0x01, 0x29, 0x00, 0x00, 0x00, 0x08,
  0x00, 0x00, 0x00, 0x04, 0x00, 0x00, 0x00, 0x03, 0x00, 0x00, 0x00, 0x08, 0x00, 0x00, 0x00, 0x00,
  0x00, 0x00, 0x00, 0x00, 0x00, 0x00, 0x01, 0x2A, 0x00, 0x00, 0x00, 0x0A, 0x00, 0x00, 0x00, 0x04,
  0x00, 0x00, 0x00, 0x04, 0x00, 0x00, 0x00, 0x0A, 0x00, 0x00, 0x00, 0x00, 0x00, 0x00, 0x00, 0x00,
  0x00, 0x00, 0x01, 0x2B, 0x00, 0x00, 0x00, 0x08, 0x00, 0x00, 0x00, 0x04, 0x00, 0x00, 0x00, 0x03,
  0x00, 0x00, 0x00, 0x08, 0x00, 0x00, 0x00, 0x00, 0x00, 0x00, 0x00, 0x00, 0x00, 0x00, 0x01, 0x2C,
  0x00, 0x00, 0x00, 0x09, 0x00, 0x00, 0x00, 0x04, 0x00, 0x00, 0x00, 0x04, 0x00, 0x00, 0x00, 0x09,
  0x00, 0x00, 0x00, 0x00, 0x00, 0x00, 0x00, 0x00, 0x00, 0x00, 0x01, 0x2D, 0x00, 0x00, 0x00, 0x08,
  0x00, 0x00, 0x00, 0x04, 0x00, 0x00, 0x00, 0x03, 0x00, 0x00, 0x00, 0x08, 0x00, 0x00, 0x00, 0x00,
  0x00, 0x00, 0x00, 0x00, 0x00, 0x00, 0x01, 0x2E, 0x00, 0x00, 0x00, 0x09, 0x00, 0x00, 0x00, 0x04,
  0x00, 0x00, 0x00, 0x04, 0x00, 0x00, 0x00, 0x07, 0x00, 0x00, 0x00, 0x00, 0x00, 0x00, 0x00, 0x00,
  0x00, 0x00, 0x01, 0x2F, 0x00, 0x00, 0x00, 0x0A, 0x00, 0x00, 0x00, 0x04, 0x00, 0x00, 0x00, 0x03,
  0x00, 0x00, 0x00, 0x08, 0x00, 0x00, 0x00, 0x00, 0x00, 0x00, 0x00, 0x00, 0x00, 0x00, 0x01, 0x30,
  0x00, 0x00, 0x00, 0x09, 0x00, 0x00, 0x00, 0x03, 0x00, 0x00, 0x00, 0x04, 0x00, 0x00, 0x00, 0x09,
  0x00, 0x00, 0x00, 0x00, 0x00, 0x00, 0x00, 0x00, 0x00, 0x00, 0x01, 0x31, 0x00, 0x00, 0x00, 0x05,
  0x00, 0x00, 0x00, 0x03, 0x00, 0x00, 0x00, 0x03, 0x00, 0x00, 0x00, 0x05, 0x00, 0x00, 0x00, 0x00,
  0x00, 0x00, 0x00, 0x00, 0x00, 0x00, 0x01, 0x32, 0x00, 0x00, 0x00, 0x09, 0x00, 0x00, 0x00, 0x07,
  0x00, 0x00, 0x00, 0x07, 0x00, 0x00, 0x00, 0x07, 0x00, 0x00, 0x00, 0x00, 0x00, 0x00, 0x00, 0x00,
  0x00, 0x00, 0x01, 0x33, 0x00, 0x00, 0x00, 0x0A, 0x00, 0x00, 0x00, 0x07, 0x00, 0x00, 0x00, 0x07,
  0x00, 0x00, 0x00, 0x08, 0x00, 0x00, 0x00, 0x00, 0x00, 0x00, 0x00, 0x00, 0x00, 0x00, 0x01, 0x34,
  0x00, 0x00, 0x00, 0x0B, 0x00, 0x00, 0x00, 0x05, 0x00, 0x00, 0x00, 0x04, 0x00, 0x00, 0x00, 0x09,
  0xFF, 0xFF, 0xFF, 0xFF, 0x00, 0x00, 0x00, 0x00, 0x00, 0x00, 0x01, 0x35, 0x00, 0x00, 0x00, 0x0A,
  0x00, 0x00, 0x00, 0x05, 0x00, 0x00, 0x00, 0x03, 0x00, 0x00, 0x00, 0x08, 0xFF, 0xFF, 0xFF, 0xFF,
  0x00, 0x00, 0x00, 0x00, 0x00, 0x00, 0x01, 0x36, 0x00, 0x00, 0x00, 0x09, 0x00, 0x00, 0x00, 0x08,
  0x00, 0x00, 0x00, 0x08, 0x00, 0x00, 0x00, 0x07, 0x00, 0x00, 0x00, 0x00, 0x00, 0x00, 0x00, 0x00,
  0x00, 0x00, 0x01, 0x37, 0x00, 0x00, 0x00, 0x0A, 0x00, 0x00, 0x00, 0x07, 0x00, 0x00, 0x00, 0x07,
  0x00, 0x00, 0x00, 0x08, 0x00, 0x00, 0x00, 0x00, 0x00, 0x00, 0x00, 0x00, 0x00, 0x00, 0x01, 0x38,
  0x00, 0x00, 0x00, 0x05, 0x00, 0x00, 0x00, 0x07, 0x00, 0x00, 0x00, 0x07, 0x00, 0x00, 0x00, 0x05,
  0x00, 0x00, 0x00, 0x00, 0x00, 0x00, 0x00, 0x00, 0x00, 0x00, 0x01, 0x39, 0x00, 0x00, 0x00, 0x09,
  0x00, 0x00, 0x00, 0x07, 0x00, 0x00, 0x00, 0x06, 0x00, 0x00, 0x00, 0x09, 0x00, 0x00, 0x00, 0x00,
  0x00, 0x00, 0x00, 0x00, 0x00, 0x00, 0x01, 0x3A, 0x00, 0x00, 0x00, 0x0A, 0x00, 0x00, 0x00, 0x04,
  0x00, 0x00, 0x00, 0x03, 0x00, 0x00, 0x00, 0x0A, 0x00, 0x00, 0x00, 0x00, 0x00, 0x00, 0x00, 0x00,
  0x00, 0x00, 0x01, 0x3B, 0x00, 0x00, 0x00, 0x09, 0x00, 0x00, 0x00, 0x07, 0x00, 0x00, 0x00, 0x06,
  0x00, 0x00, 0x00, 0x07, 0x00, 0x00, 0x00, 0x00, 0x00, 0x00, 0x00, 0x00, 0x00, 0x00, 0x01, 0x3C,
  0x00, 0x00, 0x00, 0x0A, 0x00, 0x00, 0x00, 0x03, 0x00, 0x00, 0x00, 0x03, 0x00, 0x00, 0x00, 0x08,
  0x00, 0x00, 0x00, 0x00, 0x00, 0x00, 0x00, 0x00, 0x00, 0x00, 0x01, 0x3D, 0x00, 0x00, 0x00, 0x07,
  0x00, 0x00, 0x00, 0x07, 0x00, 0x00, 0x00, 0x06, 0x00, 0x00, 0x00, 0x07, 0x00, 0x00, 0x00, 0x00,
  0x00, 0x00, 0x00, 0x00, 0x00, 0x00, 0x01, 0x3E, 0x00, 0x00, 0x00, 0x08, 0x00, 0x00, 0x00, 0x05,
  0x00, 0x00, 0x00, 0x05, 0x00, 0x00, 0x00, 0x08, 0x00, 0x00, 0x00, 0x00, 0x00, 0x00, 0x00, 0x00,
  0x00, 0x00, 0x01, 0x3F, 0x00, 0x00, 0x00, 0x07, 0x00, 0x00, 0x00, 0x07, 0x00, 0x00, 0x00, 0x06,
  0x00, 0x00, 0x00, 0x07, 0x00, 0x00, 0x00, 0x00, 0x00, 0x00, 0x00, 0x00, 0x00, 0x00, 0x01, 0x40,
  0x00, 0x00, 0x00, 0x08, 0x00, 0x00, 0x00, 0x05, 0x00, 0x00, 0x00, 0x06, 0x00, 0x00, 0x00, 0x08,
  0x00, 0x00, 0x00, 0x00, 0x00, 0x00, 0x00, 0x00, 0x00, 0x00, 0x01, 0x41, 0x00, 0x00, 0x00, 0x07,
  0x00, 0x00, 0x00, 0x08, 0x00, 0x00, 0x00, 0x06, 0x00, 0x00, 0x00, 0x07, 0xFF, 0xFF, 0xFF, 0xFF,
  0x00, 0x00, 0x00, 0x00, 0x00, 0x00, 0x01, 0x42, 0x00, 0x00, 0x00, 0x08, 0x00, 0x00, 0x00, 0x05,
  0x00, 0x00, 0x00, 0x04, 0x00, 0x00, 0x00, 0x08, 0xFF, 0xFF, 0xFF, 0xFF, 0x00, 0x00, 0x00, 0x00,
  0x00, 0x00, 0x01, 0x43, 0x00, 0x00, 0x00, 0x09, 0x00, 0x00, 0x00, 0x08, 0x00, 0x00, 0x00, 0x08,
  0x00, 0x00, 0x00, 0x09, 0x00, 0x00, 0x00, 0x00, 0x00, 0x00, 0x00, 0x00, 0x00, 0x00, 0x01, 0x44,
  0x00, 0x00, 0x00, 0x08, 0x00, 0x00, 0x00, 0x07, 0x00, 0x00, 0x00, 0x07, 0x00, 0x00, 0x00, 0x08,
  0x00, 0x00, 0x00, 0x00, 0x00, 0x00, 0x00, 0x00, 0x00, 0x00, 0x01, 0x45, 0x00, 0x00, 0x00, 0x09,
  0x00, 0x00, 0x00, 0x08, 0x00, 0x00, 0x00, 0x08, 0x00, 0x00, 0x00, 0x07, 0x00, 0x00, 0x00, 0x00,
  0x00, 0x00, 0x00, 0x00, 0x00, 0x00, 0x01, 0x46, 0x00, 0x00, 0x00, 0x07, 0x00, 0x00, 0x00, 0x07,
  0x00, 0x00, 0x00, 0x07, 0x00, 0x00, 0x00, 0x05, 0x00, 0x00, 0x00, 0x00, 0x00, 0x00, 0x00, 0x00,
  0x00, 0x00, 0x01, 0x47, 0x00, 0x00, 0x00, 0x09, 0x00, 0x00, 0x00, 0x08, 0x00, 0x00, 0x00, 0x08,
  0x00, 0x00, 0x00, 0x09, 0x00, 0x00, 0x00, 0x00, 0x00, 0x00, 0x00, 0x00, 0x00, 0x00, 0x01, 0x48,
  0x00, 0x00, 0x00, 0x08, 0x00, 0x00, 0x00, 0x07, 0x00, 0x00, 0x00, 0x07, 0x00, 0x00, 0x00, 0x08,
  0x00, 0x00, 0x00, 0x00, 0x00, 0x00, 0x00, 0x00, 0x00, 0x00, 0x01, 0x49, 0x00, 0x00, 0x00, 0x07,
  0x00, 0x00, 0x00, 0x09, 0x00, 0x00, 0x00, 0x0A, 0x00, 0x00, 0x00, 0x07, 0x00, 0x00, 0x00, 0x00,
  0x00, 0x00, 0x00, 0x00, 0x00, 0x00, 0x01, 0x4A, 0x00, 0x00, 0x00, 0x09, 0x00, 0x00, 0x00, 0x08,
  0x00, 0x00, 0x00, 0x08, 0x00, 0x00, 0x00, 0x07, 0x00, 0x00, 0x00, 0x00, 0x00, 0x00, 0x00, 0x00,
  0x00, 0x00, 0x01, 0x4B, 0x00, 0x00, 0x00, 0x07, 0x00, 0x00, 0x00, 0x07, 0x00, 0x00, 0x00, 0x07,
  0x00, 0x00, 0x00, 0x05, 0x00, 0x00, 0x00, 0x00, 0x00, 0x00, 0x00, 0x00, 0x00, 0x00, 0x01, 0x4C,
  0x00, 0x00, 0x00, 0x0A, 0x00, 0x00, 0x00, 0x08, 0x00, 0x00, 0x00, 0x08, 0x00, 0x00, 0x00, 0x0A,
  0x00, 0x00, 0x00, 0x00, 0x00, 0x00, 0x00, 0x00, 0x00, 0x00, 0x01, 0x4D, 0x00, 0x00, 0x00, 0x08,
  0x00, 0x00, 0x00, 0x07, 0x00, 0x00, 0x00, 0x07, 0x00, 0x00, 0x00, 0x08, 0x00, 0x00, 0x00, 0x00,
  0x00, 0x00, 0x00, 0x00, 0x00, 0x00, 0x01, 0x4E, 0x00, 0x00, 0x00, 0x09, 0x00, 0x00, 0x00, 0x08,
  0x00, 0x00, 0x00, 0x08, 0x00, 0x00, 0x00, 0x09, 0x00, 0x00, 0x00, 0x00, 0x00, 0x00, 0x00, 0x00,
  0x00, 0x00, 0x01, 0x4F, 0x00, 0x00, 0x00, 0x08, 0x00, 0x00, 0x00, 0x07, 0x00, 0x00, 0x00, 0x07,
  0x00, 0x00, 0x00, 0x08, 0x00, 0x00, 0x00, 0x00, 0x00, 0x00, 0x00, 0x00, 0x00, 0x00, 0x01, 0x50,
  0x00, 0x00, 0x00, 0x09, 0x00, 0x00, 0x00, 0x08, 0x00, 0x00, 0x00, 0x08, 0x00, 0x00, 0x00, 0x09,
  0x00, 0x00, 0x00, 0x00, 0x00, 0x00, 0x00, 0x00, 0x00, 0x00, 0x01, 0x51, 0x00, 0x00, 0x00, 0x08,
  0x00, 0x00, 0x00, 0x07, 0x00, 0x00, 0x00, 0x07, 0x00, 0x00, 0x00, 0x08, 0x00, 0x00, 0x00, 0x00,
  0x00, 0x00, 0x00, 0x00, 0x00, 0x00, 0x01, 0x52, 0x00, 0x00, 0x00, 0x07, 0x00, 0x00, 0x00, 0x0B,
  0x00, 0x00, 0x00, 0x0C, 0x00, 0x00, 0x00, 0x07, 0x00, 0x00, 0x00, 0x00, 0x00, 0x00, 0x00, 0x00,
  0x00, 0x00, 0x01, 0x53, 0x00, 0x00, 0x00, 0x05, 0x00, 0x00, 0x00, 0x0B, 0x00, 0x00, 0x00, 0x0B,
  0x00, 0x00, 0x00, 0x05, 0x00, 0x00, 0x00, 0x00, 0x00, 0x00, 0x00, 0x00, 0x00, 0x00, 0x01, 0x54,
  0x00, 0x00, 0x00, 0x09, 0x00, 0x00, 0x00, 0x08, 0x00, 0x00, 0x00, 0x08, 0x00, 0x00, 0x00, 0x09,
  0x00, 0x00, 0x00, 0x00, 0x00, 0x00, 0x00, 0x00, 0x00, 0x00, 0x01, 0x55, 0x00, 0x00, 0x00, 0x08,
  0x00, 0x00, 0x00, 0x06, 0x00, 0x00, 0x00, 0x05, 0x00, 0x00, 0x00, 0x08, 0x00, 0x00, 0x00, 0x00,
  0x00, 0x00, 0x00, 0x00, 0x00, 0x00, 0x01, 0x56, 0x00, 0x00, 0x00, 0x09, 0x00, 0x00, 0x00, 0x08,
  0x00, 0x00, 0x00, 0x08, 0x00, 0x00, 0x00, 0x07, 0x00, 0x00, 0x00, 0x00, 0x00, 0x00, 0x00, 0x00,
  0x00, 0x00, 0x01, 0x57, 0x00, 0x00, 0x00, 0x07, 0x00, 0x00, 0x00, 0x05, 0x00, 0x00, 0x00, 0x05,
  0x00, 0x00, 0x00, 0x05, 0x00, 0x00, 0x00, 0x00, 0x00, 0x00, 0x00, 0x00, 0x00, 0x00, 0x01, 0x58,
  0x00, 0x00, 0x00, 0x09, 0x00, 0x00, 0x00, 0x08, 0x00, 0x00, 0x00, 0x08, 0x00, 0x00, 0x00, 0x09,
  0x00, 0x00, 0x00, 0x00, 0x00, 0x00, 0x00, 0x00, 0x00, 0x00, 0x01, 0x59, 0x00, 0x00, 0x00, 0x08,
  0x00, 0x00, 0x00, 0x05, 0x00, 0x00, 0x00, 0x05, 0x00, 0x00, 0x00, 0x08, 0x00, 0x00, 0x00, 0x00,
  0x00, 0x00, 0x00, 0x00, 0x00, 0x00, 0x01, 0x5A, 0x00, 0x00, 0x00, 0x09, 0x00, 0x00, 0x00, 0x07,
  0x00, 0x00, 0x00, 0x07, 0x00, 0x00, 0x00, 0x09, 0x00, 0x00, 0x00, 0x00, 0x00, 0x00, 0x00, 0x00,
  0x00, 0x00, 0x01, 0x5B, 0x00, 0x00, 0x00, 0x08, 0x00, 0x00, 0x00, 0x06, 0x00, 0x00, 0x00, 0x06,
  0x00, 0x00, 0x00, 0x08, 0x00, 0x00, 0x00, 0x00, 0x00, 0x00, 0x00, 0x00, 0x00, 0x00, 0x01, 0x5C,
  0x00, 0x00, 0x00, 0x09, 0x00, 0x00, 0x00, 0x07, 0x00, 0x00, 0x00, 0x07, 0x00, 0x00, 0x00, 0x09,
  0x00, 0x00, 0x00, 0x00, 0x00, 0x00, 0x00, 0x00, 0x00, 0x00, 0x01, 0x5D, 0x00, 0x00, 0x00, 0x08,
  0x00, 0x00, 0x00, 0x06, 0x00, 0x00, 0x00, 0x06, 0x00, 0x00, 0x00, 0x08, 0x00, 0x00, 0x00, 0x00,
  0x00, 0x00, 0x00, 0x00, 0x00, 0x00, 0x01, 0x5E, 0x00, 0x00, 0x00, 0x09, 0x00, 0x00, 0x00, 0x07,
  0x00, 0x00, 0x00, 0x07, 0x00, 0x00, 0x00, 0x07, 0x00, 0x00, 0x00, 0x00, 0x00, 0x00, 0x00, 0x00,
  0x00, 0x00, 0x01, 0x5F, 0x00, 0x00, 0x00, 0x07, 0x00, 0x00, 0x00, 0x06, 0x00, 0x00, 0x00, 0x06,
  0x00, 0x00, 0x00, 0x05, 0x00, 0x00, 0x00, 0x00, 0x00, 0x00, 0x00, 0x00, 0x00, 0x00, 0x01, 0x60,
  0x00, 0x00, 0x00, 0x09, 0x00, 0x00, 0x00, 0x07, 0x00, 0x00, 0x00, 0x07, 0x00, 0x00, 0x00, 0x09,
  0x00, 0x00, 0x00, 0x00, 0x00, 0x00, 0x00, 0x00, 0x00, 0x00, 0x01, 0x61, 0x00, 0x00, 0x00, 0x08,
  0x00, 0x00, 0x00, 0x06, 0x00, 0x00, 0x00, 0x06, 0x00, 0x00, 0x00, 0x08, 0x00, 0x00, 0x00, 0x00,
  0x00, 0x00, 0x00, 0x00, 0x00, 0x00, 0x01, 0x62, 0x00, 0x00, 0x00, 0x09, 0x00, 0x00, 0x00, 0x07,
  0x00, 0x00, 0x00, 0x07, 0x00, 0x00, 0x00, 0x07, 0x00, 0x00, 0x00, 0x00, 0x00, 0x00, 0x00, 0x00,
  0x00, 0x00, 0x01, 0x63, 0x00, 0x00, 0x00, 0x09, 0x00, 0x00, 0x00, 0x05, 0x00, 0x00, 0x00, 0x05,
  0x00, 0x00, 0x00, 0x07, 0x00, 0x00, 0x00, 0x00, 0x00, 0x00, 0x00, 0x00, 0x00, 0x00, 0x01, 0x64,
  0x00, 0x00, 0x00, 0x09, 0x00, 0x00, 0x00, 0x07, 0x00, 0x00, 0x00, 0x07, 0x00, 0x00, 0x00, 0x09,
  0x00, 0x00, 0x00, 0x00, 0x00, 0x00, 0x00, 0x00, 0x00, 0x00, 0x01, 0x65, 0x00, 0x00, 0x00, 0x08,
  0x00, 0x00, 0x00, 0x06, 0x00, 0x00, 0x00, 0x05, 0x00, 0x00, 0x00, 0x08, 0x00, 0x00, 0x00, 0x00,
  0x00, 0x00, 0x00, 0x00, 0x00, 0x00, 0x01, 0x66, 0x00, 0x00, 0x00, 0x07, 0x00, 0x00, 0x00, 0x07,
  0x00, 0x00, 0x00, 0x07, 0x00, 0x00, 0x00, 0x07, 0x00, 0x00, 0x00, 0x00, 0x00, 0x00, 0x00, 0x00,
  0x00, 0x00, 0x01, 0x67, 0x00, 0x00, 0x00, 0x07, 0x00, 0x00, 0x00, 0x05, 0x00, 0x00, 0x00, 0x05,
  0x00, 0x00, 0x00, 0x07, 0x00, 0x00, 0x00, 0x00, 0x00, 0x00, 0x00, 0x00, 0x00, 0x00, 0x01, 0x68,
  0x00, 0x00, 0x00, 0x0A, 0x00, 0x00, 0x00, 0x08, 0x00, 0x00, 0x00, 0x08, 0x00, 0x00, 0x00, 0x0A,
  0x00, 0x00, 0x00, 0x00, 0x00, 0x00, 0x00, 0x00, 0x00, 0x00, 0x01, 0x69, 0x00, 0x00, 0x00, 0x08,
  0x00, 0x00, 0x00, 0x07, 0x00, 0x00, 0x00, 0x07, 0x00, 0x00, 0x00, 0x08, 0x00, 0x00, 0x00, 0x00,
  0x00, 0x00, 0x00, 0x00, 0x00, 0x00, 0x01, 0x6A, 0x00, 0x00, 0x00, 0x0A, 0x00, 0x00, 0x00, 0x08,
  0x00, 0x00, 0x00, 0x08, 0x00, 0x00, 0x00, 0x0A, 0x00, 0x00, 0x00, 0x00, 0x00, 0x00, 0x00, 0x00,
  0x00, 0x00, 0x01, 0x6B, 0x00, 0x00, 0x00, 0x08, 0x00, 0x00, 0x00, 0x07, 0x00, 0x00, 0x00, 0x07,
  0x00, 0x00, 0x00, 0x08, 0x00, 0x00, 0x00, 0x00, 0x00, 0x00, 0x00, 0x00, 0x00, 0x00, 0x01, 0x6C,
  0x00, 0x00, 0x00, 0x09, 0x00, 0x00, 0x00, 0x08, 0x00, 0x00, 0x00, 0x08, 0x00, 0x00, 0x00, 0x09,
  0x00, 0x00, 0x00, 0x00, 0x00, 0x00, 0x00, 0x00, 0x00, 0x00, 0x01, 0x6D, 0x00, 0x00, 0x00, 0x08,
  0x00, 0x00, 0x00, 0x07, 0x00, 0x00, 0x00, 0x07, 0x00, 0x00, 0x00, 0x08, 0x00, 0x00, 0x00, 0x00,
  0x00, 0x00, 0x00, 0x00, 0x00, 0x00, 0x01, 0x6E, 0x00, 0x00, 0x00, 0x09, 0x00, 0x00, 0x00, 0x08,
  0x00, 0x00, 0x00, 0x08, 0x00, 0x00, 0x00, 0x09, 0x00, 0x00, 0x00, 0x00, 0x00, 0x00, 0x00, 0x00,
  0x00, 0x00, 0x01, 0x6F, 0x00, 0x00, 0x00, 0x09, 0x00, 0x00, 0x00, 0x07, 0x00, 0x00, 0x00, 0x07,
  0x00, 0x00, 0x00, 0x09, 0x00, 0x00, 0x00, 0x00, 0x00, 0x00, 0x00, 0x00, 0x00, 0x00, 0x01, 0x70,
  0x00, 0x00, 0x00, 0x09, 0x00, 0x00, 0x00, 0x08, 0x00, 0x00, 0x00, 0x08, 0x00, 0x00, 0x00, 0x09,
  0x00, 0x00, 0x00, 0x00, 0x00, 0x00, 0x00, 0x00, 0x00, 0x00, 0x01, 0x71, 0x00, 0x00, 0x00, 0x08,
  0x00, 0x00, 0x00, 0x07, 0x00, 0x00, 0x00, 0x07, 0x00, 0x00, 0x00, 0x08, 0x00, 0x00, 0x00, 0x00,
  0x00, 0x00, 0x00, 0x00, 0x00, 0x00, 0x01, 0x72, 0x00, 0x00, 0x00, 0x09, 0x00, 0x00, 0x00, 0x08,
  0x00, 0x00, 0x00, 0x08, 0x00, 0x00, 0x00, 0x07, 0x00, 0x00, 0x00, 0x00, 0x00, 0x00, 0x00, 0x00,
  0x00, 0x00, 0x01, 0x73, 0x00, 0x00, 0x00, 0x07, 0x00, 0x00, 0x00, 0x08, 0x00, 0x00, 0x00, 0x07,
  0x00, 0x00, 0x00, 0x05, 0x00, 0x00, 0x00, 0x00, 0x00, 0x00, 0x00, 0x00, 0x00, 0x00, 0x01, 0x74,
  0x00, 0x00, 0x00, 0x09, 0x00, 0x00, 0x00, 0x0B, 0x00, 0x00, 0x00, 0x0B, 0x00, 0x00, 0x00, 0x09,
  0x00, 0x00, 0x00, 0x00, 0x00, 0x00, 0x00, 0x00, 0x00, 0x00, 0x01, 0x75, 0x00, 0x00, 0x00, 0x08,
  0x00, 0x00, 0x00, 0x09, 0x00, 0x00, 0x00, 0x09, 0x00, 0x00, 0x00, 0x08, 0x00, 0x00, 0x00, 0x00,
  0x00, 0x00, 0x00, 0x00, 0x00, 0x00, 0x01, 0x76, 0x00, 0x00, 0x00, 0x09, 0x00, 0x00, 0x00, 0x09,
  0x00, 0x00, 0x00, 0x07, 0x00, 0x00, 0x00, 0x09, 0xFF, 0xFF, 0xFF, 0xFF, 0x00, 0x00, 0x00, 0x00,
  0x00, 0x00, 0x01, 0x77, 0x00, 0x00, 0x00, 0x0A, 0x00, 0x00, 0x00, 0x07, 0x00, 0x00, 0x00, 0x07,
  0x00, 0x00, 0x00, 0x08, 0x00, 0x00, 0x00, 0x00, 0x00, 0x00, 0x00, 0x00, 0x00, 0x00, 0x01, 0x78,
  0x00, 0x00, 0x00, 0x09, 0x00, 0x00, 0x00, 0x09, 0x00, 0x00, 0x00, 0x07, 0x00, 0x00, 0x00, 0x09,
  0xFF, 0xFF, 0xFF, 0xFF, 0x00, 0x00, 0x00, 0x00, 0x00, 0x00, 0x01, 0x79, 0x00, 0x00, 0x00, 0x09,
  0x00, 0x00, 0x00, 0x07, 0x00, 0x00, 0x00, 0x07, 0x00, 0x00, 0x00, 0x09, 0x00, 0x00, 0x00, 0x00,
  0x00, 0x00, 0x00, 0x00, 0x00, 0x00, 0x01, 0x7A, 0x00, 0x00, 0x00, 0x08, 0x00, 0x00, 0x00, 0x06,
  0x00, 0x00, 0x00, 0x06, 0x00, 0x00, 0x00, 0x08, 0x00, 0x00, 0x00, 0x00, 0x00, 0x00, 0x00, 0x00,
  0x00, 0x00, 0x01, 0x7B, 0x00, 0x00, 0x00, 0x09, 0x00, 0x00, 0x00, 0x07, 0x00, 0x00, 0x00, 0x07,
  0x00, 0x00, 0x00, 0x09, 0x00, 0x00, 0x00, 0x00, 0x00, 0x00, 0x00, 0x00, 0x00, 0x00, 0x01, 0x7C,
  0x00, 0x00, 0x00, 0x08, 0x00, 0x00, 0x00, 0x06, 0x00, 0x00, 0x00, 0x06, 0x00, 0x00, 0x00, 0x08,
  0x00, 0x00, 0x00, 0x00, 0x00, 0x00, 0x00, 0x00, 0x00, 0x00, 0x01, 0x7D, 0x00, 0x00, 0x00, 0x09,
  0x00, 0x00, 0x00, 0x07, 0x00, 0x00, 0x00, 0x07, 0x00, 0x00, 0x00, 0x09, 0x00, 0x00, 0x00, 0x00,
  0x00, 0x00, 0x00, 0x00, 0x00, 0x00, 0x01, 0x7E, 0x00, 0x00, 0x00, 0x08, 0x00, 0x00, 0x00, 0x06,
  0x00, 0x00, 0x00, 0x06, 0x00, 0x00, 0x00, 0x08, 0x00, 0x00, 0x00, 0x00, 0x00, 0x00, 0x00, 0x00,
  0x00, 0x00, 0x01, 0x7F, 0x00, 0x00, 0x00, 0x08, 0x00, 0x00, 0x00, 0x05, 0x00, 0x00, 0x00, 0x04,
  0x00, 0x00, 0x00, 0x08, 0x00, 0x00, 0x00, 0x00, 0x00, 0x00, 0x00, 0x00, 0x00, 0x00, 0x03, 0xA9,
  0x00, 0x00, 0x00, 0x07, 0x00, 0x00, 0x00, 0x09, 0x00, 0x00, 0x00, 0x08, 0x00, 0x00, 0x00, 0x07,
  0x00, 0x00, 0x00, 0x00, 0x00, 0x00, 0x00, 0x00, 0x00, 0x00, 0x03, 0xC0, 0x00, 0x00, 0x00, 0x05,
  0x00, 0x00, 0x00, 0x08, 0x00, 0x00, 0x00, 0x08, 0x00, 0x00, 0x00, 0x05, 0x00, 0x00, 0x00, 0x00,
  0x00, 0x00, 0x00, 0x00, 0x00, 0x00, 0x20, 0x11, 0x00, 0x00, 0x00, 0x01, 0x00, 0x00, 0x00, 0x04,
  0x00, 0x00, 0x00, 0x04, 0x00, 0x00, 0x00, 0x04, 0x00, 0x00, 0x00, 0x00, 0x00, 0x00, 0x00, 0x00,
  0x00, 0x00, 0x20, 0x13, 0x00, 0x00, 0x00, 0x01, 0x00, 0x00, 0x00, 0x05, 0x00, 0x00, 0x00, 0x05,
  0x00, 0x00, 0x00, 0x04, 0x00, 0x00, 0x00, 0x00, 0x00, 0x00, 0x00, 0x00, 0x00, 0x00, 0x20, 0x14,
  0x00, 0x00, 0x00, 0x01, 0x00, 0x00, 0x00, 0x0A, 0x00, 0x00, 0x00, 0x0A, 0x00, 0x00, 0x00, 0x04,
  0x00, 0x00, 0x00, 0x00, 0x00, 0x00, 0x00, 0x00, 0x00, 0x00, 0x20, 0x18, 0x00, 0x00, 0x00, 0x03,
  0x00, 0x00, 0x00, 0x03, 0x00, 0x00, 0x00, 0x04, 0x00, 0x00, 0x00, 0x07, 0x00, 0x00, 0x00, 0x01,
  0x00, 0x00, 0x00, 0x00, 0x00, 0x00, 0x20, 0x19, 0x00, 0x00, 0x00, 0x03, 0x00, 0x00, 0x00, 0x03,
  0x00, 0x00, 0x00, 0x04, 0x00, 0x00, 0x00, 0x07, 0x00, 0x00, 0x00, 0x00, 0x00, 0x00, 0x00, 0x00,
  0x00, 0x00, 0x20, 0x1C, 0x00, 0x00, 0x00, 0x03, 0x00, 0x00, 0x00, 0x05, 0x00, 0x00, 0x00, 0x07,
  0x00, 0x00, 0x00, 0x07, 0x00, 0x00, 0x00, 0x01, 0x00, 0x00, 0x00, 0x00, 0x00, 0x00, 0x20, 0x1D,
  0x00, 0x00, 0x00, 0x03, 0x00, 0x00, 0x00, 0x06, 0x00, 0x00, 0x00, 0x07, 0x00, 0x00, 0x00, 0x07,
  0x00, 0x00, 0x00, 0x00, 0x00, 0x00, 0x00, 0x00, 0x00, 0x00, 0x20, 0x22, 0x00, 0x00, 0x00, 0x04,
  0x00, 0x00, 0x00, 0x04, 0x00, 0x00, 0x00, 0x06, 0x00, 0x00, 0x00, 0x05, 0x00, 0x00, 0x00, 0x01,
  0x00, 0x00, 0x00, 0x00, 0x00, 0x00, 0x20, 0x26, 0x00, 0x00, 0x00, 0x02, 0x00, 0x00, 0x00, 0x0A,
  0x00, 0x00, 0x00, 0x0A, 0x00, 0x00, 0x00, 0x02, 0x00, 0x00, 0x00, 0x00, 0x00, 0x00, 0x00, 0x00,
  0x00, 0x00, 0x20, 0x70, 0x00, 0x00, 0x00, 0x05, 0x00, 0x00, 0x00, 0x04, 0x00, 0x00, 0x00, 0x04,
  0x00, 0x00, 0x00, 0x08, 0x00, 0x00, 0x00, 0x00, 0x00, 0x00, 0x00, 0x00, 0x00, 0x00, 0x20, 0x71,
  0x00, 0x00, 0x00, 0x05, 0x00, 0x00, 0x00, 0x02, 0x00, 0x00, 0x00, 0x02, 0x00, 0x00, 0x00, 0x08,
  0x00, 0x00, 0x00, 0x00, 0x00, 0x00, 0x00, 0x00, 0x00, 0x00, 0x20, 0x72, 0x00, 0x00, 0x00, 0x09,
  0x00, 0x00, 0x00, 0x06, 0x00, 0x00, 0x00, 0x06, 0x00, 0x00, 0x00, 0x07, 0x00, 0x00, 0x00, 0x00,
  0x00, 0x00, 0x00, 0x00, 0x00, 0x00, 0x20, 0x73, 0x00, 0x00, 0x00, 0x09, 0x00, 0x00, 0x00, 0x06,
  0x00, 0x00, 0x00, 0x06, 0x00, 0x00, 0x00, 0x07, 0x00, 0x00, 0x00, 0x00, 0x00, 0x00, 0x00, 0x00,
  0x00, 0x00, 0x20, 0x74, 0x00, 0x00, 0x00, 0x05, 0x00, 0x00, 0x00, 0x04, 0x00, 0x00, 0x00, 0x04,
  0x00, 0x00, 0x00, 0x08, 0x00, 0x00, 0x00, 0x00, 0x00, 0x00, 0x00, 0x00, 0x00, 0x00, 0x20, 0x75,
  0x00, 0x00, 0x00, 0x05, 0x00, 0x00, 0x00, 0x04, 0x00, 0x00, 0x00, 0x04, 0x00, 0x00, 0x00, 0x08,
  0x00, 0x00, 0x00, 0x00, 0x00, 0x00, 0x00, 0x00, 0x00, 0x00, 0x20, 0x76, 0x00, 0x00, 0x00, 0x05,
  0x00, 0x00, 0x00, 0x04, 0x00, 0x00, 0x00, 0x04, 0x00, 0x00, 0x00, 0x08, 0x00, 0x00, 0x00, 0x00,
  0x00, 0x00, 0x00, 0x00, 0x00, 0x00, 0x20, 0x77, 0x00, 0x00, 0x00, 0x05, 0x00, 0x00, 0x00, 0x04,
  0x00, 0x00, 0x00, 0x04, 0x00, 0x00, 0x00, 0x08, 0x00, 0x00, 0x00, 0x00, 0x00, 0x00, 0x00, 0x00,
  0x00, 0x00, 0x20, 0x78, 0x00, 0x00, 0x00, 0x05, 0x00, 0x00, 0x00, 0x04, 0x00, 0x00, 0x00, 0x04,
  0x00, 0x00, 0x00, 0x08, 0x00, 0x00, 0x00, 0x00, 0x00, 0x00, 0x00, 0x00, 0x00, 0x00, 0x20, 0x79,
  0x00, 0x00, 0x00, 0x05, 0x00, 0x00, 0x00, 0x04, 0x00, 0x00, 0x00, 0x04, 0x00, 0x00, 0x00, 0x08,
  0x00, 0x00, 0x00, 0x00, 0x00, 0x00, 0x00, 0x00, 0x00, 0x00, 0x20, 0x7A, 0x00, 0x00, 0x00, 0x04,
  0x00, 0x00, 0x00, 0x05, 0x00, 0x00, 0x00, 0x05, 0x00, 0x00, 0x00, 0x07, 0x00, 0x00, 0x00, 0x00,
  0x00, 0x00, 0x00, 0x00, 0x00, 0x00, 0x20, 0x7B, 0x00, 0x00, 0x00, 0x02, 0x00, 0x00, 0x00, 0x05,
  0x00, 0x00, 0x00, 0x05, 0x00, 0x00, 0x00, 0x06, 0x00, 0x00, 0x00, 0x00, 0x00, 0x00, 0x00, 0x00,
  0x00, 0x00, 0x20, 0x7C, 0x00, 0x00, 0x00, 0x02, 0x00, 0x00, 0x00, 0x05, 0x00, 0x00, 0x00, 0x05,
  0x00, 0x00, 0x00, 0x06, 0x00, 0x00, 0x00, 0x00, 0x00, 0x00, 0x00, 0x00, 0x00, 0x00, 0x20, 0x7D,
  0x00, 0x00, 0x00, 0x06, 0x00, 0x00, 0x00, 0x03, 0x00, 0x00, 0x00, 0x03, 0x00, 0x00, 0x00, 0x08,
  0x00, 0x00, 0x00, 0x00, 0x00, 0x00, 0x00, 0x00, 0x00, 0x00, 0x20, 0x7E, 0x00, 0x00, 0x00, 0x06,
  0x00, 0x00, 0x00, 0x03, 0x00, 0x00, 0x00, 0x03, 0x00, 0x00, 0x00, 0x08, 0x00, 0x00, 0x00, 0x00,
  0x00, 0x00, 0x00, 0x00, 0x00, 0x00, 0x20, 0x7F, 0x00, 0x00, 0x00, 0x04, 0x00, 0x00, 0x00, 0x05,
  0x00, 0x00, 0x00, 0x05, 0x00, 0x00, 0x00, 0x07, 0x00, 0x00, 0x00, 0x00, 0x00, 0x00, 0x00, 0x00,
  0x00, 0x00, 0x20, 0xAC, 0x00, 0x00, 0x00, 0x07, 0x00, 0x00, 0x00, 0x08, 0x00, 0x00, 0x00, 0x07,
  0x00, 0x00, 0x00, 0x07, 0xFF, 0xFF, 0xFF, 0xFF, 0x00, 0x00, 0x00, 0x00, 0x98, 0xFF, 0x28, 0x98,
  0xFF, 0x28, 0x8F, 0xFF, 0x1E, 0x6B, 0xF8, 0x02, 0x00, 0x00, 0x00, 0x98, 0xFF, 0x28, 0x98, 0xFF,
  0x28, 0x0C, 0xFF, 0x1C, 0xE8, 0x44, 0x0C, 0xFF, 0x1C, 0xE8, 0x44, 0x0C, 0xFF, 0x1C, 0xE8, 0x44,
  0x00, 0x00, 0x00, 0xC3, 0x55, 0x60, 0xB4, 0x00, 0x00, 0x00, 0x06, 0xF7, 0x19, 0x9D, 0x76, 0x00,
  0x00, 0xC4, 0xFF, 0xFF, 0xFF, 0xFF, 0xFF, 0xB4, 0x00, 0x00, 0x8C, 0x8B, 0x2B, 0xE8, 0x03, 0x00,
  0x54, 0xFF, 0xFF, 0xFF, 0xFF, 0xFF, 0xFF, 0x24, 0x00, 0x13, 0xF8, 0x08, 0xB3, 0x61, 0x00, 0x00,
  0x00, 0x4E, 0xC5, 0x01, 0xED, 0x25, 0x00, 0x00, 0x00, 0x00, 0x00, 0xC8, 0x00, 0x00, 0x00, 0x00,
  0x76, 0xE6, 0xFF, 0xFF, 0xD8, 0x00, 0x22, 0xFF, 0x85, 0xC8, 0x00, 0x00, 0x00, 0x1A, 0xFC, 0xFF,
  0xF8, 0xAB, 0x4B, 0x00, 0x00, 0x4D, 0xB7, 0xFC, 0xFF, 0xFD, 0x24, 0x00, 0x00, 0x00, 0xCA, 0x7F,
  0xFF, 0x34, 0x33, 0xFA, 0xF8, 0xFF, 0xE7, 0x86, 0x00, 0x00, 0x00, 0x00, 0xC8, 0x00, 0x00, 0x00,
  0x26, 0xD2, 0xF2, 0x8D, 0x00, 0x00, 0x94, 0x80, 0x00, 0x00, 0x96, 0xB1, 0x2F, 0xFF, 0x22, 0x3C,
  0xD1, 0x06, 0x00, 0x00, 0x96, 0xB2, 0x33, 0xFF, 0x2A, 0xD5, 0x36, 0x00, 0x00, 0x00, 0x25, 0xD2,
  0xF3, 0x8D, 0x88, 0x8B, 0x8A, 0xF2, 0xD4, 0x28, 0x00, 0x00, 0x00, 0x32, 0xD7, 0x28, 0xFF, 0x30,
  0xB0, 0x9D, 0x00, 0x00, 0x05, 0xCF, 0x3F, 0x1F, 0xFF, 0x36, 0xB3, 0x9D, 0x00, 0x00, 0x7D, 0x97,
  0x00, 0x00, 0x89, 0xF3, 0xD4, 0x28, 0x00, 0x04, 0x9C, 0xF1, 0xFF, 0xE4, 0x00, 0x00, 0x00, 0x00,
  0x41, 0xFF, 0x91, 0x01, 0x00, 0x00, 0x00, 0x00, 0x00, 0x22, 0xFD, 0xEB, 0x23, 0x00, 0x00, 0x00,
  0x00, 0x0E, 0xD7, 0xEE, 0xF8, 0xDB, 0x14, 0xA5, 0xD9, 0x00, 0x5A, 0xFF, 0x63, 0x4A, 0xF9, 0xCB,
  0xF3, 0x8C, 0x00, 0x37, 0xFF, 0xA5, 0x0D, 0x7E, 0xFF, 0xFB, 0x18, 0x00, 0x00, 0x65, 0xDB, 0xF9,
  0xE4, 0xA8, 0xF9, 0xC0, 0x0B, 0x0C, 0xFF, 0x1C, 0x0C, 0xFF, 0x1C, 0x0C, 0xFF, 0x1C, 0x00, 0x0C,
  0xE9, 0x87, 0x00, 0x74, 0xFE, 0x1C, 0x00, 0xD2, 0xCA, 0x00, 0x0C, 0xFE, 0x98, 0x00, 0x1F, 0xFF,
  0x88, 0x00, 0x0D, 0xFF, 0x99, 0x00, 0x00, 0xD5, 0xCA, 0x00, 0x00, 0x77, 0xFE, 0x1C, 0x00, 0x0D,
  0xE9, 0x87, 0x0B, 0xEC, 0x86, 0x00, 0x00, 0x8A, 0xF6, 0x11, 0x00, 0x3A, 0xFF, 0x65, 0x00, 0x09,
  0xFF, 0x9F, 0x00, 0x00, 0xF9, 0xB2, 0x00, 0x09, 0xFF, 0x9F, 0x00, 0x3B, 0xFF, 0x65, 0x00, 0x8A,
  0xF5, 0x10, 0x0B, 0xEC, 0x86, 0x00, 0x00, 0x00, 0xCC, 0x08, 0x00, 0x8F, 0x57, 0xCC, 0x3B, 0xB2,
  0x23, 0xC4, 0xFB, 0xDE, 0x43, 0x23, 0xC4, 0xFA, 0xDC, 0x42, 0x8E, 0x56, 0xCC, 0x39, 0xB3, 0x00,
  0x00, 0xCC, 0x08, 0x00, 0x00, 0x00, 0x64, 0xC4, 0x00, 0x00, 0x00, 0x00, 0x00, 0x64, 0xC4, 0x00,
  0x00, 0x00, 0x00, 0x00, 0x64, 0xC4, 0x00, 0x00, 0x00, 0xF0, 0xFF, 0xFF, 0xFF, 0xFF, 0xFF, 0x50,
  0x00, 0x00, 0x64, 0xC4, 0x00, 0x00, 0x00, 0x00, 0x00, 0x64, 0xC4, 0x00, 0x00, 0x00, 0x00, 0x00,
  0x64, 0xC4, 0x00, 0x00, 0x00, 0x00, 0xFC, 0xC8, 0x0D, 0xFE, 0x9F, 0x53, 0xE0, 0x10, 0x74, 0xFF,
  0xFF, 0x9C, 0xFC, 0xC8, 0xFC, 0xC8, 0x00, 0x00, 0x9A, 0x7E, 0x00, 0x02, 0xE8, 0x2B, 0x00, 0x3E,
  0xD9, 0x00, 0x00, 0x90, 0x86, 0x00, 0x00, 0xE0, 0x34, 0x00, 0x34, 0xE1, 0x00, 0x00, 0x86, 0x8F,
  0x00, 0x00, 0xD7, 0x3D, 0x00, 0x00, 0x00, 0x41, 0xCE, 0xF4, 0xCC, 0x3C, 0x00, 0x17, 0xF3, 0xB6,
  0x11, 0xC3, 0xF0, 0x12, 0x62, 0xFF, 0x6B, 0x00, 0x79, 0xFF, 0x5A, 0x7C, 0xFF, 0x5F, 0x00, 0x6C,
  0xFF, 0x73, 0x62, 0xFF, 0x6C, 0x00, 0x79, 0xFF, 0x5A, 0x17, 0xF4, 0xB6, 0x11, 0xC3, 0xF1, 0x12,
  0x00, 0x44, 0xD0, 0xF4, 0xCD, 0x3F, 0x00, 0xE0, 0xFF, 0xFF, 0x9C, 0x00, 0x00, 0x00, 0x2C, 0xFF,
  0x9C, 0x00, 0x00, 0x00, 0x2C, 0xFF, 0x9C, 0x00, 0x00, 0x00, 0x2C, 0xFF, 0x9C, 0x00, 0x00, 0x00,
  0x2C, 0xFF, 0x9C, 0x00, 0x00, 0x00, 0x2C, 0xFF, 0x9C, 0x00, 0x00, 0xD4, 0xFF, 0xFF, 0xFF, 0xFF,
  0x44, 0x30, 0xFF, 0xFF, 0xF8, 0xCE, 0x43, 0x00, 0x00, 0x00, 0x00, 0x29, 0xF3, 0xEC, 0x01, 0x00,
  0x00, 0x00, 0x1D, 0xF6, 0xEE, 0x01, 0x00, 0x00, 0x14, 0xD9, 0xFA, 0x52, 0x00, 0x00, 0x0C, 0xCA,
  0xF9, 0x48, 0x00, 0x00, 0x05, 0xBA, 0xFD, 0x57, 0x00, 0x00, 0x00, 0x34, 0xFF, 0xFF, 0xFF, 0xFF,
  0xFF, 0x18, 0x04, 0xFF, 0xFF, 0xF7, 0xD2, 0x4F, 0x00, 0x00, 0x00, 0x00, 0x2D, 0xF8, 0xE9, 0x00,
  0x00, 0x00, 0x01, 0x2E, 0xF9, 0xC7, 0x00, 0x00, 0x14, 0xFF, 0xFF, 0xF4, 0x4C, 0x00, 0x00, 0x00,
  0x01, 0x24, 0xE2, 0xF7, 0x10, 0x00, 0x00, 0x00, 0x21, 0xE2, 0xFA, 0x0D, 0x54, 0xFF, 0xFF, 0xF3,
  0xCA, 0x4E, 0x00, 0x00, 0x00, 0x1C, 0xE9, 0xFF, 0x74, 0x00, 0x00, 0x08, 0xCA, 0xD5, 0xFF, 0x74,
  0x00, 0x00, 0x9F, 0xC4, 0x55, 0xFF, 0x74, 0x00, 0x60, 0xE8, 0x1A, 0x50, 0xFF, 0x74, 0x00, 0x8C,
  0xFF, 0xFF, 0xFF, 0xFF, 0xFF, 0x80, 0x00, 0x00, 0x00, 0x50, 0xFF, 0x74, 0x00, 0x00, 0x00, 0x00,
  0x50, 0xFF, 0x74, 0x00, 0x00, 0xF0, 0xFF, 0xFF, 0xFF, 0xBC, 0x00, 0x00, 0xF0, 0x90, 0x00, 0x00,
  0x00, 0x00, 0x00, 0xF0, 0xF8, 0xF8, 0xD2, 0x48, 0x00, 0x00, 0x00, 0x00, 0x27, 0xE7, 0xF4, 0x12,
  0x00, 0x00, 0x00, 0x00, 0xAA, 0xFF, 0x37, 0x00, 0x00, 0x00, 0x27, 0xE7, 0xF2, 0x10, 0x3C, 0xFF,
  0xFF, 0xF5, 0xC8, 0x40, 0x00, 0x00, 0x18, 0xA6, 0xE8, 0xFF, 0xF0, 0x00, 0x01, 0xCA, 0xCE, 0x24,
  0x01, 0x00, 0x00, 0x35, 0xFF, 0xDC, 0xF0, 0xE6, 0x72, 0x00, 0x56, 0xFF, 0xD7, 0x11, 0xA4, 0xFF,
  0x37, 0x41, 0xFF, 0xA6, 0x00, 0x6A, 0xFF, 0x5F, 0x09, 0xE4, 0xD7, 0x11, 0xA4, 0xFC, 0x29, 0x00,
  0x31, 0xC6, 0xF4, 0xDA, 0x5A, 0x00, 0x54, 0xFF, 0xFF, 0xFF, 0xFF, 0xFF, 0x28, 0x00, 0x00, 0x00,
  0x13, 0xF6, 0xE5, 0x07, 0x00, 0x00, 0x00, 0x7D, 0xFF, 0x73, 0x00, 0x00, 0x00, 0x07, 0xE8, 0xEE,
  0x0C, 0x00, 0x00, 0x00, 0x64, 0xFF, 0x81, 0x00, 0x00, 0x00, 0x01, 0xD5, 0xF5, 0x14, 0x00, 0x00,
  0x00, 0x4A, 0xFF, 0x90, 0x00, 0x00, 0x00, 0x00, 0x76, 0xE2, 0xF9, 0xE0, 0x71, 0x00, 0x27, 0xFF,
  0xBC, 0x0C, 0xC9, 0xFF, 0x1B, 0x18, 0xF7, 0xBC, 0x17, 0xC9, 0xF1, 0x0F, 0x00, 0x72, 0xFE, 0xFF,
  0xFD, 0x67, 0x00, 0x3C, 0xFF, 0x97, 0x09, 0xA2, 0xFE, 0x30, 0x4B, 0xFF, 0x98, 0x13, 0xA3, 0xFF,
  0x3F, 0x02, 0x8B, 0xE5, 0xFA, 0xE4, 0x84, 0x01, 0x00, 0x62, 0xDC, 0xF3, 0xBF, 0x29, 0x00, 0x36,
  0xFE, 0x95, 0x15, 0xE2, 0xD8, 0x04, 0x70, 0xFF, 0x5A, 0x00, 0xB6, 0xFF, 0x30, 0x48, 0xFF, 0x95,
  0x15, 0xE2, 0xFF, 0x45, 0x00, 0x82, 0xEB, 0xF0, 0xDF, 0xFF, 0x24, 0x00, 0x00, 0x01, 0x26, 0xD7,
  0xB8, 0x00, 0x00, 0xFF, 0xFF, 0xE6, 0x9D, 0x11, 0x00, 0xE0, 0xE0, 0xE0, 0xE0, 0x00, 0x00, 0xE0,
  0xE0, 0xE0, 0xE0, 0x00, 0xE0, 0xE0, 0x00, 0xE0, 0xE0, 0x00, 0x00, 0x00, 0x00, 0xE0, 0xE0, 0x02,
  0xEE, 0xB7, 0x39, 0xED, 0x1B, 0x00, 0x00, 0x00, 0x04, 0x4E, 0xB0, 0x4B, 0x00, 0x28, 0x8A, 0xE8,
  0xED, 0x97, 0x1C, 0xBC, 0xF8, 0xAE, 0x51, 0x06, 0x00, 0x00, 0xBD, 0xF8, 0xAD, 0x50, 0x06, 0x00,
  0x00, 0x00, 0x29, 0x8B, 0xE8, 0xED, 0x96, 0x1C, 0x00, 0x00, 0x00, 0x04, 0x4F, 0xB1, 0x4B, 0xF0,
  0xFF, 0xFF, 0xFF, 0xFF, 0xFF, 0x50, 0x00, 0x00, 0x00, 0x00, 0x00, 0x00, 0x00, 0xF0, 0xFF, 0xFF,
  0xFF, 0xFF, 0xFF, 0x50, 0xC4, 0x73, 0x16, 0x00, 0x00, 0x00, 0x00, 0x70, 0xD1, 0xFA, 0xAF, 0x4D,
  0x04, 0x00, 0x00, 0x00, 0x2E, 0x8B, 0xE5, 0xE7, 0x35, 0x00, 0x00, 0x2D, 0x8A, 0xE4, 0xE7, 0x35,
  0x6F, 0xD0, 0xFA, 0xB0, 0x4E, 0x04, 0x00, 0xC5, 0x74, 0x16, 0x00, 0x00, 0x00, 0x00, 0x50, 0xFF,
  0xFF, 0xEC, 0x95, 0x01, 0x00, 0x00, 0x07, 0xCB, 0xFF, 0x15, 0x00, 0x01, 0xA6, 0xFF, 0x79, 0x00,
  0x00, 0x3B, 0xFF, 0x97, 0x00, 0x00, 0x00, 0x00, 0x00, 0x00, 0x00, 0x00, 0x00, 0x4C, 0xFF, 0x78,
  0x00, 0x00, 0x00, 0x4C, 0xFF, 0x78, 0x00, 0x00, 0x00, 0x00, 0x2D, 0xAF, 0xF0, 0xF4, 0xC1, 0x46,
  0x00, 0x00, 0x00, 0x3E, 0xE7, 0x6B, 0x18, 0x0B, 0x4F, 0xDE, 0x56, 0x00, 0x03, 0xDA, 0x3A, 0x4D,
  0xEA, 0xBA, 0xF3, 0x38, 0xE1, 0x08, 0x37, 0xBE, 0x00, 0xE2, 0x57, 0x52, 0xFF, 0x14, 0xB6, 0x36,
  0x52, 0x9D, 0x07, 0xFF, 0x16, 0x0F, 0xFF, 0x14, 0xAE, 0x39, 0x38, 0xC3, 0x00, 0xE4, 0x58, 0x52,
  0xFF, 0x47, 0xDB, 0x0B, 0x03, 0xDD, 0x40, 0x52, 0xEB, 0xBC, 0xE9, 0xC4, 0x35, 0x00, 0x00, 0x41,
  0xE8, 0x67, 0x1A, 0x0F, 0x6E, 0x92, 0x00, 0x00, 0x00, 0x00, 0x31, 0xB2, 0xF1, 0xF5, 0xB5, 0x2C,
  0x00, 0x00, 0x00, 0x00, 0x72, 0xFF, 0xFF, 0x2C, 0x00, 0x00, 0x00, 0x00, 0xD4, 0xE6, 0xFE, 0x8F,
  0x00, 0x00, 0x00, 0x37, 0xFF, 0x78, 0xB9, 0xEC, 0x06, 0x00, 0x00, 0x9A, 0xFB, 0x17, 0x53, 0xFF,
  0x55, 0x00, 0x0A, 0xF2, 0xFF, 0xFF, 0xFF, 0xFF, 0xB8, 0x00, 0x60, 0xFF, 0x49, 0x00, 0x00, 0x8C,
  0xFD, 0x1D, 0xC3, 0xFD, 0x0F, 0x00, 0x00, 0x51, 0xFF, 0x7E, 0x14, 0xFF, 0xFF, 0xFF, 0xEE, 0xB3,
  0x16, 0x14, 0xFF, 0xCC, 0x00, 0x78, 0xFF, 0x88, 0x14, 0xFF, 0xCC, 0x01, 0x7D, 0xFF, 0x77, 0x14,
  0xFF, 0xFF, 0xFF, 0xFF, 0xED, 0x27, 0x14, 0xFF, 0xCC, 0x00, 0x2B, 0xFE, 0xC9, 0x14, 0xFF, 0xCC,
  0x00, 0x2D, 0xFE, 0xD5, 0x14, 0xFF, 0xFF, 0xFF, 0xF5, 0xCB, 0x3E, 0x00, 0x13, 0x92, 0xDC, 0xF8,
  0xE3, 0x7D, 0x09, 0xD9, 0xF9, 0x57, 0x0D, 0x3B, 0x7E, 0x5B, 0xFF, 0x9E, 0x00, 0x00, 0x00, 0x00,
  0x7A, 0xFF, 0x78, 0x00, 0x00, 0x00, 0x00, 0x5B, 0xFF, 0x9D, 0x00, 0x00, 0x00, 0x00, 0x09, 0xDA,
  0xF9, 0x54, 0x0C, 0x37, 0x7E, 0x00, 0x15, 0x94, 0xDD, 0xF9, 0xE7, 0x7F, 0x14, 0xFF, 0xFF, 0xF9,
  0xE8, 0xB3, 0x36, 0x00, 0x14, 0xFF, 0xCC, 0x05, 0x3A, 0xDC, 0xF7, 0x32, 0x14, 0xFF, 0xCC, 0x00,
  0x00, 0x55, 0xFF, 0x99, 0x14, 0xFF, 0xCC, 0x00, 0x00, 0x31, 0xFF, 0xBC, 0x14, 0xFF, 0xCC, 0x00,
  0x00, 0x57, 0xFF, 0x99, 0x14, 0xFF, 0xCC, 0x05, 0x39, 0xDC, 0xF8, 0x32, 0x14, 0xFF, 0xFF, 0xFB,
  0xE9, 0xB5, 0x36, 0x00, 0x14, 0xFF, 0xFF, 0xFF, 0xFF, 0xFC, 0x00, 0x14, 0xFF, 0xCC, 0x00, 0x00,
  0x00, 0x00, 0x14, 0xFF, 0xCC, 0x00, 0x00, 0x00, 0x00, 0x14, 0xFF, 0xFF, 0xFF, 0xFF, 0xCC, 0x00,
  0x14, 0xFF, 0xCC, 0x00, 0x00, 0x00, 0x00, 0x14, 0xFF, 0xCC, 0x00, 0x00, 0x00, 0x00, 0x14, 0xFF,
  0xFF, 0xFF, 0xFF, 0xFF, 0x18, 0x14, 0xFF, 0xFF, 0xFF, 0xFF, 0xFC, 0x14, 0xFF, 0xCC, 0x00, 0x00,
  0x00, 0x14, 0xFF, 0xCC, 0x00, 0x00, 0x00, 0x14, 0xFF, 0xFF, 0xFF, 0xFF, 0xCC, 0x14, 0xFF, 0xCC,
  0x00, 0x00, 0x00, 0x14, 0xFF, 0xCC, 0x00, 0x00, 0x00, 0x14, 0xFF, 0xCC, 0x00, 0x00, 0x00, 0x00,
  0x13, 0x8F, 0xDA, 0xF8, 0xEC, 0xC3, 0x20, 0x09, 0xD9, 0xFA, 0x5D, 0x0E, 0x26, 0x92, 0x30, 0x5B,
  0xFF, 0x9F, 0x00, 0x00, 0x00, 0x00, 0x00, 0x7A, 0xFF, 0x78, 0x00, 0x74, 0xFF, 0xFF, 0x78, 0x5B,
  0xFF, 0x9C, 0x00, 0x00, 0x50, 0xFF, 0x78, 0x09, 0xDA, 0xF8, 0x55, 0x0A, 0x5F, 0xFF, 0x78, 0x00,
  0x15, 0x94, 0xDD, 0xF9, 0xEB, 0xBF, 0x43, 0x14, 0xFF, 0xCC, 0x00, 0x00, 0x6C, 0xFF, 0x74, 0x14,
  0xFF, 0xCC, 0x00, 0x00, 0x6C, 0xFF, 0x74, 0x14, 0xFF, 0xCC, 0x00, 0x00, 0x6C, 0xFF, 0x74, 0x14,
  0xFF, 0xFF, 0xFF, 0xFF, 0xFF, 0xFF, 0x74, 0x14, 0xFF, 0xCC, 0x00, 0x00, 0x6C, 0xFF, 0x74, 0x14,
  0xFF, 0xCC, 0x00, 0x00, 0x6C, 0xFF, 0x74, 0x14, 0xFF, 0xCC, 0x00, 0x00, 0x6C, 0xFF, 0x74, 0x14,
  0xFF, 0xCC, 0x14, 0xFF, 0xCC, 0x14, 0xFF, 0xCC, 0x14, 0xFF, 0xCC, 0x14, 0xFF, 0xCC, 0x14, 0xFF,
  0xCC, 0x14, 0xFF, 0xCC, 0x00, 0x14, 0xFF, 0xCC, 0x00, 0x14, 0xFF, 0xCC, 0x00, 0x14, 0xFF, 0xCC,
  0x00, 0x14, 0xFF, 0xCC, 0x00, 0x14, 0xFF, 0xCC, 0x00, 0x14, 0xFF, 0xCC, 0x00, 0x15, 0xFF, 0xC9,
  0x01, 0x5C, 0xFF, 0x9E, 0x8F, 0xED, 0xAD, 0x16, 0x14, 0xFF, 0xCC, 0x00, 0x25, 0xE1, 0xEF, 0x39,
  0x14, 0xFF, 0xCC, 0x2D, 0xE7, 0xEA, 0x30, 0x00, 0x14, 0xFF, 0xE7, 0xED, 0xE3, 0x28, 0x00, 0x00,
  0x14, 0xFF, 0xFF, 0xFF, 0x7C, 0x00, 0x00, 0x00, 0x14, 0xFF, 0xDE, 0xD6, 0xFE, 0x6F, 0x00, 0x00,
  0x14, 0xFF, 0xCC, 0x15, 0xCF, 0xFF, 0x7A, 0x00, 0x14, 0xFF, 0xCC, 0x00, 0x10, 0xC6, 0xFF, 0x85,
  0x14, 0xFF, 0xCC, 0x00, 0x00, 0x00, 0x00, 0x14, 0xFF, 0xCC, 0x00, 0x00, 0x00, 0x00, 0x14, 0xFF,
  0xCC, 0x00, 0x00, 0x00, 0x00, 0x14, 0xFF, 0xCC, 0x00, 0x00, 0x00, 0x00, 0x14, 0xFF, 0xCC, 0x00,
  0x00, 0x00, 0x00, 0x14, 0xFF, 0xCC, 0x00, 0x00, 0x00, 0x00, 0x14, 0xFF, 0xFF, 0xFF, 0xFF, 0xFF,
  0x18, 0x14, 0xFF, 0xFF, 0x84, 0x00, 0x00, 0x92, 0xFF, 0xFF, 0x08, 0x14, 0xFF, 0xFF, 0xE9, 0x06,
  0x0C, 0xF1, 0xFF, 0xFF, 0x08, 0x14, 0xFF, 0xCF, 0xFB, 0x5A, 0x6A, 0xF7, 0xD2, 0xFF, 0x08, 0x14,
  0xFF, 0xB4, 0xAC, 0xC6, 0xD4, 0x9E, 0xC0, 0xFF, 0x08, 0x14, 0xFF, 0xB4, 0x41, 0xFF, 0xFF, 0x34,
  0xC0, 0xFF, 0x08, 0x14, 0xFF, 0xB4, 0x00, 0xD5, 0xC9, 0x00, 0xC0, 0xFF, 0x08, 0x14, 0xFF, 0xB4,
  0x00, 0x00, 0x00, 0x00, 0xC0, 0xFF, 0x08, 0x14, 0xFF, 0xFF, 0x4A, 0x00, 0x54, 0xFF, 0x74, 0x14,
  0xFF, 0xFF, 0xD4, 0x03, 0x54, 0xFF, 0x74, 0x14, 0xFF, 0xD7, 0xFB, 0x66, 0x54, 0xFF, 0x74, 0x14,
  0xFF, 0xB4, 0x95, 0xE7, 0x60, 0xFF, 0x74, 0x14, 0xFF, 0xB4, 0x15, 0xF1, 0xD2, 0xFF, 0x74, 0x14,
  0xFF, 0xB4, 0x00, 0x79, 0xFF, 0xFF, 0x74, 0x14, 0xFF, 0xB4, 0x00, 0x08, 0xE2, 0xFF, 0x74, 0x00,
  0x1B, 0xA1, 0xE2, 0xF3, 0xCE, 0x5B, 0x00, 0x09, 0xD8, 0xEF, 0x3C, 0x11, 0xA1, 0xFF, 0x61, 0x54,
  0xFF, 0x94, 0x00, 0x00, 0x16, 0xFF, 0xD4, 0x75, 0xFF, 0x77, 0x00, 0x00, 0x00, 0xF7, 0xF5, 0x54,
  0xFF, 0x94, 0x00, 0x00, 0x16, 0xFF, 0xD4, 0x09, 0xDA, 0xEF, 0x3B, 0x11, 0xA1, 0xFF, 0x63, 0x00,
  0x1D, 0xA3, 0xE4, 0xF4, 0xCF, 0x60, 0x00, 0x14, 0xFF, 0xFF, 0xFF, 0xEF, 0xB1, 0x1B, 0x14, 0xFF,
  0xCC, 0x00, 0x56, 0xFF, 0xB1, 0x14, 0xFF, 0xCC, 0x00, 0x0B, 0xFF, 0xE0, 0x14, 0xFF, 0xCC, 0x00,
  0x56, 0xFF, 0xB1, 0x14, 0xFF, 0xFF, 0xFF, 0xF0, 0xB3, 0x1D, 0x14, 0xFF, 0xCC, 0x00, 0x00, 0x00,
  0x00, 0x14, 0xFF, 0xCC, 0x00, 0x00, 0x00, 0x00, 0x00, 0x1B, 0xA1, 0xE2, 0xF3, 0xCE, 0x5B, 0x00,
  0x09, 0xD8, 0xEF, 0x3C, 0x11, 0xA1, 0xFF, 0x60, 0x54, 0xFF, 0x94, 0x00, 0x00, 0x16, 0xFF, 0xD3,
  0x75, 0xFF, 0x76, 0x00, 0x00, 0x00, 0xF7, 0xF6, 0x54, 0xFF, 0x92, 0x00, 0x00, 0x16, 0xFF, 0xDA,
  0x0A, 0xDA, 0xED, 0x38, 0x11, 0xA1, 0xFF, 0x6C, 0x00, 0x1D, 0xA2, 0xE3, 0xFE, 0xFF, 0x76, 0x00,
  0x00, 0x00, 0x00, 0x00, 0x21, 0xD4, 0xC2, 0x14, 0x14, 0xFF, 0xFF, 0xFF, 0xEB, 0xA1, 0x08, 0x00,
  0x14, 0xFF, 0xCC, 0x03, 0x91, 0xFF, 0x6C, 0x00, 0x14, 0xFF, 0xCC, 0x00, 0x56, 0xFF, 0x8A, 0x00,
  0x14, 0xFF, 0xCC, 0x03, 0x92, 0xFF, 0x4B, 0x00, 0x14, 0xFF, 0xFF, 0xFF, 0xFF, 0xA7, 0x00, 0x00,
  0x14, 0xFF, 0xCC, 0x0C, 0x99, 0xFF, 0x75, 0x00, 0x14, 0xFF, 0xCC, 0x00, 0x06, 0xD1, 0xF9, 0x2F,
  0x00, 0x6C, 0xDF, 0xFA, 0xF0, 0xCB, 0x00, 0x26, 0xFF, 0x9D, 0x0A, 0x2F, 0xAC, 0x00, 0x34, 0xFF,
  0xBE, 0x30, 0x06, 0x00, 0x00, 0x00, 0x8E, 0xF6, 0xFF, 0xF6, 0xA4, 0x09, 0x00, 0x00, 0x08, 0x3C,
  0xBC, 0xFF, 0x64, 0x34, 0x98, 0x2D, 0x08, 0x89, 0xFF, 0x56, 0x23, 0xC3, 0xED, 0xFB, 0xE6, 0x90,
  0x03, 0xF4, 0xFF, 0xFF, 0xFF, 0xFF, 0xFF, 0xC4, 0x00, 0x00, 0x88, 0xFF, 0x58, 0x00, 0x00, 0x00,
  0x00, 0x88, 0xFF, 0x58, 0x00, 0x00, 0x00, 0x00, 0x88, 0xFF, 0x58, 0x00, 0x00, 0x00, 0x00, 0x88,
  0xFF, 0x58, 0x00, 0x00, 0x00, 0x00, 0x88, 0xFF, 0x58, 0x00, 0x00, 0x00, 0x00, 0x88, 0xFF, 0x58,
  0x00, 0x00, 0x14, 0xFF, 0xCC, 0x00, 0x00, 0xAC, 0xFF, 0x34, 0x14, 0xFF, 0xCC, 0x00, 0x00, 0xAC,
  0xFF, 0x34, 0x14, 0xFF, 0xCC, 0x00, 0x00, 0xAC, 0xFF, 0x34, 0x14, 0xFF, 0xCC, 0x00, 0x00, 0xAC,
  0xFF, 0x34, 0x0B, 0xFF, 0xD1, 0x00, 0x00, 0xB1, 0xFF, 0x2A, 0x00, 0xD3, 0xF7, 0x29, 0x1B, 0xE5,
  0xEA, 0x06, 0x00, 0x2C, 0xBB, 0xEF, 0xF2, 0xC5, 0x3B, 0x00, 0xC3, 0xFE, 0x20, 0x00, 0x00, 0x64,
  0xFF, 0x7E, 0x60, 0xFF, 0x7F, 0x00, 0x00, 0xC3, 0xFD, 0x1E, 0x0B, 0xF2, 0xDD, 0x01, 0x23, 0xFF,
  0xB8, 0x00, 0x00, 0x9A, 0xFF, 0x3F, 0x81, 0xFF, 0x55, 0x00, 0x00, 0x37, 0xFF, 0xA0, 0xDE, 0xEC,
  0x06, 0x00, 0x00, 0x00, 0xD4, 0xFD, 0xFF, 0x8F, 0x00, 0x00, 0x00, 0x00, 0x71, 0xFF, 0xFF, 0x2D,
  0x00, 0x00, 0x95, 0xFF, 0x37, 0x00, 0x84, 0xFF, 0x8A, 0x00, 0x30, 0xFF, 0x98, 0x55, 0xFF, 0x77,
  0x00, 0xC2, 0xF9, 0xC9, 0x00, 0x70, 0xFF, 0x59, 0x16, 0xFF, 0xB6, 0x08, 0xF8, 0x98, 0xFB, 0x0C,
  0xAF, 0xFF, 0x1A, 0x00, 0xD6, 0xF2, 0x44, 0xFE, 0x1F, 0xFC, 0x49, 0xED, 0xDB, 0x00, 0x00, 0x97,
  0xFF, 0xB5, 0xD1, 0x00, 0xCA, 0xB5, 0xFF, 0x9C, 0x00, 0x00, 0x57, 0xFF, 0xFF, 0x92, 0x00, 0x8B,
  0xFF, 0xFF, 0x5D, 0x00, 0x00, 0x18, 0xFF, 0xFF, 0x53, 0x00, 0x4C, 0xFF, 0xFF, 0x1F, 0x00, 0x5D,
  0xFF, 0x9A, 0x00, 0x0D, 0xDD, 0xEF, 0x1D, 0x00, 0xA7, 0xFF, 0x4F, 0xA0, 0xFF, 0x57, 0x00, 0x00,
  0x0F, 0xE0, 0xF4, 0xFF, 0xA2, 0x00, 0x00, 0x00, 0x00, 0x76, 0xFF, 0xFF, 0x2A, 0x00, 0x00, 0x00,
  0x1C, 0xEE, 0xE6, 0xFD, 0xBC, 0x01, 0x00, 0x02, 0xBE, 0xFC, 0x3A, 0x86, 0xFF, 0x73, 0x00, 0x75,
  0xFF, 0x82, 0x00, 0x05, 0xCA, 0xF9, 0x2F, 0x01, 0xBE, 0xFF, 0x4C, 0x00, 0x1C, 0xF0, 0xEA, 0x15,
  0x00, 0x1F, 0xF1, 0xE5, 0x10, 0xB5, 0xFF, 0x50, 0x00, 0x00, 0x00, 0x61, 0xFF, 0xD5, 0xFF, 0xA0,
  0x00, 0x00, 0x00, 0x00, 0x00, 0xB0, 0xFF, 0xE1, 0x0E, 0x00, 0x00, 0x00, 0x00, 0x00, 0x50, 0xFF,
  0x90, 0x00, 0x00, 0x00, 0x00, 0x00, 0x00, 0x50, 0xFF, 0x90, 0x00, 0x00, 0x00, 0x00, 0x00, 0x00,
  0x50, 0xFF, 0x90, 0x00, 0x00, 0x00, 0x70, 0xFF, 0xFF, 0xFF, 0xFF, 0xFF, 0xB0, 0x00, 0x00, 0x00,
  0x1F, 0xEB, 0xFF, 0x66, 0x00, 0x00, 0x0A, 0xCF, 0xFF, 0x9A, 0x00, 0x00, 0x00, 0xA7, 0xFF, 0xC5,
  0x06, 0x00, 0x00, 0x77, 0xFF, 0xE5, 0x18, 0x00, 0x00, 0x45, 0xFD, 0xF8, 0x36, 0x00, 0x00, 0x00,
  0x8C, 0xFF, 0xFF, 0xFF, 0xFF, 0xFF, 0xCC, 0x24, 0xFF, 0xFF, 0xE4, 0x24, 0xFF, 0x84, 0x00, 0x24,
  0xFF, 0x84, 0x00, 0x24, 0xFF, 0x84, 0x00, 0x24, 0xFF, 0x84, 0x00, 0x24, 0xFF, 0x84, 0x00, 0x24,
  0xFF, 0x84, 0x00, 0x24, 0xFF, 0x84, 0x00, 0x24, 0xFF, 0xFF, 0xE4, 0xD7, 0x3C, 0x00, 0x00, 0x86,
  0x8F, 0x00, 0x00, 0x34, 0xE0, 0x00, 0x00, 0x00, 0xE0, 0x34, 0x00, 0x00, 0x90, 0x86, 0x00, 0x00,
  0x3E, 0xD9, 0x00, 0x00, 0x02, 0xE9, 0x2B, 0x00, 0x00, 0x99, 0x7E, 0x54, 0xFF, 0xFF, 0xB8, 0x00,
  0x00, 0xF4, 0xB8, 0x00, 0x00, 0xF4, 0xB8, 0x00, 0x00, 0xF4, 0xB8, 0x00, 0x00, 0xF4, 0xB8, 0x00,
  0x00, 0xF4, 0xB8, 0x00, 0x00, 0xF4, 0xB8, 0x00, 0x00, 0xF4, 0xB8, 0x54, 0xFF, 0xFF, 0xB8, 0x00,
  0x0A, 0xCB, 0xF9, 0x3F, 0x00, 0x00, 0x02, 0xB0, 0xDD, 0xA8, 0xEE, 0x27, 0x00, 0x8E, 0xBB, 0x12,
  0x00, 0x72, 0xD9, 0x14, 0xFF, 0xFF, 0xFF, 0xFF, 0xFF, 0x2A, 0xE9, 0x33, 0x00, 0x00, 0x3A, 0xCC,
  0x08, 0x18, 0xFF, 0xFF, 0xF6, 0xCB, 0x39, 0x00, 0x00, 0x00, 0x16, 0xE2, 0xD0, 0x24, 0xC1, 0xF2,
  0xFF, 0xFF, 0xF5, 0x81, 0xFF, 0x65, 0x24, 0xE8, 0xF8, 0x29, 0xD4, 0xFE, 0xFF, 0xFF, 0xF8, 0x28,
  0xFF, 0x98, 0x00, 0x00, 0x00, 0x00, 0x28, 0xFF, 0x98, 0x00, 0x00, 0x00, 0x00, 0x28, 0xFF, 0x98,
  0x00, 0x00, 0x00, 0x00, 0x28, 0xFF, 0xFF, 0xFF, 0xF7, 0xA9, 0x0A, 0x28, 0xFF, 0xD7, 0x14, 0x69,
  0xFF, 0x7A, 0x28, 0xFF, 0x9F, 0x00, 0x1F, 0xFF, 0xA9, 0x28, 0xFF, 0xD6, 0x13, 0x67, 0xFF, 0x7A,
  0x28, 0xFF, 0xFF, 0xFF, 0xF7, 0xAA, 0x0A, 0x00, 0x6B, 0xD8, 0xFA, 0xFF, 0x44, 0x4D, 0xFF, 0xA6,
  0x0D, 0x00, 0x00, 0x83, 0xFF, 0x4A, 0x00, 0x00, 0x00, 0x4E, 0xFF, 0xA4, 0x0D, 0x00, 0x00, 0x00,
  0x6E, 0xDA, 0xFA, 0xFF, 0x44, 0x00, 0x00, 0x00, 0x00, 0x70, 0xFF, 0x50, 0x00, 0x00, 0x00, 0x00,
  0x70, 0xFF, 0x50, 0x00, 0x00, 0x00, 0x00, 0x70, 0xFF, 0x50, 0x01, 0x92, 0xF1, 0xFF, 0xFF, 0xFF,
  0x50, 0x54, 0xFF, 0x92, 0x0D, 0xB9, 0xFF, 0x50, 0x82, 0xFF, 0x4B, 0x00, 0x77, 0xFF, 0x50, 0x54,
  0xFF, 0x90, 0x0D, 0xB8, 0xFF, 0x50, 0x01, 0x92, 0xF1, 0xFF, 0xFF, 0xFF, 0x50, 0x00, 0x71, 0xDD,
  0xF6, 0xD0, 0x45, 0x00, 0x4F, 0xFF, 0x8B, 0x0B, 0xB3, 0xF4, 0x15, 0x84, 0xFF, 0xFF, 0xFF, 0xFF,
  0xFF, 0x45, 0x50, 0xFF, 0x82, 0x07, 0x00, 0x00, 0x00, 0x00, 0x71, 0xDB, 0xFB, 0xFF, 0xFF, 0x0C,
  0x00, 0x53, 0xE6, 0xFF, 0x70, 0x00, 0xD7, 0xE7, 0x08, 0x00, 0x00, 0xEF, 0xD0, 0x00, 0x00, 0xD0,
  0xFF, 0xFF, 0xFF, 0x4C, 0x00, 0xF0, 0xD0, 0x00, 0x00, 0x00, 0xF0, 0xD0, 0x00, 0x00, 0x00, 0xF0,
  0xD0, 0x00, 0x00, 0x00, 0xF0, 0xD0, 0x00, 0x00, 0x01, 0x90, 0xF1, 0xFF, 0xFF, 0xFF, 0x50, 0x53,
  0xFF, 0x92, 0x0E, 0xBB, 0xFF, 0x50, 0x81, 0xFF, 0x4A, 0x00, 0x78, 0xFF, 0x50, 0x53, 0xFF, 0x8E,
  0x0D, 0xBB, 0xFF, 0x50, 0x01, 0x90, 0xF1, 0xFF, 0xFF, 0xFF, 0x50, 0x00, 0x00, 0x00, 0x0F, 0xAB,
  0xFF, 0x2E, 0x00, 0xE0, 0xFF, 0xF6, 0xD4, 0x65, 0x00, 0x28, 0xFF, 0x98, 0x00, 0x00, 0x00, 0x00,
  0x28, 0xFF, 0x98, 0x00, 0x00, 0x00, 0x00, 0x28, 0xFF, 0x98, 0x00, 0x00, 0x00, 0x00, 0x28, 0xFF,
  0xFF, 0xFF, 0xF9, 0xB2, 0x05, 0x28, 0xFF, 0xD9, 0x16, 0x94, 0xFF, 0x47, 0x28, 0xFF, 0x9B, 0x00,
  0x6C, 0xFF, 0x58, 0x28, 0xFF, 0x98, 0x00, 0x6C, 0xFF, 0x58, 0x28, 0xFF, 0x98, 0x00, 0x6C, 0xFF,
  0x58, 0x28, 0xFF, 0x98, 0x28, 0xFF, 0x98, 0x00, 0x00, 0x00, 0x28, 0xFF, 0x98, 0x28, 0xFF, 0x98,
  0x28, 0xFF, 0x98, 0x28, 0xFF, 0x98, 0x28, 0xFF, 0x98, 0x00, 0x28, 0xFF, 0x98, 0x00, 0x28, 0xFF,
  0x98, 0x00, 0x00, 0x00, 0x00, 0x00, 0x28, 0xFF, 0x98, 0x00, 0x28, 0xFF, 0x98, 0x00, 0x28, 0xFF,
  0x98, 0x00, 0x28, 0xFF, 0x98, 0x00, 0x28, 0xFF, 0x97, 0x00, 0x49, 0xFF, 0x81, 0x54, 0xFC, 0xC8,
  0x1A, 0x28, 0xFF, 0x98, 0x00, 0x00, 0x00, 0x00, 0x28, 0xFF, 0x98, 0x00, 0x00, 0x00, 0x00, 0x28,
  0xFF, 0x98, 0x00, 0x00, 0x00, 0x00, 0x28, 0xFF, 0x98, 0x1D, 0xD7, 0xE0, 0x2A, 0x28, 0xFF, 0xBD,
  0xE2, 0xC9, 0x17, 0x00, 0x28, 0xFF, 0xFF, 0xFF, 0x44, 0x00, 0x00, 0x28, 0xFF, 0xA5, 0xC3, 0xF5,
  0x47, 0x00, 0x28, 0xFF, 0x98, 0x0B, 0xBF, 0xF9, 0x54, 0x28, 0xFF, 0x98, 0x28, 0xFF, 0x98, 0x28,
  0xFF, 0x98, 0x28, 0xFF, 0x98, 0x28, 0xFF, 0x98, 0x28, 0xFF, 0x98, 0x28, 0xFF, 0x98, 0x28, 0xFF,
  0x98, 0x2C, 0xFF, 0xFF, 0xFF, 0xF9, 0xD6, 0xDD, 0xF9, 0xD4, 0x27, 0x2C, 0xFF, 0xD4, 0x16, 0xC8,
  0xFF, 0x69, 0x48, 0xFF, 0x8F, 0x2C, 0xFF, 0x9B, 0x00, 0xA8, 0xFF, 0x1F, 0x20, 0xFF, 0xA0, 0x2C,
  0xFF, 0x98, 0x00, 0xA8, 0xFF, 0x1C, 0x20, 0xFF, 0xA0, 0x2C, 0xFF, 0x98, 0x00, 0xA8, 0xFF, 0x1C,
  0x20, 0xFF, 0xA0, 0x28, 0xFF, 0xFF, 0xFF, 0xF9, 0xB2, 0x05, 0x28, 0xFF, 0xD9, 0x16, 0x95, 0xFF,
  0x47, 0x28, 0xFF, 0x9B, 0x00, 0x6C, 0xFF, 0x58, 0x28, 0xFF, 0x98, 0x00, 0x6C, 0xFF, 0x58, 0x28,
  0xFF, 0x98, 0x00, 0x6C, 0xFF, 0x58, 0x00, 0x72, 0xDD, 0xF6, 0xD6, 0x5C, 0x00, 0x4F, 0xFF, 0x8F,
  0x0C, 0xAE, 0xFD, 0x31, 0x84, 0xFF, 0x47, 0x00, 0x68, 0xFF, 0x63, 0x50, 0xFF, 0x8D, 0x0C, 0xAC,
  0xFE, 0x32, 0x00, 0x75, 0xDF, 0xF7, 0xD8, 0x5F, 0x00, 0x28, 0xFF, 0xFF, 0xFF, 0xF7, 0xA9, 0x0A,
  0x28, 0xFF, 0xD7, 0x14, 0x69, 0xFF, 0x7A, 0x28, 0xFF, 0x9F, 0x00, 0x1F, 0xFF, 0xA9, 0x28, 0xFF,
  0xD6, 0x13, 0x67, 0xFF, 0x7A, 0x28, 0xFF, 0xFF, 0xFF, 0xF7, 0xAA, 0x0A, 0x28, 0xFF, 0x98, 0x00,
  0x00, 0x00, 0x00, 0x28, 0xFF, 0x98, 0x00, 0x00, 0x00, 0x00, 0x01, 0x92, 0xF1, 0xFF, 0xFF, 0xFF,
  0x50, 0x55, 0xFF, 0x92, 0x0D, 0xB9, 0xFF, 0x50, 0x82, 0xFF, 0x4B, 0x00, 0x77, 0xFF, 0x50, 0x54,
  0xFF, 0x90, 0x0D, 0xB8, 0xFF, 0x50, 0x01, 0x92, 0xF1, 0xFF, 0xFF, 0xFF, 0x50, 0x00, 0x00, 0x00,
  0x00, 0x70, 0xFF, 0x50, 0x00, 0x00, 0x00, 0x00, 0x70, 0xFF, 0x50, 0x28, 0xFF, 0xFF, 0xFF, 0xE8,
  0x28, 0xFF, 0xDD, 0x1F, 0x00, 0x28, 0xFF, 0x9B, 0x00, 0x00, 0x28, 0xFF, 0x98, 0x00, 0x00, 0x28,
  0xFF, 0x98, 0x00, 0x00, 0x1A, 0xC0, 0xF5, 0xFF, 0xFF, 0x1C, 0x6F, 0xFF, 0x8A, 0x3D, 0x0B, 0x00,
  0x31, 0xEE, 0xFF, 0xFF, 0xF1, 0x35, 0x00, 0x07, 0x35, 0x90, 0xFF, 0x6D, 0x68, 0xFF, 0xFF, 0xF2,
  0xB5, 0x14, 0x00, 0xFF, 0xC0, 0x00, 0x00, 0x00, 0xFF, 0xC0, 0x00, 0x00, 0xE0, 0xFF, 0xFF, 0xFF,
  0x8C, 0x00, 0xFF, 0xC0, 0x00, 0x00, 0x00, 0xFF, 0xC0, 0x00, 0x00, 0x00, 0xF8, 0xD0, 0x03, 0x00,
  0x00, 0x8D, 0xF4, 0xFF, 0x68, 0x38, 0xFF, 0x8B, 0x00, 0x78, 0xFF, 0x48, 0x38, 0xFF, 0x88, 0x00,
  0x78, 0xFF, 0x48, 0x38, 0xFF, 0x88, 0x00, 0x7B, 0xFF, 0x48, 0x28, 0xFF, 0xAF, 0x0F, 0xC2, 0xFF,
  0x48, 0x00, 0x9D, 0xF6, 0xFF, 0xFF, 0xFF, 0x48, 0xA2, 0xFD, 0x1C, 0x00, 0x93, 0xFF, 0x29, 0x34,
  0xFF, 0x7E, 0x08, 0xEE, 0xBA, 0x00, 0x00, 0xC6, 0xE1, 0x5E, 0xFF, 0x4B, 0x00, 0x00, 0x59, 0xFF,
  0xEB, 0xDB, 0x01, 0x00, 0x00, 0x05, 0xE5, 0xFF, 0x6F, 0x00, 0x00, 0x80, 0xFF, 0x2D, 0x3F, 0xFF,
  0x7D, 0x03, 0xEF, 0xBE, 0x36, 0xFF, 0x72, 0x83, 0xF2, 0xC2, 0x38, 0xFF, 0x75, 0x01, 0xEA, 0xB6,
  0xC7, 0x7E, 0xFA, 0x89, 0xFF, 0x2B, 0x00, 0xA3, 0xF5, 0xFB, 0x1B, 0xDB, 0xF4, 0xE1, 0x00, 0x00,
  0x59, 0xFF, 0xD6, 0x00, 0x96, 0xFF, 0x98, 0x00, 0x59, 0xFF, 0x78, 0x1B, 0xEA, 0xC6, 0x06, 0x00,
  0x8A, 0xFC, 0xD5, 0xE5, 0x18, 0x00, 0x00, 0x0B, 0xF0, 0xFF, 0x70, 0x00, 0x00, 0x00, 0xA2, 0xF7,
  0xC6, 0xF0, 0x26, 0x00, 0x71, 0xFF, 0x62, 0x11, 0xDE, 0xD6, 0x0D, 0xA5, 0xFB, 0x1B, 0x00, 0x98,
  0xFE, 0x24, 0x2D, 0xFF, 0x85, 0x07, 0xEE, 0xB7, 0x00, 0x00, 0xB5, 0xEB, 0x5D, 0xFF, 0x4C, 0x00,
  0x00, 0x3E, 0xFF, 0xF0, 0xDF, 0x02, 0x00, 0x00, 0x00, 0xC6, 0xFF, 0x77, 0x00, 0x00, 0x00, 0x05,
  0xA0, 0xF5, 0x14, 0x00, 0x00, 0x00, 0xFF, 0xED, 0x61, 0x00, 0x00, 0x00, 0x6C, 0xFF, 0xFF, 0xFF,
  0xFF, 0x58, 0x00, 0x00, 0x3A, 0xF2, 0xDF, 0x1C, 0x00, 0x3C, 0xF3, 0xDD, 0x1E, 0x00, 0x3B, 0xF4,
  0xDC, 0x1D, 0x00, 0x00, 0x8C, 0xFF, 0xFF, 0xFF, 0xFF, 0x58, 0x00, 0x04, 0xAE, 0xF6, 0xE0, 0x00,
  0x32, 0xFF, 0x91, 0x03, 0x00, 0x3D, 0xFF, 0x6C, 0x00, 0x03, 0x76, 0xFF, 0x58, 0x00, 0xC0, 0xFF,
  0xE0, 0x0E, 0x00, 0x04, 0x83, 0xFF, 0x5A, 0x00, 0x00, 0x40, 0xFF, 0x6C, 0x00, 0x00, 0x31, 0xFF,
  0x92, 0x03, 0x00, 0x04, 0xAE, 0xF7, 0xE0, 0xBC, 0x60, 0xBC, 0x60, 0xBC, 0x60, 0xBC, 0x60, 0xBC,
  0x60, 0xBC, 0x60, 0xBC, 0x60, 0xBC, 0x60, 0xBC, 0x60, 0xBC, 0x60, 0xC0, 0xF9, 0xBF, 0x0C, 0x00,
  0x02, 0x77, 0xFF, 0x4D, 0x00, 0x00, 0x50, 0xFF, 0x59, 0x00, 0x00, 0x3D, 0xFF, 0x91, 0x04, 0x00,
  0x04, 0xCD, 0xFF, 0xE0, 0x00, 0x3F, 0xFF, 0x9D, 0x06, 0x00, 0x50, 0xFF, 0x5C, 0x00, 0x02, 0x77,
  0xFF, 0x4D, 0x00, 0xC0, 0xF9, 0xBF, 0x0C, 0x00, 0x00, 0x00, 0x00, 0x00, 0x00, 0x00, 0x01, 0x61,
  0xE3, 0xDA, 0x60, 0x0F, 0x60, 0x49, 0x70, 0x13, 0x34, 0xB3, 0xF1, 0xA3, 0x0B, 0x98, 0xFF, 0x28,
  0x98, 0xFF, 0x28, 0x00, 0x00, 0x00, 0x6B, 0xF8, 0x02, 0x8F, 0xFF, 0x1E, 0x98, 0xFF, 0x28, 0x98,
  0xFF, 0x28, 0x00, 0x00, 0x00, 0x94, 0x38, 0x00, 0x00, 0x34, 0xC1, 0xFA, 0xFF, 0xAC, 0x04, 0xE9,
  0xEA, 0xAC, 0x38, 0x00, 0x1D, 0xFF, 0xB9, 0x94, 0x38, 0x00, 0x03, 0xE4, 0xE9, 0xAB, 0x38, 0x00,
  0x00, 0x31, 0xBF, 0xFA, 0xFF, 0xAC, 0x00, 0x00, 0x00, 0x94, 0x38, 0x00, 0x00, 0x00, 0x00, 0x94,
  0x38, 0x00, 0x00, 0x00, 0x8A, 0xE9, 0xFE, 0xFF, 0x10, 0x00, 0x30, 0xFF, 0xAD, 0x06, 0x00, 0x00,
  0x00, 0x47, 0xFF, 0x80, 0x00, 0x00, 0x00, 0x3C, 0xFF, 0xFF, 0xFF, 0xFF, 0x54, 0x00, 0x00, 0x48,
  0xFF, 0x80, 0x00, 0x00, 0x00, 0x00, 0x48, 0xFF, 0x80, 0x00, 0x00, 0x00, 0x64, 0xFF, 0xFF, 0xFF,
  0xFF, 0xFF, 0x20, 0x3F, 0x80, 0x00, 0x00, 0x2D, 0x98, 0x35, 0xED, 0xDD, 0xF2, 0xEA, 0x84, 0x00,
  0xCD, 0x5F, 0x19, 0xE3, 0x2C, 0x00, 0xCF, 0x5B, 0x17, 0xE3, 0x2B, 0x35, 0xED, 0xE0, 0xF3, 0xEA,
  0x83, 0x45, 0x80, 0x00, 0x00, 0x2D, 0x8D, 0x78, 0xFF, 0x7D, 0x00, 0x86, 0xFF, 0x6E, 0x00, 0xA4,
  0xFE, 0x99, 0xFF, 0x9D, 0x00, 0xAC, 0xFF, 0xFF, 0xFF, 0xFF, 0xFF, 0xA0, 0x00, 0x00, 0x85, 0xFF,
  0x79, 0x00, 0x00, 0xAC, 0xFF, 0xFF, 0xFF, 0xFF, 0xFF, 0xA0, 0x00, 0x00, 0x74, 0xFF, 0x68, 0x00,
  0x00, 0x00, 0x00, 0x74, 0xFF, 0x68, 0x00, 0x00, 0xBC, 0x60, 0xBC, 0x60, 0xBC, 0x60, 0xBC, 0x60,
  0x00, 0x00, 0xBC, 0x60, 0xBC, 0x60, 0xBC, 0x60, 0xBC, 0x60, 0x29, 0xCF, 0xF9, 0xE4, 0x3F, 0x6F,
  0xFF, 0x67, 0x03, 0x00, 0x39, 0xFB, 0xFF, 0xD8, 0x37, 0xD6, 0xA1, 0x2D, 0xCC, 0xDB, 0xD6, 0xCD,
  0x2B, 0x8D, 0xDF, 0x3A, 0xE1, 0xFF, 0xFB, 0x45, 0x00, 0x06, 0x69, 0xFF, 0x7A, 0x54, 0xE7, 0xF9,
  0xD0, 0x30, 0x08, 0xFF, 0x38, 0xFF, 0x08, 0x00, 0x10, 0x9D, 0xF0, 0xF0, 0x9D, 0x10, 0x00, 0x04,
  0xC5, 0x82, 0x19, 0x1A, 0x83, 0xC5, 0x04, 0x58, 0x91, 0x56, 0xE1, 0xF6, 0x60, 0x94, 0x57, 0x94,
  0x39, 0xF3, 0x6A, 0x02, 0x00, 0x39, 0x93, 0x94, 0x38, 0xF3, 0x6D, 0x04, 0x00, 0x39, 0x94, 0x58,
  0x8F, 0x56, 0xE1, 0xF6, 0x60, 0x92, 0x57, 0x04, 0xC3, 0x7F, 0x19, 0x19, 0x81, 0xC3, 0x04, 0x00,
  0x0F, 0x9E, 0xF0, 0xF0, 0x9E, 0x0F, 0x00, 0x00, 0xB6, 0xF6, 0xDA, 0x3B, 0x00, 0x00, 0x03, 0x94,
  0xC1, 0x13, 0xC9, 0xF8, 0xFF, 0xE1, 0x18, 0xDB, 0xED, 0xA4, 0xE4, 0x00, 0x00, 0x00, 0x00, 0x00,
  0x24, 0xFF, 0xFF, 0xFF, 0xD4, 0x00, 0x00, 0x70, 0x28, 0x32, 0x67, 0x05, 0x9C, 0xD2, 0x65, 0xEB,
  0x45, 0x3C, 0xF2, 0x19, 0xE4, 0x64, 0x00, 0x05, 0x9C, 0xD2, 0x65, 0xEB, 0x45, 0x00, 0x00, 0x71,
  0x28, 0x32, 0x67, 0xF0, 0xFF, 0xFF, 0xFF, 0xFF, 0xFF, 0x50, 0x00, 0x00, 0x00, 0x00, 0x00, 0xD4,
  0x50, 0x00, 0x00, 0x00, 0x00, 0x00, 0xD4, 0x50, 0x00, 0x10, 0x9D, 0xF0, 0xF0, 0x9D, 0x10, 0x00,
  0x04, 0xC5, 0x82, 0x19, 0x1A, 0x83, 0xC5, 0x04, 0x58, 0x91, 0x7C, 0xFF, 0xF0, 0x5F, 0x94, 0x57,
  0x94, 0x36, 0x7C, 0xFF, 0xEB, 0x4B, 0x39, 0x93, 0x94, 0x35, 0x7C, 0x9A, 0xE0, 0x2C, 0x39, 0x94,
  0x58, 0x8F, 0x7C, 0x8C, 0x79, 0xA3, 0x92, 0x57, 0x04, 0xC3, 0x7F, 0x19, 0x19, 0x81, 0xC3, 0x04,
  0x00, 0x0F, 0x9E, 0xF0, 0xF0, 0x9E, 0x0F, 0x00, 0x08, 0xFF, 0xFF, 0xFF, 0x08, 0x00, 0x9C, 0xF3,
  0x99, 0x00, 0x13, 0xD6, 0x1F, 0xD8, 0x11, 0x00, 0x9F, 0xF5, 0x9B, 0x00, 0x00, 0x00, 0x64, 0xC4,
  0x00, 0x00, 0x00, 0x00, 0x00, 0x64, 0xC4, 0x00, 0x00, 0x00, 0xF0, 0xFF, 0xFF, 0xFF, 0xFF, 0xFF,
  0x50, 0x00, 0x00, 0x64, 0xC4, 0x00, 0x00, 0x00, 0x00, 0x00, 0x64, 0xC4, 0x00, 0x00, 0x00, 0x00,
  0x00, 0x00, 0x00, 0x00, 0x00, 0x00, 0xF0, 0xFF, 0xFF, 0xFF, 0xFF, 0xFF, 0x50, 0x4F, 0xE7, 0xF5,
  0x7B, 0x00, 0x00, 0xA3, 0x9E, 0x05, 0xA0, 0x9C, 0x06, 0x71, 0xFF, 0xFF, 0xD0, 0x58, 0xF3, 0xF6,
  0x80, 0x00, 0xC8, 0xFE, 0x5E, 0x00, 0x03, 0x8A, 0xC3, 0x71, 0xF5, 0xEE, 0x6C, 0x00, 0x34, 0xE9,
  0x2A, 0x08, 0xCD, 0x39, 0x00, 0x28, 0xFF, 0x9C, 0x00, 0x68, 0xFF, 0x58, 0x00, 0x28, 0xFF, 0x9C,
  0x00, 0x68, 0xFF, 0x58, 0x00, 0x28, 0xFF, 0x9C, 0x00, 0x68, 0xFF, 0x58, 0x00, 0x28, 0xFF, 0xC3,
  0x11, 0x95, 0xFF, 0x68, 0x01, 0x28, 0xFF, 0xEA, 0xF6, 0xB9, 0xD1, 0xF3, 0x0A, 0x28, 0xFF, 0x9C,
  0x00, 0x00, 0x00, 0x00, 0x00, 0x28, 0xFF, 0x9C, 0x00, 0x00, 0x00, 0x00, 0x00, 0x00, 0x8D, 0xEF,
  0xFF, 0xFF, 0x7C, 0x44, 0xFF, 0xFF, 0xA4, 0x70, 0x7C, 0x46, 0xFF, 0xFF, 0xA4, 0x70, 0x7C, 0x01,
  0x8F, 0xF0, 0xA4, 0x70, 0x7C, 0x00, 0x00, 0x4C, 0xA4, 0x70, 0x7C, 0x00, 0x00, 0x4C, 0xA4, 0x70,
  0x7C, 0x00, 0x00, 0x4C, 0xA4, 0x70, 0x7C, 0x00, 0x00, 0x4C, 0xA4, 0x70, 0x7C, 0xFC, 0xC8, 0xFC,
  0xC8, 0x00, 0x7C, 0x40, 0xB8, 0xF7, 0x50, 0x61, 0xD7, 0xD4, 0x00, 0x00, 0x4C, 0xD4, 0x00, 0x00,
  0x4C, 0xD4, 0x00, 0x50, 0xFF, 0xFF, 0xD0, 0x04, 0xA0, 0xF2, 0xE2, 0x56, 0x00, 0x52, 0xFF, 0x2B,
  0x85, 0xF3, 0x02, 0x53, 0xFF, 0x31, 0x89, 0xF3, 0x02, 0x04, 0xA2, 0xF3, 0xE4, 0x59, 0x00, 0x00,
  0x00, 0x00, 0x00, 0x00, 0x00, 0x30, 0xFF, 0xFF, 0xFF, 0xD4, 0x00, 0x0F, 0x87, 0x01, 0x80, 0x18,
  0x00, 0x05, 0xC1, 0xB1, 0x7D, 0xE2, 0x32, 0x00, 0x0B, 0xE2, 0x58, 0x95, 0xB0, 0x05, 0xC1, 0xB1,
  0x7C, 0xE2, 0x32, 0x0F, 0x88, 0x02, 0x81, 0x18, 0x00, 0x79, 0xDB, 0xB8, 0x00, 0x00, 0x00, 0x47,
  0xCC, 0x03, 0x00, 0x00, 0x68, 0xB8, 0x00, 0x00, 0x0C, 0xDC, 0x2F, 0x00, 0x00, 0x00, 0x68, 0xB8,
  0x00, 0x00, 0x95, 0x82, 0x26, 0x4F, 0x00, 0x6C, 0xFF, 0xFF, 0xB4, 0x3D, 0xD3, 0x16, 0xD0, 0xE8,
  0x00, 0x00, 0x00, 0x00, 0x08, 0xD7, 0x37, 0x9F, 0x61, 0xE8, 0x00, 0x00, 0x00, 0x00, 0x8A, 0x8D,
  0x1D, 0xE4, 0xD1, 0xFA, 0x6E, 0x00, 0x00, 0x34, 0xD9, 0x0A, 0x00, 0x00, 0x29, 0xAA, 0x00, 0x79,
  0xDB, 0xB8, 0x00, 0x00, 0x00, 0x47, 0xCC, 0x03, 0x00, 0x00, 0x68, 0xB8, 0x00, 0x00, 0x0C, 0xDC,
  0x2F, 0x00, 0x00, 0x00, 0x68, 0xB8, 0x00, 0x00, 0x95, 0x82, 0x00, 0x00, 0x00, 0x6C, 0xFF, 0xFF,
  0xB4, 0x3D, 0xD3, 0x4D, 0xE5, 0xF6, 0x86, 0x00, 0x00, 0x00, 0x08, 0xD7, 0x37, 0x00, 0x00, 0x97,
  0xAA, 0x00, 0x00, 0x00, 0x8A, 0x8D, 0x00, 0x03, 0x96, 0xA6, 0x09, 0x00, 0x00, 0x34, 0xD9, 0x0A,
  0x00, 0x65, 0xFF, 0xFF, 0xDC, 0x4A, 0xF1, 0xF8, 0x8E, 0x00, 0x00, 0x47, 0xCC, 0x03, 0x00, 0x00,
  0xB8, 0xFF, 0x6D, 0x00, 0x0C, 0xDC, 0x2F, 0x00, 0x00, 0x00, 0x02, 0x7B, 0xD3, 0x00, 0x95, 0x82,
  0x26, 0x4F, 0x00, 0x63, 0xF3, 0xF0, 0x7A, 0x3D, 0xD3, 0x16, 0xD0, 0xE8, 0x00, 0x00, 0x00, 0x00,
  0x08, 0xD7, 0x37, 0x9F, 0x61, 0xE8, 0x00, 0x00, 0x00, 0x00, 0x8A, 0x8D, 0x1D, 0xE4, 0xD1, 0xFA,
  0x6E, 0x00, 0x00, 0x34, 0xD9, 0x0A, 0x00, 0x00, 0x29, 0xAA, 0x00, 0x00, 0x00, 0xA0, 0xFF, 0x24,
  0x00, 0x00, 0x00, 0xA0, 0xFF, 0x24, 0x00, 0x00, 0x00, 0x00, 0x00, 0x00, 0x00, 0x00, 0x00, 0xBF,
  0xFF, 0x13, 0x00, 0x03, 0x9C, 0xFF, 0x80, 0x00, 0x00, 0x3D, 0xFF, 0xA8, 0x02, 0x00, 0x00, 0x0C,
  0xAD, 0xF2, 0xFF, 0xFF, 0x28, 0x00, 0x00, 0x47, 0xC6, 0x1C, 0x00, 0x00, 0x00, 0x00, 0x00, 0x00,
  0x00, 0x00, 0x00, 0x00, 0x00, 0x00, 0x00, 0x72, 0xFF, 0xFF, 0x2C, 0x00, 0x00, 0x00, 0x00, 0xD4,
  0xE6, 0xFE, 0x8F, 0x00, 0x00, 0x00, 0x37, 0xFF, 0x78, 0xB9, 0xEC, 0x06, 0x00, 0x00, 0x9A, 0xFB,
  0x17, 0x53, 0xFF, 0x55, 0x00, 0x0A, 0xF2, 0xFF, 0xFF, 0xFF, 0xFF, 0xB8, 0x00, 0x60, 0xFF, 0x49,
  0x00, 0x00, 0x8C, 0xFD, 0x1D, 0xC3, 0xFD, 0x0F, 0x00, 0x00, 0x51, 0xFF, 0x7E, 0x00, 0x00, 0x00,
  0x7B, 0xA2, 0x0C, 0x00, 0x00, 0x00, 0x00, 0x00, 0x00, 0x00, 0x00, 0x00, 0x00, 0x00, 0x00, 0x72,
  0xFF, 0xFF, 0x2C, 0x00, 0x00, 0x00, 0x00, 0xD4, 0xE6, 0xFE, 0x8F, 0x00, 0x00, 0x00, 0x37, 0xFF,
  0x78, 0xB9, 0xEC, 0x06, 0x00, 0x00, 0x9A, 0xFB, 0x17, 0x53, 0xFF, 0x55, 0x00, 0x0A, 0xF2, 0xFF,
  0xFF, 0xFF, 0xFF, 0xB8, 0x00, 0x60, 0xFF, 0x49, 0x00, 0x00, 0x8C, 0xFD, 0x1D, 0xC3, 0xFD, 0x0F,
  0x00, 0x00, 0x51, 0xFF, 0x7E, 0x00, 0x00, 0x6C, 0xA1, 0xB6, 0x3C, 0x00, 0x00, 0x00, 0x00, 0x00,
  0x00, 0x00, 0x00, 0x00, 0x00, 0x00, 0x00, 0x72, 0xFF, 0xFF, 0x2C, 0x00, 0x00, 0x00, 0x00, 0xD4,
  0xE6, 0xFE, 0x8F, 0x00, 0x00, 0x00, 0x37, 0xFF, 0x78, 0xB9, 0xEC, 0x06, 0x00, 0x00, 0x9A, 0xFB,
  0x17, 0x53, 0xFF, 0x55, 0x00, 0x0A, 0xF2, 0xFF, 0xFF, 0xFF, 0xFF, 0xB8, 0x00, 0x60, 0xFF, 0x49,
  0x00, 0x00, 0x8C, 0xFD, 0x1D, 0xC3, 0xFD, 0x0F, 0x00, 0x00, 0x51, 0xFF, 0x7E, 0x00, 0x00, 0x7C,
  0xCE, 0x4A, 0x89, 0x00, 0x00, 0x00, 0x00, 0xB7, 0x41, 0xE7, 0x41, 0x00, 0x00, 0x00, 0x00, 0x00,
  0x00, 0x00, 0x00, 0x00, 0x00, 0x00, 0x00, 0x72, 0xFF, 0xFF, 0x2C, 0x00, 0x00, 0x00, 0x00, 0xD4,
  0xE6, 0xFE, 0x8F, 0x00, 0x00, 0x00, 0x37, 0xFF, 0x78, 0xB9, 0xEC, 0x06, 0x00, 0x00, 0x9A, 0xFB,
  0x17, 0x53, 0xFF, 0x55, 0x00, 0x0A, 0xF2, 0xFF, 0xFF, 0xFF, 0xFF, 0xB8, 0x00, 0x60, 0xFF, 0x49,
  0x00, 0x00, 0x8C, 0xFD, 0x1D, 0xC3, 0xFD, 0x0F, 0x00, 0x00, 0x51, 0xFF, 0x7E, 0x00, 0x00, 0xB0,
  0x74, 0xC4, 0x60, 0x00, 0x00, 0x00, 0x00, 0x00, 0x00, 0x00, 0x00, 0x00, 0x00, 0x00, 0x00, 0x72,
  0xFF, 0xFF, 0x2C, 0x00, 0x00, 0x00, 0x00, 0xD4, 0xE6, 0xFE, 0x8F, 0x00, 0x00, 0x00, 0x37, 0xFF,
  0x78, 0xB9, 0xEC, 0x06, 0x00, 0x00, 0x9A, 0xFB, 0x17, 0x53, 0xFF, 0x55, 0x00, 0x0A, 0xF2, 0xFF,
  0xFF, 0xFF, 0xFF, 0xB8, 0x00, 0x60, 0xFF, 0x49, 0x00, 0x00, 0x8C, 0xFD, 0x1D, 0xC3, 0xFD, 0x0F,
  0x00, 0x00, 0x51, 0xFF, 0x7E, 0x00, 0x00, 0x2F, 0xE5, 0xC7, 0x0B, 0x00, 0x00, 0x00, 0x00, 0x77,
  0x6D, 0xAB, 0x36, 0x00, 0x00, 0x00, 0x00, 0x75, 0xFF, 0xFF, 0x34, 0x00, 0x00, 0x00, 0x00, 0xD6,
  0xE5, 0xFD, 0x95, 0x00, 0x00, 0x00, 0x39, 0xFF, 0x77, 0xB8, 0xEE, 0x08, 0x00, 0x00, 0x9C, 0xFB,
  0x17, 0x53, 0xFF, 0x59, 0x00, 0x0B, 0xF2, 0xFF, 0xFF, 0xFF, 0xFF, 0xBB, 0x00, 0x61, 0xFF, 0x49,
  0x00, 0x00, 0x8C, 0xFD, 0x1F, 0xC3, 0xFD, 0x0F, 0x00, 0x00, 0x51, 0xFF, 0x7F, 0x00, 0x00, 0x2C,
  0xFF, 0xEC, 0xFF, 0xFF, 0xFF, 0xFF, 0xFF, 0x04, 0x00, 0x00, 0x9B, 0xFC, 0x2B, 0xFF, 0xD4, 0x00,
  0x00, 0x00, 0x00, 0x00, 0x13, 0xF6, 0xB1, 0x10, 0xFF, 0xD4, 0x00, 0x00, 0x00, 0x00, 0x00, 0x7A,
  0xFF, 0x4B, 0x10, 0xFF, 0xFF, 0xFF, 0xFF, 0xD0, 0x00, 0x05, 0xE4, 0xFF, 0xFF, 0xFF, 0xFF, 0xD4,
  0x00, 0x00, 0x00, 0x00, 0x59, 0xFF, 0x59, 0x00, 0x10, 0xFF, 0xD4, 0x00, 0x00, 0x00, 0x00, 0xC8,
  0xF3, 0x0A, 0x00, 0x10, 0xFF, 0xFF, 0xFF, 0xFF, 0xFF, 0x20, 0x00, 0x13, 0x92, 0xDC, 0xF8, 0xE3,
  0x7D, 0x09, 0xD9, 0xF9, 0x57, 0x0D, 0x3B, 0x7E, 0x5B, 0xFF, 0x9E, 0x00, 0x00, 0x00, 0x00, 0x7A,
  0xFF, 0x78, 0x00, 0x00, 0x00, 0x00, 0x5B, 0xFF, 0x9D, 0x00, 0x00, 0x00, 0x00, 0x09, 0xDA, 0xF9,
  0x54, 0x0C, 0x37, 0x7E, 0x00, 0x15, 0x94, 0xDD, 0xF9, 0xE7, 0x7F, 0x00, 0x00, 0x00, 0x00, 0xA1,
  0x1B, 0x00, 0x00, 0x00, 0x00, 0xE8, 0xEF, 0x29, 0x00, 0x00, 0x05, 0x8B, 0x98, 0x01, 0x00, 0x00,
  0x00, 0x00, 0x00, 0x00, 0x00, 0x00, 0x00, 0x14, 0xFF, 0xFF, 0xFF, 0xFF, 0xFC, 0x00, 0x14, 0xFF,
  0xCC, 0x00, 0x00, 0x00, 0x00, 0x14, 0xFF, 0xCC, 0x00, 0x00, 0x00, 0x00, 0x14, 0xFF, 0xFF, 0xFF,
  0xFF, 0xCC, 0x00, 0x14, 0xFF, 0xCC, 0x00, 0x00, 0x00, 0x00, 0x14, 0xFF, 0xCC, 0x00, 0x00, 0x00,
  0x00, 0x14, 0xFF, 0xFF, 0xFF, 0xFF, 0xFF, 0x18, 0x00, 0x00, 0x0F, 0xBE, 0x5C, 0x00, 0x00, 0x00,
  0x00, 0x00, 0x00, 0x00, 0x00, 0x00, 0x14, 0xFF, 0xFF, 0xFF, 0xFF, 0xFC, 0x00, 0x14, 0xFF, 0xCC,
  0x00, 0x00, 0x00, 0x00, 0x14, 0xFF, 0xCC, 0x00, 0x00, 0x00, 0x00, 0x14, 0xFF, 0xFF, 0xFF, 0xFF,
  0xCC, 0x00, 0x14, 0xFF, 0xCC, 0x00, 0x00, 0x00, 0x00, 0x14, 0xFF, 0xCC, 0x00, 0x00, 0x00, 0x00,
  0x14, 0xFF, 0xFF, 0xFF, 0xFF, 0xFF, 0x18, 0x00, 0x19, 0xB6, 0x8F, 0x9C, 0x05, 0x00, 0x00, 0x00,
  0x00, 0x00, 0x00, 0x00, 0x00, 0x14, 0xFF, 0xFF, 0xFF, 0xFF, 0xFC, 0x00, 0x14, 0xFF, 0xCC, 0x00,
  0x00, 0x00, 0x00, 0x14, 0xFF, 0xCC, 0x00, 0x00, 0x00, 0x00, 0x14, 0xFF, 0xFF, 0xFF, 0xFF, 0xCC,
  0x00, 0x14, 0xFF, 0xCC, 0x00, 0x00, 0x00, 0x00, 0x14, 0xFF, 0xCC, 0x00, 0x00, 0x00, 0x00, 0x14,
  0xFF, 0xFF, 0xFF, 0xFF, 0xFF, 0x18, 0x00, 0x28, 0xFC, 0x3C, 0xE8, 0x00, 0x00, 0x00, 0x00, 0x00,
  0x00, 0x00, 0x00, 0x00, 0x14, 0xFF, 0xFF, 0xFF, 0xFF, 0xFC, 0x00, 0x14, 0xFF, 0xCC, 0x00, 0x00,
  0x00, 0x00, 0x14, 0xFF, 0xCC, 0x00, 0x00, 0x00, 0x00, 0x14, 0xFF, 0xFF, 0xFF, 0xFF, 0xCC, 0x00,
  0x14, 0xFF, 0xCC, 0x00, 0x00, 0x00, 0x00, 0x14, 0xFF, 0xCC, 0x00, 0x00, 0x00, 0x00, 0x14, 0xFF,
  0xFF, 0xFF, 0xFF, 0xFF, 0x18, 0x49, 0xC5, 0x1A, 0x00, 0x00, 0x00, 0x14, 0xFF, 0xCC, 0x14, 0xFF,
  0xCC, 0x14, 0xFF, 0xCC, 0x14, 0xFF, 0xCC, 0x14, 0xFF, 0xCC, 0x14, 0xFF, 0xCC, 0x14, 0xFF, 0xCC,
  0x00, 0x80, 0x9F, 0x0B, 0x00, 0x00, 0x00, 0x00, 0x14, 0xFF, 0xCC, 0x00, 0x14, 0xFF, 0xCC, 0x00,
  0x14, 0xFF, 0xCC, 0x00, 0x14, 0xFF, 0xCC, 0x00, 0x14, 0xFF, 0xCC, 0x00, 0x14, 0xFF, 0xCC, 0x00,
  0x14, 0xFF, 0xCC, 0x00, 0x70, 0x9F, 0xB6, 0x39, 0x00, 0x00, 0x00, 0x00, 0x14, 0xFF, 0xCC, 0x00,
  0x14, 0xFF, 0xCC, 0x00, 0x14, 0xFF, 0xCC, 0x00, 0x14, 0xFF, 0xCC, 0x00, 0x14, 0xFF, 0xCC, 0x00,
  0x14, 0xFF, 0xCC, 0x00, 0x14, 0xFF, 0xCC, 0x00, 0xAC, 0x78, 0xC0, 0x64, 0x00, 0x00, 0x00, 0x00,
  0x14, 0xFF, 0xCC, 0x00, 0x14, 0xFF, 0xCC, 0x00, 0x14, 0xFF, 0xCC, 0x00, 0x14, 0xFF, 0xCC, 0x00,
  0x14, 0xFF, 0xCC, 0x00, 0x14, 0xFF, 0xCC, 0x00, 0x14, 0xFF, 0xCC, 0x00, 0x00, 0xFC, 0xFF, 0xFA,
  0xEA, 0xBA, 0x42, 0x00, 0x00, 0xFC, 0xE4, 0x03, 0x31, 0xD1, 0xFD, 0x45, 0x00, 0xFC, 0xE4, 0x00,
  0x00, 0x41, 0xFF, 0xB1, 0xD8, 0xFF, 0xFF, 0xFF, 0x08, 0x1D, 0xFF, 0xD4, 0x00, 0xFC, 0xE4, 0x00,
  0x00, 0x43, 0xFF, 0xB1, 0x00, 0xFC, 0xE4, 0x03, 0x31, 0xD1, 0xFD, 0x45, 0x00, 0xFC, 0xFF, 0xFB,
  0xEC, 0xBB, 0x42, 0x00, 0x00, 0x00, 0x5B, 0xDE, 0x39, 0xAC, 0x00, 0x00, 0x00, 0x00, 0xA5, 0x3C,
  0xDD, 0x61, 0x00, 0x00, 0x00, 0x00, 0x00, 0x00, 0x00, 0x00, 0x00, 0x00, 0x14, 0xFF, 0xFF, 0x4A,
  0x00, 0x54, 0xFF, 0x74, 0x14, 0xFF, 0xFF, 0xD4, 0x03, 0x54, 0xFF, 0x74, 0x14, 0xFF, 0xD7, 0xFB,
  0x66, 0x54, 0xFF, 0x74, 0x14, 0xFF, 0xB4, 0x95, 0xE7, 0x60, 0xFF, 0x74, 0x14, 0xFF, 0xB4, 0x15,
  0xF1, 0xD2, 0xFF, 0x74, 0x14, 0xFF, 0xB4, 0x00, 0x79, 0xFF, 0xFF, 0x74, 0x14, 0xFF, 0xB4, 0x00,
  0x08, 0xE2, 0xFF, 0x74, 0x00, 0x00, 0x17, 0xB5, 0x5D, 0x00, 0x00, 0x00, 0x00, 0x00, 0x00, 0x00,
  0x00, 0x00, 0x00, 0x00, 0x00, 0x1B, 0xA1, 0xE2, 0xF3, 0xCE, 0x5B, 0x00, 0x09, 0xD8, 0xEF, 0x3C,
  0x11, 0xA1, 0xFF, 0x61, 0x54, 0xFF, 0x94, 0x00, 0x00, 0x16, 0xFF, 0xD4, 0x75, 0xFF, 0x77, 0x00,
  0x00, 0x00, 0xF7, 0xF5, 0x54, 0xFF, 0x94, 0x00, 0x00, 0x16, 0xFF, 0xD4, 0x09, 0xDA, 0xEF, 0x3B,
  0x11, 0xA1, 0xFF, 0x63, 0x00, 0x1D, 0xA3, 0xE4, 0xF4, 0xCF, 0x60, 0x00, 0x00, 0x00, 0x00, 0x2E,
  0xC7, 0x33, 0x00, 0x00, 0x00, 0x00, 0x00, 0x00, 0x00, 0x00, 0x00, 0x00, 0x00, 0x1B, 0xA1, 0xE2,
  0xF3, 0xCE, 0x5B, 0x00, 0x09, 0xD8, 0xEF, 0x3C, 0x11, 0xA1, 0xFF, 0x61, 0x54, 0xFF, 0x94, 0x00,
  0x00, 0x16, 0xFF, 0xD4, 0x75, 0xFF, 0x77, 0x00, 0x00, 0x00, 0xF7, 0xF5, 0x54, 0xFF, 0x94, 0x00,
  0x00, 0x16, 0xFF, 0xD4, 0x09, 0xDA, 0xEF, 0x3B, 0x11, 0xA1, 0xFF, 0x63, 0x00, 0x1D, 0xA3, 0xE4,
  0xF4, 0xCF, 0x60, 0x00, 0x00, 0x00, 0x3C, 0xB6, 0xA1, 0x6C, 0x00, 0x00, 0x00, 0x00, 0x00, 0x00,
  0x00, 0x00, 0x00, 0x00, 0x00, 0x1B, 0xA1, 0xE2, 0xF3, 0xCE, 0x5B, 0x00, 0x09, 0xD8, 0xEF, 0x3C,
  0x11, 0xA1, 0xFF, 0x61, 0x54, 0xFF, 0x94, 0x00, 0x00, 0x16, 0xFF, 0xD4, 0x75, 0xFF, 0x77, 0x00,
  0x00, 0x00, 0xF7, 0xF5, 0x54, 0xFF, 0x94, 0x00, 0x00, 0x16, 0xFF, 0xD4, 0x09, 0xDA, 0xEF, 0x3B,
  0x11, 0xA1, 0xFF, 0x63, 0x00, 0x1D, 0xA3, 0xE4, 0xF4, 0xCF, 0x60, 0x00, 0x00, 0x00, 0x28, 0xE8,
  0x52, 0xBC, 0x00, 0x00, 0x00, 0x00, 0x69, 0x5F, 0xBC, 0x9B, 0x00, 0x00, 0x00, 0x00, 0x00, 0x00,
  0x00, 0x00, 0x00, 0x00, 0x00, 0x1B, 0xA1, 0xE2, 0xF3, 0xCE, 0x5B, 0x00, 0x09, 0xD8, 0xEF, 0x3C,
  0x11, 0xA1, 0xFF, 0x61, 0x54, 0xFF, 0x94, 0x00, 0x00, 0x16, 0xFF, 0xD4, 0x75, 0xFF, 0x77, 0x00,
  0x00, 0x00, 0xF7, 0xF5, 0x54, 0xFF, 0x94, 0x00, 0x00, 0x16, 0xFF, 0xD4, 0x09, 0xDA, 0xEF, 0x3B,
  0x11, 0xA1, 0xFF, 0x63, 0x00, 0x1D, 0xA3, 0xE4, 0xF4, 0xCF, 0x60, 0x00, 0x00, 0x00, 0x48, 0xDC,
  0x5C, 0xC8, 0x00, 0x00, 0x00, 0x00, 0x00, 0x00, 0x00, 0x00, 0x00, 0x00, 0x00, 0x1B, 0xA1, 0xE2,
  0xF3, 0xCE, 0x5B, 0x00, 0x09, 0xD8, 0xEF, 0x3C, 0x11, 0xA1, 0xFF, 0x61, 0x54, 0xFF, 0x94, 0x00,
  0x00, 0x16, 0xFF, 0xD4, 0x75, 0xFF, 0x77, 0x00, 0x00, 0x00, 0xF7, 0xF5, 0x54, 0xFF, 0x94, 0x00,
  0x00, 0x16, 0xFF, 0xD4, 0x09, 0xDA, 0xEF, 0x3B, 0x11, 0xA1, 0xFF, 0x63, 0x00, 0x1D, 0xA3, 0xE4,
  0xF4, 0xCF, 0x60, 0x00, 0x64, 0x8E, 0x00, 0x00, 0x3A, 0xB3, 0x04, 0x2E, 0xEC, 0x88, 0x36, 0xF1,
  0x7B, 0x00, 0x00, 0x30, 0xED, 0xF8, 0x81, 0x00, 0x00, 0x00, 0x30, 0xED, 0xF9, 0x80, 0x00, 0x00,
  0x2E, 0xEC, 0x8B, 0x38, 0xF2, 0x7B, 0x00, 0x64, 0x90, 0x00, 0x00, 0x3B, 0xB4, 0x04, 0x00, 0x00,
  0x00, 0x00, 0x00, 0x00, 0x00, 0x10, 0x00, 0x00, 0x17, 0x9E, 0xE2, 0xF6, 0xD8, 0x93, 0xB3, 0x0B,
  0x05, 0xD2, 0xEF, 0x3C, 0x10, 0xC1, 0xFF, 0x88, 0x00, 0x4E, 0xFF, 0x94, 0x00, 0x5E, 0xBB, 0xFF,
  0xE0, 0x00, 0x75, 0xFF, 0x75, 0x57, 0xBA, 0x08, 0xF6, 0xF4, 0x00, 0x63, 0xFF, 0xC9, 0xC0, 0x0B,
  0x16, 0xFF, 0xCE, 0x00, 0x17, 0xF5, 0xFF, 0x48, 0x10, 0xA1, 0xFF, 0x58, 0x00, 0x5B, 0xA6, 0xB7,
  0xED, 0xF4, 0xCD, 0x57, 0x00, 0x00, 0x10, 0x00, 0x00, 0x00, 0x00, 0x00, 0x00, 0x00, 0x00, 0x00,
  0x00, 0x2B, 0xC5, 0x38, 0x00, 0x00, 0x00, 0x00, 0x00, 0x00, 0x00, 0x00, 0x00, 0x00, 0x00, 0x14,
  0xFF, 0xCC, 0x00, 0x00, 0xAC, 0xFF, 0x34, 0x14, 0xFF, 0xCC, 0x00, 0x00, 0xAC, 0xFF, 0x34, 0x14,
  0xFF, 0xCC, 0x00, 0x00, 0xAC, 0xFF, 0x34, 0x14, 0xFF, 0xCC, 0x00, 0x00, 0xAC, 0xFF, 0x34, 0x0B,
  0xFF, 0xD1, 0x00, 0x00, 0xB1, 0xFF, 0x2A, 0x00, 0xD3, 0xF7, 0x29, 0x1B, 0xE5, 0xEA, 0x06, 0x00,
  0x2C, 0xBB, 0xEF, 0xF2, 0xC5, 0x3B, 0x00, 0x00, 0x00, 0x00, 0x50, 0xBC, 0x1D, 0x00, 0x00, 0x00,
  0x00, 0x00, 0x00, 0x00, 0x00, 0x00, 0x00, 0x14, 0xFF, 0xCC, 0x00, 0x00, 0xAC, 0xFF, 0x34, 0x14,
  0xFF, 0xCC, 0x00, 0x00, 0xAC, 0xFF, 0x34, 0x14, 0xFF, 0xCC, 0x00, 0x00, 0xAC, 0xFF, 0x34, 0x14,
  0xFF, 0xCC, 0x00, 0x00, 0xAC, 0xFF, 0x34, 0x0B, 0xFF, 0xD1, 0x00, 0x00, 0xB1, 0xFF, 0x2A, 0x00,
  0xD3, 0xF7, 0x29, 0x1B, 0xE5, 0xEA, 0x06, 0x00, 0x2C, 0xBB, 0xEF, 0xF2, 0xC5, 0x3B, 0x00, 0x00,
  0x00, 0x47, 0xB2, 0xA6, 0x5F, 0x00, 0x00, 0x00, 0x00, 0x00, 0x00, 0x00, 0x00, 0x00, 0x00, 0x14,
  0xFF, 0xCC, 0x00, 0x00, 0xAC, 0xFF, 0x34, 0x14, 0xFF, 0xCC, 0x00, 0x00, 0xAC, 0xFF, 0x34, 0x14,
  0xFF, 0xCC, 0x00, 0x00, 0xAC, 0xFF, 0x34, 0x14, 0xFF, 0xCC, 0x00, 0x00, 0xAC, 0xFF, 0x34, 0x0B,
  0xFF, 0xD1, 0x00, 0x00, 0xB1, 0xFF, 0x2A, 0x00, 0xD3, 0xF7, 0x29, 0x1B, 0xE5, 0xEA, 0x06, 0x00,
  0x2C, 0xBB, 0xEF, 0xF2, 0xC5, 0x3B, 0x00, 0x00, 0x00, 0x78, 0xAC, 0x8C, 0x98, 0x00, 0x00, 0x00,
  0x00, 0x00, 0x00, 0x00, 0x00, 0x00, 0x00, 0x14, 0xFF, 0xCC, 0x00, 0x00, 0xAC, 0xFF, 0x34, 0x14,
  0xFF, 0xCC, 0x00, 0x00, 0xAC, 0xFF, 0x34, 0x14, 0xFF, 0xCC, 0x00, 0x00, 0xAC, 0xFF, 0x34, 0x14,
  0xFF, 0xCC, 0x00, 0x00, 0xAC, 0xFF, 0x34, 0x0B, 0xFF, 0xD1, 0x00, 0x00, 0xB1, 0xFF, 0x2A, 0x00,
  0xD3, 0xF7, 0x29, 0x1B, 0xE5, 0xEA, 0x06, 0x00, 0x2C, 0xBB, 0xEF, 0xF2, 0xC5, 0x3B, 0x00, 0x00,
  0x00, 0x00, 0x06, 0xAF, 0x74, 0x01, 0x00, 0x00, 0x00, 0x00, 0x00, 0x00, 0x00, 0x00, 0x00, 0x00,
  0x00, 0x01, 0xBE, 0xFF, 0x4C, 0x00, 0x1C, 0xF0, 0xEA, 0x15, 0x00, 0x1F, 0xF1, 0xE5, 0x10, 0xB5,
  0xFF, 0x50, 0x00, 0x00, 0x00, 0x61, 0xFF, 0xD5, 0xFF, 0xA0, 0x00, 0x00, 0x00, 0x00, 0x00, 0xB0,
  0xFF, 0xE1, 0x0E, 0x00, 0x00, 0x00, 0x00, 0x00, 0x50, 0xFF, 0x90, 0x00, 0x00, 0x00, 0x00, 0x00,
  0x00, 0x50, 0xFF, 0x90, 0x00, 0x00, 0x00, 0x00, 0x00, 0x00, 0x50, 0xFF, 0x90, 0x00, 0x00, 0x00,
  0x14, 0xFF, 0xCC, 0x00, 0x00, 0x00, 0x00, 0x14, 0xFF, 0xFF, 0xFF, 0xEF, 0xB1, 0x1B, 0x14, 0xFF,
  0xCC, 0x00, 0x56, 0xFF, 0xB1, 0x14, 0xFF, 0xCC, 0x00, 0x0B, 0xFF, 0xE0, 0x14, 0xFF, 0xCC, 0x00,
  0x56, 0xFF, 0xB1, 0x14, 0xFF, 0xFF, 0xFF, 0xF0, 0xB3, 0x1D, 0x14, 0xFF, 0xCC, 0x00, 0x00, 0x00,
  0x00, 0x00, 0x5D, 0xDC, 0xF8, 0xD8, 0x4F, 0x00, 0x0C, 0xFB, 0xC9, 0x12, 0xB2, 0xF0, 0x01, 0x27,
  0xFF, 0x98, 0x50, 0xED, 0xAD, 0x0A, 0x28, 0xFF, 0x98, 0xD4, 0xB7, 0x00, 0x00, 0x28, 0xFF, 0x98,
  0xB7, 0xFE, 0x92, 0x09, 0x28, 0xFF, 0x98, 0x18, 0xBB, 0xFF, 0x95, 0x28, 0xFF, 0x98, 0x00, 0x1D,
  0xFE, 0xB4, 0x28, 0xFF, 0x98, 0xD8, 0xFC, 0xD9, 0x3D, 0x00, 0x3A, 0xEA, 0x23, 0x00, 0x00, 0x00,
  0x00, 0x4C, 0xC0, 0x02, 0x00, 0x00, 0x00, 0x00, 0x00, 0x00, 0x00, 0x18, 0xFF, 0xFF, 0xF6, 0xCB,
  0x39, 0x00, 0x00, 0x00, 0x16, 0xE2, 0xD0, 0x24, 0xC1, 0xF2, 0xFF, 0xFF, 0xF5, 0x81, 0xFF, 0x65,
  0x24, 0xE8, 0xF8, 0x29, 0xD4, 0xFE, 0xFF, 0xFF, 0xF8, 0x00, 0x00, 0x00, 0x48, 0xE2, 0x1C, 0x00,
  0x00, 0x12, 0xD3, 0x2A, 0x00, 0x00, 0x00, 0x00, 0x00, 0x00, 0x00, 0x18, 0xFF, 0xFF, 0xF6, 0xCB,
  0x39, 0x00, 0x00, 0x00, 0x16, 0xE2, 0xD0, 0x24, 0xC1, 0xF2, 0xFF, 0xFF, 0xF5, 0x81, 0xFF, 0x65,
  0x24, 0xE8, 0xF8, 0x29, 0xD4, 0xFE, 0xFF, 0xFF, 0xF8, 0x00, 0x00, 0x81, 0xF7, 0x4F, 0x00, 0x00,
  0x27, 0xC6, 0x27, 0xCC, 0x0C, 0x00, 0x00, 0x00, 0x00, 0x00, 0x00, 0x18, 0xFF, 0xFF, 0xF6, 0xCB,
  0x39, 0x00, 0x00, 0x00, 0x16, 0xE2, 0xD0, 0x24, 0xC1, 0xF2, 0xFF, 0xFF, 0xF5, 0x81, 0xFF, 0x65,
  0x24, 0xE8, 0xF8, 0x29, 0xD4, 0xFE, 0xFF, 0xFF, 0xF8, 0x00, 0x0F, 0xE1, 0x6F, 0xA9, 0x11, 0x00,
  0x41, 0x7D, 0x9C, 0xC4, 0x00, 0x00, 0x00, 0x00, 0x00, 0x00, 0x00, 0x18, 0xFF, 0xFF, 0xF6, 0xCB,
  0x39, 0x00, 0x00, 0x00, 0x16, 0xE2, 0xD0, 0x24, 0xC1, 0xF2, 0xFF, 0xFF, 0xF5, 0x81, 0xFF, 0x65,
  0x24, 0xE8, 0xF8, 0x29, 0xD4, 0xFE, 0xFF, 0xFF, 0xF8, 0x00, 0x20, 0xFF, 0x38, 0xF0, 0x00, 0x00,
  0x00, 0x00, 0x00, 0x00, 0x00, 0x00, 0x00, 0x00, 0x00, 0x00, 0x00, 0x18, 0xFF, 0xFF, 0xF6, 0xCB,
  0x39, 0x00, 0x00, 0x00, 0x16, 0xE2, 0xD0, 0x24, 0xC1, 0xF2, 0xFF, 0xFF, 0xF5, 0x81, 0xFF, 0x65,
  0x24, 0xE8, 0xF8, 0x29, 0xD4, 0xFE, 0xFF, 0xFF, 0xF8, 0x00, 0x00, 0x8A, 0xF2, 0x5F, 0x00, 0x00,
  0x00, 0xD7, 0x33, 0xBF, 0x00, 0x00, 0x00, 0x8A, 0xF2, 0x5F, 0x00, 0x00, 0x00, 0x00, 0x00, 0x00,
  0x00, 0x18, 0xFF, 0xFF, 0xF6, 0xCB, 0x39, 0x00, 0x00, 0x00, 0x16, 0xE2, 0xD0, 0x24, 0xC1, 0xF2,
  0xFF, 0xFF, 0xF5, 0x81, 0xFF, 0x65, 0x24, 0xE8, 0xF8, 0x29, 0xD4, 0xFE, 0xFF, 0xFF, 0xF8, 0x18,
  0xFF, 0xFF, 0xE8, 0x8E, 0x4C, 0xD8, 0xF0, 0xAE, 0x18, 0x00, 0x00, 0x00, 0x16, 0xE2, 0xFF, 0x43,
  0x1B, 0xEB, 0xB4, 0x24, 0xC1, 0xF2, 0xFF, 0xFF, 0xFF, 0xFF, 0xFF, 0xFF, 0xF5, 0x81, 0xFF, 0x65,
  0x22, 0xED, 0xFC, 0x3B, 0x02, 0x00, 0x00, 0x2A, 0xD1, 0xF6, 0xC9, 0x44, 0x99, 0xE1, 0xFE, 0xFF,
  0xBC, 0x00, 0x6B, 0xD8, 0xFA, 0xFF, 0x44, 0x4D, 0xFF, 0xA6, 0x0D, 0x00, 0x00, 0x83, 0xFF, 0x4A,
  0x00, 0x00, 0x00, 0x4E, 0xFF, 0xA4, 0x0D, 0x00, 0x00, 0x00, 0x6E, 0xDA, 0xFA, 0xFF, 0x44, 0x00,
  0x00, 0x00, 0x90, 0x2C, 0x00, 0x00, 0x00, 0xD0, 0xF3, 0x3C, 0x00, 0x00, 0x21, 0xE5, 0x41, 0x00,
  0x00, 0x00, 0x00, 0x00, 0x2F, 0xD1, 0x0E, 0x00, 0x00, 0x00, 0x00, 0x00, 0x00, 0x00, 0x00, 0x00,
  0x00, 0x71, 0xDD, 0xF6, 0xD0, 0x45, 0x00, 0x4F, 0xFF, 0x8B, 0x0B, 0xB3, 0xF4, 0x15, 0x84, 0xFF,
  0xFF, 0xFF, 0xFF, 0xFF, 0x45, 0x50, 0xFF, 0x82, 0x07, 0x00, 0x00, 0x00, 0x00, 0x71, 0xDB, 0xFB,
  0xFF, 0xFF, 0x0C, 0x00, 0x00, 0x00, 0x29, 0xEA, 0x34, 0x00, 0x00, 0x00, 0x04, 0xC6, 0x45, 0x00,
  0x00, 0x00, 0x00, 0x00, 0x00, 0x00, 0x00, 0x00, 0x00, 0x71, 0xDD, 0xF6, 0xD0, 0x45, 0x00, 0x4F,
  0xFF, 0x8B, 0x0B, 0xB3, 0xF4, 0x15, 0x84, 0xFF, 0xFF, 0xFF, 0xFF, 0xFF, 0x45, 0x50, 0xFF, 0x82,
  0x07, 0x00, 0x00, 0x00, 0x00, 0x71, 0xDB, 0xFB, 0xFF, 0xFF, 0x0C, 0x00, 0x00, 0x59, 0xF7, 0x77,
  0x00, 0x00, 0x00, 0x10, 0xCD, 0x25, 0xC9, 0x21, 0x00, 0x00, 0x00, 0x00, 0x00, 0x00, 0x00, 0x00,
  0x00, 0x71, 0xDD, 0xF6, 0xD0, 0x45, 0x00, 0x4F, 0xFF, 0x8B, 0x0B, 0xB3, 0xF4, 0x15, 0x84, 0xFF,
  0xFF, 0xFF, 0xFF, 0xFF, 0x45, 0x50, 0xFF, 0x82, 0x07, 0x00, 0x00, 0x00, 0x00, 0x71, 0xDB, 0xFB,
  0xFF, 0xFF, 0x0C, 0x00, 0x00, 0xF8, 0x38, 0xFF, 0x18, 0x00, 0x00, 0x00, 0x00, 0x00, 0x00, 0x00,
  0x00, 0x00, 0x00, 0x00, 0x00, 0x00, 0x00, 0x00, 0x00, 0x71, 0xDD, 0xF6, 0xD0, 0x45, 0x00, 0x4F,
  0xFF, 0x8B, 0x0B, 0xB3, 0xF4, 0x15, 0x84, 0xFF, 0xFF, 0xFF, 0xFF, 0xFF, 0x45, 0x50, 0xFF, 0x82,
  0x07, 0x00, 0x00, 0x00, 0x00, 0x71, 0xDB, 0xFB, 0xFF, 0xFF, 0x0C, 0x06, 0xBD, 0x83, 0x00, 0x00,
  0x0E, 0xCA, 0x37, 0x00, 0x00, 0x00, 0x00, 0x00, 0x28, 0xFF, 0x98, 0x00, 0x28, 0xFF, 0x98, 0x00,
  0x28, 0xFF, 0x98, 0x00, 0x28, 0xFF, 0x98, 0x00, 0x28, 0xFF, 0x98, 0x00, 0x07, 0xD4, 0x6C, 0x00,
  0x8C, 0x83, 0x00, 0x00, 0x00, 0x00, 0x00, 0x28, 0xFF, 0x98, 0x00, 0x28, 0xFF, 0x98, 0x00, 0x28,
  0xFF, 0x98, 0x00, 0x28, 0xFF, 0x98, 0x00, 0x28, 0xFF, 0x98, 0x00, 0x00, 0x36, 0xF5, 0x9B, 0x00,
  0x04, 0xC5, 0x31, 0xB7, 0x3C, 0x00, 0x00, 0x00, 0x00, 0x00, 0x00, 0x28, 0xFF, 0x98, 0x00, 0x00,
  0x28, 0xFF, 0x98, 0x00, 0x00, 0x28, 0xFF, 0x98, 0x00, 0x00, 0x28, 0xFF, 0x98, 0x00, 0x00, 0x28,
  0xFF, 0x98, 0x00, 0xD4, 0x50, 0xE8, 0x3C, 0x00, 0x00, 0x00, 0x00, 0x00, 0x00, 0x00, 0x00, 0x28,
  0xFF, 0x98, 0x00, 0x28, 0xFF, 0x98, 0x00, 0x28, 0xFF, 0x98, 0x00, 0x28, 0xFF, 0x98, 0x00, 0x28,
  0xFF, 0x98, 0x00, 0x00, 0x17, 0xE6, 0xBA, 0x89, 0xA6, 0x00, 0x00, 0x5E, 0xD2, 0xFB, 0xA6, 0x04,
  0x00, 0x00, 0x5B, 0x15, 0x7A, 0xFA, 0x35, 0x00, 0x02, 0x8C, 0xE8, 0xF8, 0xFF, 0xDE, 0x08, 0x61,
  0xFF, 0x8C, 0x0A, 0x8C, 0xFF, 0x52, 0x82, 0xFF, 0x48, 0x00, 0x68, 0xFF, 0x62, 0x43, 0xFF, 0x9A,
  0x0E, 0xB8, 0xFA, 0x26, 0x00, 0x69, 0xDB, 0xF6, 0xD4, 0x53, 0x00, 0x00, 0x00, 0xAD, 0xAB, 0x69,
  0x58, 0x00, 0x00, 0x00, 0xB8, 0x60, 0xE8, 0x1D, 0x00, 0x00, 0x00, 0x00, 0x00, 0x00, 0x00, 0x00,
  0x28, 0xFF, 0xFF, 0xFF, 0xF9, 0xB2, 0x05, 0x28, 0xFF, 0xD9, 0x16, 0x95, 0xFF, 0x47, 0x28, 0xFF,
  0x9B, 0x00, 0x6C, 0xFF, 0x58, 0x28, 0xFF, 0x98, 0x00, 0x6C, 0xFF, 0x58, 0x28, 0xFF, 0x98, 0x00,
  0x6C, 0xFF, 0x58, 0x00, 0x23, 0xE6, 0x3D, 0x00, 0x00, 0x00, 0x00, 0x00, 0x32, 0xD0, 0x0D, 0x00,
  0x00, 0x00, 0x00, 0x00, 0x00, 0x00, 0x00, 0x00, 0x00, 0x72, 0xDD, 0xF6, 0xD6, 0x5C, 0x00, 0x4F,
  0xFF, 0x8F, 0x0C, 0xAE, 0xFD, 0x31, 0x84, 0xFF, 0x47, 0x00, 0x68, 0xFF, 0x63, 0x50, 0xFF, 0x8D,
  0x0C, 0xAC, 0xFE, 0x32, 0x00, 0x75, 0xDF, 0xF7, 0xD8, 0x5F, 0x00, 0x00, 0x00, 0x00, 0x2B, 0xEA,
  0x31, 0x00, 0x00, 0x00, 0x05, 0xC7, 0x42, 0x00, 0x00, 0x00, 0x00, 0x00, 0x00, 0x00, 0x00, 0x00,
  0x00, 0x72, 0xDD, 0xF6, 0xD6, 0x5C, 0x00, 0x4F, 0xFF, 0x8F, 0x0C, 0xAE, 0xFD, 0x31, 0x84, 0xFF,
  0x47, 0x00, 0x68, 0xFF, 0x63, 0x50, 0xFF, 0x8D, 0x0C, 0xAC, 0xFE, 0x32, 0x00, 0x75, 0xDF, 0xF7,
  0xD8, 0x5F, 0x00, 0x00, 0x00, 0x79, 0xF7, 0x57, 0x00, 0x00, 0x00, 0x21, 0xC9, 0x25, 0xCD, 0x10,
  0x00, 0x00, 0x00, 0x00, 0x00, 0x00, 0x00, 0x00, 0x00, 0x72, 0xDD, 0xF6, 0xD6, 0x5C, 0x00, 0x4F,
  0xFF, 0x8F, 0x0C, 0xAE, 0xFD, 0x31, 0x84, 0xFF, 0x47, 0x00, 0x68, 0xFF, 0x63, 0x50, 0xFF, 0x8D,
  0x0C, 0xAC, 0xFE, 0x32, 0x00, 0x75, 0xDF, 0xF7, 0xD8, 0x5F, 0x00, 0x00, 0x0D, 0xE0, 0x72, 0xA6,
  0x15, 0x00, 0x00, 0x3D, 0x80, 0x99, 0xC8, 0x00, 0x00, 0x00, 0x00, 0x00, 0x00, 0x00, 0x00, 0x00,
  0x00, 0x72, 0xDD, 0xF6, 0xD6, 0x5C, 0x00, 0x4F, 0xFF, 0x8F, 0x0C, 0xAE, 0xFD, 0x31, 0x84, 0xFF,
  0x47, 0x00, 0x68, 0xFF, 0x63, 0x50, 0xFF, 0x8D, 0x0C, 0xAC, 0xFE, 0x32, 0x00, 0x75, 0xDF, 0xF7,
  0xD8, 0x5F, 0x00, 0x00, 0x1C, 0xFF, 0x38, 0xF4, 0x00, 0x00, 0x00, 0x00, 0x00, 0x00, 0x00, 0x00,
  0x00, 0x00, 0x00, 0x00, 0x00, 0x00, 0x00, 0x00, 0x00, 0x72, 0xDD, 0xF6, 0xD6, 0x5C, 0x00, 0x4F,
  0xFF, 0x8F, 0x0C, 0xAE, 0xFD, 0x31, 0x84, 0xFF, 0x47, 0x00, 0x68, 0xFF, 0x63, 0x50, 0xFF, 0x8D,
  0x0C, 0xAC, 0xFE, 0x32, 0x00, 0x75, 0xDF, 0xF7, 0xD8, 0x5F, 0x00, 0x00, 0x00, 0x90, 0xF0, 0x00,
  0x00, 0x00, 0x00, 0x00, 0x90, 0xF0, 0x00, 0x00, 0x00, 0x00, 0x00, 0x00, 0x00, 0x00, 0x00, 0x00,
  0xF0, 0xFF, 0xFF, 0xFF, 0xFF, 0xFF, 0x50, 0x00, 0x00, 0x00, 0x00, 0x00, 0x00, 0x00, 0x00, 0x00,
  0x90, 0xF0, 0x00, 0x00, 0x00, 0x00, 0x00, 0x90, 0xF0, 0x00, 0x00, 0x00, 0x00, 0x00, 0x00, 0x00,
  0x00, 0x16, 0x0A, 0x00, 0x6F, 0xDC, 0xF8, 0xDB, 0xCF, 0x22, 0x4C, 0xFF, 0x8F, 0x35, 0xF6, 0xFF,
  0x37, 0x84, 0xFF, 0x71, 0xBD, 0x7C, 0xFF, 0x64, 0x5B, 0xFF, 0xE8, 0x20, 0xAC, 0xFD, 0x30, 0x32,
  0xDE, 0xEB, 0xF9, 0xD7, 0x5C, 0x00, 0x1B, 0x0A, 0x00, 0x00, 0x00, 0x00, 0x00, 0x00, 0x12, 0xD6,
  0x5F, 0x00, 0x00, 0x00, 0x00, 0x00, 0x1D, 0xD4, 0x1E, 0x00, 0x00, 0x00, 0x00, 0x00, 0x00, 0x00,
  0x00, 0x00, 0x38, 0xFF, 0x8B, 0x00, 0x78, 0xFF, 0x48, 0x38, 0xFF, 0x88, 0x00, 0x78, 0xFF, 0x48,
  0x38, 0xFF, 0x88, 0x00, 0x7B, 0xFF, 0x48, 0x28, 0xFF, 0xAF, 0x0F, 0xC2, 0xFF, 0x48, 0x00, 0x9D,
  0xF6, 0xFF, 0xFF, 0xFF, 0x48, 0x00, 0x00, 0x00, 0x16, 0xE5, 0x4B, 0x00, 0x00, 0x00, 0x00, 0xAF,
  0x60, 0x00, 0x00, 0x00, 0x00, 0x00, 0x00, 0x00, 0x00, 0x00, 0x38, 0xFF, 0x8B, 0x00, 0x78, 0xFF,
  0x48, 0x38, 0xFF, 0x88, 0x00, 0x78, 0xFF, 0x48, 0x38, 0xFF, 0x88, 0x00, 0x7B, 0xFF, 0x48, 0x28,
  0xFF, 0xAF, 0x0F, 0xC2, 0xFF, 0x48, 0x00, 0x9D, 0xF6, 0xFF, 0xFF, 0xFF, 0x48, 0x00, 0x00, 0x61,
  0xF7, 0x6F, 0x00, 0x00, 0x00, 0x13, 0xCD, 0x24, 0xCB, 0x1C, 0x00, 0x00, 0x00, 0x00, 0x00, 0x00,
  0x00, 0x00, 0x38, 0xFF, 0x8B, 0x00, 0x78, 0xFF, 0x48, 0x38, 0xFF, 0x88, 0x00, 0x78, 0xFF, 0x48,
  0x38, 0xFF, 0x88, 0x00, 0x7B, 0xFF, 0x48, 0x28, 0xFF, 0xAF, 0x0F, 0xC2, 0xFF, 0x48, 0x00, 0x9D,
  0xF6, 0xFF, 0xFF, 0xFF, 0x48, 0x00, 0x00, 0xFF, 0x38, 0xFF, 0x10, 0x00, 0x00, 0x00, 0x00, 0x00,
  0x00, 0x00, 0x00, 0x00, 0x00, 0x00, 0x00, 0x00, 0x00, 0x00, 0x38, 0xFF, 0x8B, 0x00, 0x78, 0xFF,
  0x48, 0x38, 0xFF, 0x88, 0x00, 0x78, 0xFF, 0x48, 0x38, 0xFF, 0x88, 0x00, 0x7B, 0xFF, 0x48, 0x28,
  0xFF, 0xAF, 0x0F, 0xC2, 0xFF, 0x48, 0x00, 0x9D, 0xF6, 0xFF, 0xFF, 0xFF, 0x48, 0x00, 0x00, 0x00,
  0x6D, 0xCE, 0x0D, 0x00, 0x00, 0x00, 0x26, 0xD2, 0x17, 0x00, 0x00, 0x00, 0x00, 0x00, 0x00, 0x00,
  0x00, 0x00, 0xA5, 0xFB, 0x1B, 0x00, 0x98, 0xFE, 0x24, 0x2D, 0xFF, 0x85, 0x07, 0xEE, 0xB7, 0x00,
  0x00, 0xB5, 0xEB, 0x5D, 0xFF, 0x4C, 0x00, 0x00, 0x3E, 0xFF, 0xF0, 0xDF, 0x02, 0x00, 0x00, 0x00,
  0xC6, 0xFF, 0x77, 0x00, 0x00, 0x00, 0x05, 0xA0, 0xF5, 0x14, 0x00, 0x00, 0x00, 0xFF, 0xED, 0x61,
  0x00, 0x00, 0x00, 0x28, 0xFF, 0x98, 0x00, 0x00, 0x00, 0x00, 0x28, 0xFF, 0x98, 0x00, 0x00, 0x00,
  0x00, 0x28, 0xFF, 0x98, 0x00, 0x00, 0x00, 0x00, 0x28, 0xFF, 0xFF, 0xFF, 0xF7, 0xA9, 0x0A, 0x28,
  0xFF, 0xD7, 0x14, 0x69, 0xFF, 0x7A, 0x28, 0xFF, 0x9F, 0x00, 0x1F, 0xFF, 0xA9, 0x28, 0xFF, 0xD6,
  0x13, 0x67, 0xFF, 0x7A, 0x28, 0xFF, 0xFF, 0xFF, 0xF7, 0xAA, 0x0A, 0x28, 0xFF, 0x98, 0x00, 0x00,
  0x00, 0x00, 0x28, 0xFF, 0x98, 0x00, 0x00, 0x00, 0x00, 0x00, 0x44, 0xE0, 0x58, 0xCC, 0x00, 0x00,
  0x00, 0x00, 0x00, 0x00, 0x00, 0x00, 0x00, 0x00, 0x00, 0x00, 0x00, 0x00, 0x00, 0x00, 0xA5, 0xFB,
  0x1B, 0x00, 0x98, 0xFE, 0x24, 0x2D, 0xFF, 0x85, 0x07, 0xEE, 0xB7, 0x00, 0x00, 0xB5, 0xEB, 0x5D,
  0xFF, 0x4C, 0x00, 0x00, 0x3E, 0xFF, 0xF0, 0xDF, 0x02, 0x00, 0x00, 0x00, 0xC6, 0xFF, 0x77, 0x00,
  0x00, 0x00, 0x05, 0xA0, 0xF5, 0x14, 0x00, 0x00, 0x00, 0xFF, 0xED, 0x61, 0x00, 0x00, 0x00, 0x00,
  0x00, 0xA8, 0xFF, 0xFF, 0x68, 0x00, 0x00, 0x00, 0x00, 0x00, 0x00, 0x00, 0x00, 0x00, 0x00, 0x00,
  0x00, 0x00, 0x00, 0x00, 0x00, 0x00, 0x00, 0x00, 0x00, 0x72, 0xFF, 0xFF, 0x2C, 0x00, 0x00, 0x00,
  0x00, 0xD4, 0xE6, 0xFE, 0x8F, 0x00, 0x00, 0x00, 0x37, 0xFF, 0x78, 0xB9, 0xEC, 0x06, 0x00, 0x00,
  0x9A, 0xFB, 0x17, 0x53, 0xFF, 0x55, 0x00, 0x0A, 0xF2, 0xFF, 0xFF, 0xFF, 0xFF, 0xB8, 0x00, 0x60,
  0xFF, 0x49, 0x00, 0x00, 0x8C, 0xFD, 0x1D, 0xC3, 0xFD, 0x0F, 0x00, 0x00, 0x51, 0xFF, 0x7E, 0x00,
  0x5C, 0xFF, 0xFF, 0xB4, 0x00, 0x00, 0x00, 0x00, 0x00, 0x00, 0x00, 0x00, 0x00, 0x00, 0x00, 0x00,
  0x00, 0x18, 0xFF, 0xFF, 0xF6, 0xCB, 0x39, 0x00, 0x00, 0x00, 0x16, 0xE2, 0xD0, 0x24, 0xC1, 0xF2,
  0xFF, 0xFF, 0xF5, 0x81, 0xFF, 0x65, 0x24, 0xE8, 0xF8, 0x29, 0xD4, 0xFE, 0xFF, 0xFF, 0xF8, 0x00,
  0x00, 0x7C, 0xF6, 0xE9, 0x40, 0x00, 0x00, 0x00, 0x00, 0x00, 0x00, 0x00, 0x00, 0x00, 0x00, 0x00,
  0x00, 0x00, 0x00, 0x00, 0x00, 0x00, 0x00, 0x00, 0x00, 0x72, 0xFF, 0xFF, 0x2C, 0x00, 0x00, 0x00,
  0x00, 0xD4, 0xE6, 0xFE, 0x8F, 0x00, 0x00, 0x00, 0x37, 0xFF, 0x78, 0xB9, 0xEC, 0x06, 0x00, 0x00,
  0x9A, 0xFB, 0x17, 0x53, 0xFF, 0x55, 0x00, 0x0A, 0xF2, 0xFF, 0xFF, 0xFF, 0xFF, 0xB8, 0x00, 0x60,
  0xFF, 0x49, 0x00, 0x00, 0x8C, 0xFD, 0x1D, 0xC3, 0xFD, 0x0F, 0x00, 0x00, 0x51, 0xFF, 0x7E, 0x00,
  0x02, 0xBF, 0xFA, 0xD0, 0x0F, 0x00, 0x00, 0x00, 0x00, 0x00, 0x00, 0x00, 0x00, 0x00, 0x00, 0x00,
  0x00, 0x18, 0xFF, 0xFF, 0xF6, 0xCB, 0x39, 0x00, 0x00, 0x00, 0x16, 0xE2, 0xD0, 0x24, 0xC1, 0xF2,
  0xFF, 0xFF, 0xF5, 0x81, 0xFF, 0x65, 0x24, 0xE8, 0xF8, 0x29, 0xD4, 0xFE, 0xFF, 0xFF, 0xF8, 0x00,
  0x00, 0x72, 0xFF, 0xFF, 0x2C, 0x00, 0x00, 0x00, 0x00, 0xD4, 0xE6, 0xFE, 0x8F, 0x00, 0x00, 0x00,
  0x37, 0xFF, 0x78, 0xB9, 0xEC, 0x06, 0x00, 0x00, 0x9A, 0xFB, 0x17, 0x53, 0xFF, 0x55, 0x00, 0x0A,
  0xF2, 0xFF, 0xFF, 0xFF, 0xFF, 0xB8, 0x00, 0x60, 0xFF, 0x49, 0x00, 0x00, 0x8C, 0xFD, 0x1D, 0xC3,
  0xFD, 0x0F, 0x00, 0x00, 0x51, 0xFF, 0x7E, 0x00, 0x00, 0x00, 0x00, 0x00, 0x82, 0x3A, 0x00, 0x00,
  0x00, 0x00, 0x00, 0x00, 0x87, 0xFA, 0x5C, 0x18, 0xFF, 0xFF, 0xF6, 0xCB, 0x39, 0x00, 0x00, 0x00,
  0x16, 0xE2, 0xD0, 0x24, 0xC1, 0xF2, 0xFF, 0xFF, 0xF5, 0x81, 0xFF, 0x65, 0x24, 0xE8, 0xF8, 0x29,
  0xD4, 0xFE, 0xFF, 0xFF, 0xF8, 0x00, 0x00, 0x00, 0x1F, 0x9D, 0x00, 0x00, 0x00, 0x00, 0x2C, 0xE8,
  0xC8, 0x00, 0x00, 0x00, 0x1C, 0xC6, 0x46, 0x00, 0x00, 0x00, 0x00, 0x00, 0x00, 0x00, 0x00, 0x00,
  0x13, 0x92, 0xDC, 0xF8, 0xE3, 0x7D, 0x09, 0xD9, 0xF9, 0x57, 0x0D, 0x3B, 0x7E, 0x5B, 0xFF, 0x9E,
  0x00, 0x00, 0x00, 0x00, 0x7A, 0xFF, 0x78, 0x00, 0x00, 0x00, 0x00, 0x5B, 0xFF, 0x9D, 0x00, 0x00,
  0x00, 0x00, 0x09, 0xDA, 0xF9, 0x54, 0x0C, 0x37, 0x7E, 0x00, 0x15, 0x94, 0xDD, 0xF9, 0xE7, 0x7F,
  0x00, 0x00, 0x00, 0x2E, 0xEA, 0x2F, 0x00, 0x00, 0x06, 0xC9, 0x3F, 0x00, 0x00, 0x00, 0x00, 0x00,
  0x00, 0x00, 0x00, 0x6B, 0xD8, 0xFA, 0xFF, 0x44, 0x4D, 0xFF, 0xA6, 0x0D, 0x00, 0x00, 0x83, 0xFF,
  0x4A, 0x00, 0x00, 0x00, 0x4E, 0xFF, 0xA4, 0x0D, 0x00, 0x00, 0x00, 0x6E, 0xDA, 0xFA, 0xFF, 0x44,
  0x00, 0x00, 0x11, 0xB0, 0x8C, 0xA6, 0x0A, 0x00, 0x00, 0x00, 0x00, 0x00, 0x00, 0x00, 0x00, 0x13,
  0x92, 0xDC, 0xF8, 0xE3, 0x7D, 0x09, 0xD9, 0xF9, 0x57, 0x0D, 0x3B, 0x7E, 0x5B, 0xFF, 0x9E, 0x00,
  0x00, 0x00, 0x00, 0x7A, 0xFF, 0x78, 0x00, 0x00, 0x00, 0x00, 0x5B, 0xFF, 0x9D, 0x00, 0x00, 0x00,
  0x00, 0x09, 0xDA, 0xF9, 0x54, 0x0C, 0x37, 0x7E, 0x00, 0x15, 0x94, 0xDD, 0xF9, 0xE7, 0x7F, 0x00,
  0x00, 0x55, 0xF7, 0x7B, 0x00, 0x00, 0x0E, 0xCD, 0x26, 0xC8, 0x24, 0x00, 0x00, 0x00, 0x00, 0x00,
  0x00, 0x00, 0x6B, 0xD8, 0xFA, 0xFF, 0x44, 0x4D, 0xFF, 0xA6, 0x0D, 0x00, 0x00, 0x83, 0xFF, 0x4A,
  0x00, 0x00, 0x00, 0x4E, 0xFF, 0xA4, 0x0D, 0x00, 0x00, 0x00, 0x6E, 0xDA, 0xFA, 0xFF, 0x44, 0x00,
  0x00, 0x00, 0x38, 0xFF, 0x20, 0x00, 0x00, 0x00, 0x00, 0x00, 0x00, 0x00, 0x00, 0x00, 0x13, 0x92,
  0xDC, 0xF8, 0xE3, 0x7D, 0x09, 0xD9, 0xF9, 0x57, 0x0D, 0x3B, 0x7E, 0x5B, 0xFF, 0x9E, 0x00, 0x00,
  0x00, 0x00, 0x7A, 0xFF, 0x78, 0x00, 0x00, 0x00, 0x00, 0x5B, 0xFF, 0x9D, 0x00, 0x00, 0x00, 0x00,
  0x09, 0xDA, 0xF9, 0x54, 0x0C, 0x37, 0x7E, 0x00, 0x15, 0x94, 0xDD, 0xF9, 0xE7, 0x7F, 0x00, 0x00,
  0x4C, 0xFF, 0x74, 0x00, 0x00, 0x00, 0x4C, 0xFF, 0x74, 0x00, 0x00, 0x00, 0x00, 0x00, 0x00, 0x00,
  0x00, 0x6B, 0xD8, 0xFA, 0xFF, 0x44, 0x4D, 0xFF, 0xA6, 0x0D, 0x00, 0x00, 0x83, 0xFF, 0x4A, 0x00,
  0x00, 0x00, 0x4E, 0xFF, 0xA4, 0x0D, 0x00, 0x00, 0x00, 0x6E, 0xDA, 0xFA, 0xFF, 0x44, 0x00, 0x00,
  0x29, 0xB8, 0x96, 0x87, 0x00, 0x00, 0x00, 0x00, 0x00, 0x00, 0x00, 0x00, 0x00, 0x13, 0x92, 0xDC,
  0xF8, 0xE3, 0x7D, 0x09, 0xD9, 0xF9, 0x57, 0x0D, 0x3B, 0x7E, 0x5B, 0xFF, 0x9E, 0x00, 0x00, 0x00,
  0x00, 0x7A, 0xFF, 0x78, 0x00, 0x00, 0x00, 0x00, 0x5B, 0xFF, 0x9D, 0x00, 0x00, 0x00, 0x00, 0x09,
  0xDA, 0xF9, 0x54, 0x0C, 0x37, 0x7E, 0x00, 0x15, 0x94, 0xDD, 0xF9, 0xE7, 0x7F, 0x00, 0x14, 0xCD,
  0x24, 0xCB, 0x1C, 0x00, 0x00, 0x60, 0xF7, 0x6F, 0x00, 0x00, 0x00, 0x00, 0x00, 0x00, 0x00, 0x00,
  0x6B, 0xD8, 0xFA, 0xFF, 0x44, 0x4D, 0xFF, 0xA6, 0x0D, 0x00, 0x00, 0x83, 0xFF, 0x4A, 0x00, 0x00,
  0x00, 0x4E, 0xFF, 0xA4, 0x0D, 0x00, 0x00, 0x00, 0x6E, 0xDA, 0xFA, 0xFF, 0x44, 0x00, 0x00, 0x7E,
  0x9A, 0xB8, 0x2F, 0x00, 0x00, 0x00, 0x00, 0x00, 0x00, 0x00, 0x00, 0x00, 0x00, 0x14, 0xFF, 0xFF,
  0xF9, 0xE8, 0xB3, 0x36, 0x00, 0x14, 0xFF, 0xCC, 0x05, 0x3A, 0xDC, 0xF7, 0x32, 0x14, 0xFF, 0xCC,
  0x00, 0x00, 0x55, 0xFF, 0x99, 0x14, 0xFF, 0xCC, 0x00, 0x00, 0x31, 0xFF, 0xBC, 0x14, 0xFF, 0xCC,
  0x00, 0x00, 0x57, 0xFF, 0x99, 0x14, 0xFF, 0xCC, 0x05, 0x39, 0xDC, 0xF8, 0x32, 0x14, 0xFF, 0xFF,
  0xFB, 0xE9, 0xB5, 0x36, 0x00, 0x00, 0x00, 0x00, 0x00, 0x70, 0xFF, 0x50, 0xC6, 0x7F, 0x00, 0x00,
  0x00, 0x00, 0x70, 0xFF, 0x52, 0xF1, 0x1B, 0x00, 0x00, 0x00, 0x00, 0x70, 0xFF, 0x50, 0x00, 0x00,
  0x01, 0x92, 0xF1, 0xFF, 0xFF, 0xFF, 0x50, 0x00, 0x00, 0x54, 0xFF, 0x92, 0x0D, 0xB9, 0xFF, 0x50,
  0x00, 0x00, 0x82, 0xFF, 0x4B, 0x00, 0x77, 0xFF, 0x50, 0x00, 0x00, 0x54, 0xFF, 0x90, 0x0D, 0xB8,
  0xFF, 0x50, 0x00, 0x00, 0x01, 0x92, 0xF1, 0xFF, 0xFF, 0xFF, 0x50, 0x00, 0x00, 0x00, 0xFC, 0xFF,
  0xFA, 0xEA, 0xBA, 0x42, 0x00, 0x00, 0xFC, 0xE4, 0x03, 0x31, 0xD1, 0xFD, 0x45, 0x00, 0xFC, 0xE4,
  0x00, 0x00, 0x41, 0xFF, 0xB1, 0xD8, 0xFF, 0xFF, 0xFF, 0x08, 0x1D, 0xFF, 0xD4, 0x00, 0xFC, 0xE4,
  0x00, 0x00, 0x43, 0xFF, 0xB1, 0x00, 0xFC, 0xE4, 0x03, 0x31, 0xD1, 0xFD, 0x45, 0x00, 0xFC, 0xFF,
  0xFB, 0xEC, 0xBB, 0x42, 0x00, 0x00, 0x00, 0x00, 0x00, 0x70, 0xFF, 0x50, 0x00, 0x00, 0x00, 0x08,
  0xFF, 0xFF, 0xFF, 0xFF, 0x14, 0x00, 0x00, 0x00, 0x00, 0x70, 0xFF, 0x50, 0x00, 0x01, 0x92, 0xF1,
  0xFF, 0xFF, 0xFF, 0x50, 0x00, 0x54, 0xFF, 0x92, 0x0D, 0xB9, 0xFF, 0x50, 0x00, 0x82, 0xFF, 0x4B,
  0x00, 0x77, 0xFF, 0x50, 0x00, 0x54, 0xFF, 0x90, 0x0D, 0xB8, 0xFF, 0x50, 0x00, 0x01, 0x92, 0xF1,
  0xFF, 0xFF, 0xFF, 0x50, 0x00, 0x00, 0x14, 0xFF, 0xFF, 0xFC, 0x00, 0x00, 0x00, 0x00, 0x00, 0x00,
  0x00, 0x00, 0x00, 0x00, 0x00, 0x00, 0x00, 0x00, 0x00, 0x00, 0x14, 0xFF, 0xFF, 0xFF, 0xFF, 0xFC,
  0x00, 0x14, 0xFF, 0xCC, 0x00, 0x00, 0x00, 0x00, 0x14, 0xFF, 0xCC, 0x00, 0x00, 0x00, 0x00, 0x14,
  0xFF, 0xFF, 0xFF, 0xFF, 0xCC, 0x00, 0x14, 0xFF, 0xCC, 0x00, 0x00, 0x00, 0x00, 0x14, 0xFF, 0xCC,
  0x00, 0x00, 0x00, 0x00, 0x14, 0xFF, 0xFF, 0xFF, 0xFF, 0xFF, 0x18, 0x00, 0x30, 0xFF, 0xFF, 0xE0,
  0x00, 0x00, 0x00, 0x00, 0x00, 0x00, 0x00, 0x00, 0x00, 0x00, 0x00, 0x00, 0x00, 0x00, 0x00, 0x00,
  0x00, 0x71, 0xDD, 0xF6, 0xD0, 0x45, 0x00, 0x4F, 0xFF, 0x8B, 0x0B, 0xB3, 0xF4, 0x15, 0x84, 0xFF,
  0xFF, 0xFF, 0xFF, 0xFF, 0x45, 0x50, 0xFF, 0x82, 0x07, 0x00, 0x00, 0x00, 0x00, 0x71, 0xDB, 0xFB,
  0xFF, 0xFF, 0x0C, 0x00, 0x15, 0xD3, 0xF9, 0xAB, 0x00, 0x00, 0x00, 0x00, 0x00, 0x00, 0x00, 0x00,
  0x00, 0x14, 0xFF, 0xFF, 0xFF, 0xFF, 0xFC, 0x00, 0x14, 0xFF, 0xCC, 0x00, 0x00, 0x00, 0x00, 0x14,
  0xFF, 0xCC, 0x00, 0x00, 0x00, 0x00, 0x14, 0xFF, 0xFF, 0xFF, 0xFF, 0xCC, 0x00, 0x14, 0xFF, 0xCC,
  0x00, 0x00, 0x00, 0x00, 0x14, 0xFF, 0xCC, 0x00, 0x00, 0x00, 0x00, 0x14, 0xFF, 0xFF, 0xFF, 0xFF,
  0xFF, 0x18, 0x00, 0x02, 0xBF, 0xFA, 0xD0, 0x0F, 0x00, 0x00, 0x00, 0x00, 0x00, 0x00, 0x00, 0x00,
  0x00, 0x00, 0x00, 0x00, 0x00, 0x00, 0x00, 0x00, 0x71, 0xDD, 0xF6, 0xD0, 0x45, 0x00, 0x4F, 0xFF,
  0x8B, 0x0B, 0xB3, 0xF4, 0x15, 0x84, 0xFF, 0xFF, 0xFF, 0xFF, 0xFF, 0x45, 0x50, 0xFF, 0x82, 0x07,
  0x00, 0x00, 0x00, 0x00, 0x71, 0xDB, 0xFB, 0xFF, 0xFF, 0x0C, 0x00, 0x00, 0x4C, 0xFF, 0x0C, 0x00,
  0x00, 0x00, 0x00, 0x00, 0x00, 0x00, 0x00, 0x00, 0x14, 0xFF, 0xFF, 0xFF, 0xFF, 0xFC, 0x00, 0x14,
  0xFF, 0xCC, 0x00, 0x00, 0x00, 0x00, 0x14, 0xFF, 0xCC, 0x00, 0x00, 0x00, 0x00, 0x14, 0xFF, 0xFF,
  0xFF, 0xFF, 0xCC, 0x00, 0x14, 0xFF, 0xCC, 0x00, 0x00, 0x00, 0x00, 0x14, 0xFF, 0xCC, 0x00, 0x00,
  0x00, 0x00, 0x14, 0xFF, 0xFF, 0xFF, 0xFF, 0xFF, 0x18, 0x00, 0x00, 0x54, 0xFF, 0x6C, 0x00, 0x00,
  0x00, 0x00, 0x54, 0xFF, 0x6C, 0x00, 0x00, 0x00, 0x00, 0x00, 0x00, 0x00, 0x00, 0x00, 0x00, 0x71,
  0xDD, 0xF6, 0xD0, 0x45, 0x00, 0x4F, 0xFF, 0x8B, 0x0B, 0xB3, 0xF4, 0x15, 0x84, 0xFF, 0xFF, 0xFF,
  0xFF, 0xFF, 0x45, 0x50, 0xFF, 0x82, 0x07, 0x00, 0x00, 0x00, 0x00, 0x71, 0xDB, 0xFB, 0xFF, 0xFF,
  0x0C, 0x14, 0xFF, 0xFF, 0xFF, 0xFF, 0xFC, 0x00, 0x14, 0xFF, 0xCC, 0x00, 0x00, 0x00, 0x00, 0x14,
  0xFF, 0xCC, 0x00, 0x00, 0x00, 0x00, 0x14, 0xFF, 0xFF, 0xFF, 0xFF, 0xCC, 0x00, 0x14, 0xFF, 0xCC,
  0x00, 0x00, 0x00, 0x00, 0x14, 0xFF, 0xCC, 0x00, 0x00, 0x00, 0x00, 0x14, 0xFF, 0xFF, 0xFF, 0xFF,
  0xFF, 0x18, 0x00, 0x00, 0x00, 0x00, 0xB0, 0x0C, 0x00, 0x00, 0x00, 0x00, 0x00, 0xC2, 0xFE, 0x1C,
  0x00, 0x71, 0xDD, 0xF6, 0xD0, 0x45, 0x00, 0x4F, 0xFF, 0x8B, 0x0B, 0xB3, 0xF4, 0x15, 0x84, 0xFF,
  0xFF, 0xFF, 0xFF, 0xFF, 0x45, 0x50, 0xFF, 0x82, 0x07, 0x00, 0x00, 0x00, 0x00, 0x71, 0xDB, 0xFB,
  0xFF, 0xFF, 0x0C, 0x00, 0x00, 0x00, 0x22, 0x9A, 0x00, 0x00, 0x00, 0x00, 0x00, 0x30, 0xE9, 0xC4,
  0x00, 0x00, 0x0F, 0xAD, 0x8C, 0xAB, 0x0C, 0x00, 0x00, 0x00, 0x00, 0x00, 0x00, 0x00, 0x00, 0x14,
  0xFF, 0xFF, 0xFF, 0xFF, 0xFC, 0x00, 0x14, 0xFF, 0xCC, 0x00, 0x00, 0x00, 0x00, 0x14, 0xFF, 0xCC,
  0x00, 0x00, 0x00, 0x00, 0x14, 0xFF, 0xFF, 0xFF, 0xFF, 0xCC, 0x00, 0x14, 0xFF, 0xCC, 0x00, 0x00,
  0x00, 0x00, 0x14, 0xFF, 0xCC, 0x00, 0x00, 0x00, 0x00, 0x14, 0xFF, 0xFF, 0xFF, 0xFF, 0xFF, 0x18,
  0x00, 0x14, 0xCD, 0x24, 0xCB, 0x1C, 0x00, 0x00, 0x00, 0x60, 0xF7, 0x6F, 0x00, 0x00, 0x00, 0x00,
  0x00, 0x00, 0x00, 0x00, 0x00, 0x00, 0x71, 0xDD, 0xF6, 0xD0, 0x45, 0x00, 0x4F, 0xFF, 0x8B, 0x0B,
  0xB3, 0xF4, 0x15, 0x84, 0xFF, 0xFF, 0xFF, 0xFF, 0xFF, 0x45, 0x50, 0xFF, 0x82, 0x07, 0x00, 0x00,
  0x00, 0x00, 0x71, 0xDB, 0xFB, 0xFF, 0xFF, 0x0C, 0x00, 0x00, 0x0A, 0xA7, 0x8C, 0xB0, 0x11, 0x00,
  0x00, 0x00, 0x00, 0x00, 0x00, 0x00, 0x00, 0x00, 0x00, 0x13, 0x8F, 0xDA, 0xF8, 0xEC, 0xC3, 0x20,
  0x09, 0xD9, 0xFA, 0x5D, 0x0E, 0x26, 0x92, 0x30, 0x5B, 0xFF, 0x9F, 0x00, 0x00, 0x00, 0x00, 0x00,
  0x7A, 0xFF, 0x78, 0x00, 0x74, 0xFF, 0xFF, 0x78, 0x5B, 0xFF, 0x9C, 0x00, 0x00, 0x50, 0xFF, 0x78,
  0x09, 0xDA, 0xF8, 0x55, 0x0A, 0x5F, 0xFF, 0x78, 0x00, 0x15, 0x94, 0xDD, 0xF9, 0xEB, 0xBF, 0x43,
  0x00, 0x00, 0x81, 0xF7, 0x4F, 0x00, 0x00, 0x00, 0x27, 0xC6, 0x27, 0xCC, 0x0C, 0x00, 0x00, 0x00,
  0x00, 0x00, 0x00, 0x00, 0x00, 0x01, 0x90, 0xF1, 0xFF, 0xFF, 0xFF, 0x50, 0x53, 0xFF, 0x92, 0x0E,
  0xBB, 0xFF, 0x50, 0x81, 0xFF, 0x4A, 0x00, 0x78, 0xFF, 0x50, 0x53, 0xFF, 0x8E, 0x0D, 0xBB, 0xFF,
  0x50, 0x01, 0x90, 0xF1, 0xFF, 0xFF, 0xFF, 0x50, 0x00, 0x00, 0x00, 0x0F, 0xAB, 0xFF, 0x2E, 0x00,
  0xE0, 0xFF, 0xF6, 0xD4, 0x65, 0x00, 0x00, 0x00, 0x5B, 0xEF, 0xEE, 0x54, 0x00, 0x00, 0x00, 0x00,
  0x00, 0x00, 0x00, 0x00, 0x00, 0x00, 0x00, 0x13, 0x8F, 0xDA, 0xF8, 0xEC, 0xC3, 0x20, 0x09, 0xD9,
  0xFA, 0x5D, 0x0E, 0x26, 0x92, 0x30, 0x5B, 0xFF, 0x9F, 0x00, 0x00, 0x00, 0x00, 0x00, 0x7A, 0xFF,
  0x78, 0x00, 0x74, 0xFF, 0xFF, 0x78, 0x5B, 0xFF, 0x9C, 0x00, 0x00, 0x50, 0xFF, 0x78, 0x09, 0xDA,
  0xF8, 0x55, 0x0A, 0x5F, 0xFF, 0x78, 0x00, 0x15, 0x94, 0xDD, 0xF9, 0xEB, 0xBF, 0x43, 0x00, 0x01,
  0xBC, 0xFA, 0xD2, 0x11, 0x00, 0x00, 0x00, 0x00, 0x00, 0x00, 0x00, 0x00, 0x00, 0x00, 0x00, 0x00,
  0x00, 0x00, 0x00, 0x01, 0x90, 0xF1, 0xFF, 0xFF, 0xFF, 0x50, 0x53, 0xFF, 0x92, 0x0E, 0xBB, 0xFF,
  0x50, 0x81, 0xFF, 0x4A, 0x00, 0x78, 0xFF, 0x50, 0x53, 0xFF, 0x8E, 0x0D, 0xBB, 0xFF, 0x50, 0x01,
  0x90, 0xF1, 0xFF, 0xFF, 0xFF, 0x50, 0x00, 0x00, 0x00, 0x0F, 0xAB, 0xFF, 0x2E, 0x00, 0xE0, 0xFF,
  0xF6, 0xD4, 0x65, 0x00, 0x00, 0x00, 0x00, 0x20, 0xFF, 0x38, 0x00, 0x00, 0x00, 0x00, 0x00, 0x00,
  0x00, 0x00, 0x00, 0x00, 0x00, 0x13, 0x8F, 0xDA, 0xF8, 0xEC, 0xC3, 0x20, 0x09, 0xD9, 0xFA, 0x5D,
  0x0E, 0x26, 0x92, 0x30, 0x5B, 0xFF, 0x9F, 0x00, 0x00, 0x00, 0x00, 0x00, 0x7A, 0xFF, 0x78, 0x00,
  0x74, 0xFF, 0xFF, 0x78, 0x5B, 0xFF, 0x9C, 0x00, 0x00, 0x50, 0xFF, 0x78, 0x09, 0xDA, 0xF8, 0x55,
  0x0A, 0x5F, 0xFF, 0x78, 0x00, 0x15, 0x94, 0xDD, 0xF9, 0xEB, 0xBF, 0x43, 0x00, 0x00, 0x78, 0xFF,
  0x48, 0x00, 0x00, 0x00, 0x00, 0x78, 0xFF, 0x48, 0x00, 0x00, 0x00, 0x00, 0x00, 0x00, 0x00, 0x00,
  0x00, 0x01, 0x90, 0xF1, 0xFF, 0xFF, 0xFF, 0x50, 0x53, 0xFF, 0x92, 0x0E, 0xBB, 0xFF, 0x50, 0x81,
  0xFF, 0x4A, 0x00, 0x78, 0xFF, 0x50, 0x53, 0xFF, 0x8E, 0x0D, 0xBB, 0xFF, 0x50, 0x01, 0x90, 0xF1,
  0xFF, 0xFF, 0xFF, 0x50, 0x00, 0x00, 0x00, 0x0F, 0xAB, 0xFF, 0x2E, 0x00, 0xE0, 0xFF, 0xF6, 0xD4,
  0x65, 0x00, 0x00, 0x13, 0x8F, 0xDA, 0xF8, 0xEC, 0xC3, 0x20, 0x09, 0xD9, 0xFA, 0x5D, 0x0E, 0x26,
  0x92, 0x30, 0x5B, 0xFF, 0x9F, 0x00, 0x00, 0x00, 0x00, 0x00, 0x7A, 0xFF, 0x78, 0x00, 0x74, 0xFF,
  0xFF, 0x78, 0x5B, 0xFF, 0x9C, 0x00, 0x00, 0x50, 0xFF, 0x78, 0x09, 0xDA, 0xF8, 0x55, 0x0A, 0x5F,
  0xFF, 0x78, 0x00, 0x15, 0x94, 0xDD, 0xF9, 0xEB, 0xBF, 0x43, 0x00, 0x00, 0x00, 0x00, 0x00, 0x00,
  0x00, 0x00, 0x00, 0x00, 0x00, 0x54, 0xD4, 0x1A, 0x00, 0x00, 0x00, 0x00, 0x0F, 0xC1, 0x73, 0x00,
  0x00, 0x00, 0x00, 0x00, 0x00, 0x00, 0x00, 0x00, 0x01, 0x90, 0xF1, 0xFF, 0xFF, 0xFF, 0x50, 0x53,
  0xFF, 0x92, 0x0E, 0xBB, 0xFF, 0x50, 0x81, 0xFF, 0x4A, 0x00, 0x78, 0xFF, 0x50, 0x53, 0xFF, 0x8E,
  0x0D, 0xBB, 0xFF, 0x50, 0x01, 0x90, 0xF1, 0xFF, 0xFF, 0xFF, 0x50, 0x00, 0x00, 0x00, 0x0F, 0xAB,
  0xFF, 0x2E, 0x00, 0xE0, 0xFF, 0xF6, 0xD4, 0x65, 0x00, 0x00, 0x00, 0x32, 0xB8, 0x9B, 0x7A, 0x00,
  0x00, 0x00, 0x00, 0x00, 0x00, 0x00, 0x00, 0x00, 0x00, 0x14, 0xFF, 0xCC, 0x00, 0x00, 0x6C, 0xFF,
  0x74, 0x14, 0xFF, 0xCC, 0x00, 0x00, 0x6C, 0xFF, 0x74, 0x14, 0xFF, 0xCC, 0x00, 0x00, 0x6C, 0xFF,
  0x74, 0x14, 0xFF, 0xFF, 0xFF, 0xFF, 0xFF, 0xFF, 0x74, 0x14, 0xFF, 0xCC, 0x00, 0x00, 0x6C, 0xFF,
  0x74, 0x14, 0xFF, 0xCC, 0x00, 0x00, 0x6C, 0xFF, 0x74, 0x14, 0xFF, 0xCC, 0x00, 0x00, 0x6C, 0xFF,
  0x74, 0x86, 0x96, 0xB8, 0x28, 0x00, 0x00, 0x00, 0x00, 0x00, 0x00, 0x00, 0x00, 0x00, 0x00, 0x28,
  0xFF, 0x98, 0x00, 0x00, 0x00, 0x00, 0x28, 0xFF, 0x98, 0x00, 0x00, 0x00, 0x00, 0x28, 0xFF, 0xFF,
  0xFF, 0xF9, 0xB2, 0x05, 0x28, 0xFF, 0xD9, 0x16, 0x94, 0xFF, 0x47, 0x28, 0xFF, 0x9B, 0x00, 0x6C,
  0xFF, 0x58, 0x28, 0xFF, 0x98, 0x00, 0x6C, 0xFF, 0x58, 0x28, 0xFF, 0x98, 0x00, 0x6C, 0xFF, 0x58,
  0x00, 0x64, 0xFF, 0x7C, 0x00, 0x00, 0xC0, 0xFF, 0x24, 0x14, 0xFF, 0xFF, 0xFF, 0xFF, 0xFF, 0xFF,
  0xFF, 0xD0, 0x00, 0x64, 0xFF, 0x7C, 0x00, 0x00, 0xC0, 0xFF, 0x24, 0x00, 0x64, 0xFF, 0xFF, 0xFF,
  0xFF, 0xFF, 0xFF, 0x24, 0x00, 0x64, 0xFF, 0x7C, 0x00, 0x00, 0xC0, 0xFF, 0x24, 0x00, 0x64, 0xFF,
  0x7C, 0x00, 0x00, 0xC0, 0xFF, 0x24, 0x00, 0x64, 0xFF, 0x7C, 0x00, 0x00, 0xC0, 0xFF, 0x24, 0x00,
  0x68, 0xFF, 0x58, 0x00, 0x00, 0x00, 0x00, 0x30, 0xFF, 0xFF, 0xFF, 0xFF, 0x1C, 0x00, 0x00, 0x00,
  0x68, 0xFF, 0x58, 0x00, 0x00, 0x00, 0x00, 0x00, 0x68, 0xFF, 0xFF, 0xFF, 0xF4, 0x8A, 0x00, 0x00,
  0x68, 0xFF, 0xA2, 0x0D, 0xCB, 0xFF, 0x0D, 0x00, 0x68, 0xFF, 0x5A, 0x00, 0xAC, 0xFF, 0x18, 0x00,
  0x68, 0xFF, 0x58, 0x00, 0xAC, 0xFF, 0x18, 0x00, 0x68, 0xFF, 0x58, 0x00, 0xAC, 0xFF, 0x18, 0x80,
  0xCC, 0x4C, 0x85, 0xB7, 0x43, 0xE8, 0x3D, 0x00, 0x00, 0x00, 0x00, 0x14, 0xFF, 0xCC, 0x00, 0x14,
  0xFF, 0xCC, 0x00, 0x14, 0xFF, 0xCC, 0x00, 0x14, 0xFF, 0xCC, 0x00, 0x14, 0xFF, 0xCC, 0x00, 0x14,
  0xFF, 0xCC, 0x00, 0x14, 0xFF, 0xCC, 0x00, 0xA5, 0xB1, 0x63, 0x60, 0xB9, 0x5A, 0xE9, 0x23, 0x00,
  0x00, 0x00, 0x00, 0x28, 0xFF, 0x98, 0x00, 0x28, 0xFF, 0x98, 0x00, 0x28, 0xFF, 0x98, 0x00, 0x28,
  0xFF, 0x98, 0x00, 0x28, 0xFF, 0x98, 0x00, 0xAC, 0xFF, 0xFF, 0x64, 0x00, 0x00, 0x00, 0x00, 0x00,
  0x00, 0x00, 0x00, 0x14, 0xFF, 0xCC, 0x00, 0x14, 0xFF, 0xCC, 0x00, 0x14, 0xFF, 0xCC, 0x00, 0x14,
  0xFF, 0xCC, 0x00, 0x14, 0xFF, 0xCC, 0x00, 0x14, 0xFF, 0xCC, 0x00, 0x14, 0xFF, 0xCC, 0x00, 0xD0,
  0xFF, 0xFF, 0x40, 0x00, 0x00, 0x00, 0x00, 0x00, 0x00, 0x00, 0x00, 0x28, 0xFF, 0x98, 0x00, 0x28,
  0xFF, 0x98, 0x00, 0x28, 0xFF, 0x98, 0x00, 0x28, 0xFF, 0x98, 0x00, 0x28, 0xFF, 0x98, 0x00, 0x75,
  0xF5, 0xE7, 0x3B, 0x00, 0x00, 0x00, 0x00, 0x14, 0xFF, 0xCC, 0x00, 0x14, 0xFF, 0xCC, 0x00, 0x14,
  0xFF, 0xCC, 0x00, 0x14, 0xFF, 0xCC, 0x00, 0x14, 0xFF, 0xCC, 0x00, 0x14, 0xFF, 0xCC, 0x00, 0x14,
  0xFF, 0xCC, 0x00, 0x9C, 0xF9, 0xE0, 0x27, 0x00, 0x00, 0x00, 0x00, 0x00, 0x00, 0x00, 0x00, 0x28,
  0xFF, 0x98, 0x00, 0x28, 0xFF, 0x98, 0x00, 0x28, 0xFF, 0x98, 0x00, 0x28, 0xFF, 0x98, 0x00, 0x28,
  0xFF, 0x98, 0x00, 0x14, 0xFF, 0xCC, 0x00, 0x14, 0xFF, 0xCC, 0x00, 0x14, 0xFF, 0xCC, 0x00, 0x14,
  0xFF, 0xCC, 0x00, 0x14, 0xFF, 0xCC, 0x00, 0x14, 0xFF, 0xCC, 0x00, 0x14, 0xFF, 0xCC, 0x00, 0x00,
  0x38, 0x84, 0x00, 0x00, 0x46, 0xEF, 0xA8, 0x28, 0xFF, 0x98, 0x00, 0x28, 0xFF, 0x98, 0x00, 0x00,
  0x00, 0x00, 0x00, 0x28, 0xFF, 0x98, 0x00, 0x28, 0xFF, 0x98, 0x00, 0x28, 0xFF, 0x98, 0x00, 0x28,
  0xFF, 0x98, 0x00, 0x28, 0xFF, 0x98, 0x00, 0x00, 0x6A, 0x52, 0x00, 0x00, 0x72, 0xF7, 0x74, 0x00,
  0xCC, 0x8C, 0x00, 0x00, 0x00, 0x14, 0xFF, 0xCC, 0x14, 0xFF, 0xCC, 0x14, 0xFF, 0xCC, 0x14, 0xFF,
  0xCC, 0x14, 0xFF, 0xCC, 0x14, 0xFF, 0xCC, 0x14, 0xFF, 0xCC, 0x28, 0xFF, 0x98, 0x28, 0xFF, 0x98,
  0x28, 0xFF, 0x98, 0x28, 0xFF, 0x98, 0x28, 0xFF, 0x98, 0x14, 0xFF, 0xCC, 0x00, 0x5C, 0xFF, 0x84,
  0x14, 0xFF, 0xCC, 0x00, 0x5C, 0xFF, 0x84, 0x14, 0xFF, 0xCC, 0x00, 0x5C, 0xFF, 0x84, 0x14, 0xFF,
  0xCC, 0x00, 0x5C, 0xFF, 0x84, 0x14, 0xFF, 0xCC, 0x00, 0x5C, 0xFF, 0x84, 0x14, 0xFF, 0xCC, 0x00,
  0x5C, 0xFF, 0x84, 0x14, 0xFF, 0xCC, 0x00, 0x5D, 0xFF, 0x81, 0x00, 0x00, 0x00, 0x06, 0x9F, 0xFF,
  0x56, 0x00, 0x00, 0x00, 0xD4, 0xE3, 0x86, 0x01, 0x28, 0xFF, 0x98, 0x00, 0xBC, 0xFF, 0x04, 0x28,
  0xFF, 0x98, 0x00, 0xBC, 0xFF, 0x04, 0x00, 0x00, 0x00, 0x00, 0x00, 0x00, 0x00, 0x28, 0xFF, 0x98,
  0x00, 0xBC, 0xFF, 0x04, 0x28, 0xFF, 0x98, 0x00, 0xBC, 0xFF, 0x04, 0x28, 0xFF, 0x98, 0x00, 0xBC,
  0xFF, 0x04, 0x28, 0xFF, 0x98, 0x00, 0xBC, 0xFF, 0x04, 0x28, 0xFF, 0x98, 0x00, 0xBC, 0xFF, 0x03,
  0x00, 0x00, 0x00, 0x07, 0xD5, 0xED, 0x00, 0x00, 0x00, 0x00, 0xE7, 0xEA, 0x60, 0x00, 0x00, 0x70,
  0x9F, 0xB6, 0x39, 0x00, 0x00, 0x00, 0x00, 0x00, 0x00, 0x14, 0xFF, 0xCC, 0x00, 0x00, 0x14, 0xFF,
  0xCC, 0x00, 0x00, 0x14, 0xFF, 0xCC, 0x00, 0x00, 0x14, 0xFF, 0xCC, 0x00, 0x00, 0x14, 0xFF, 0xCC,
  0x00, 0x00, 0x14, 0xFF, 0xCC, 0x00, 0x00, 0x15, 0xFF, 0xC9, 0x00, 0x01, 0x5C, 0xFF, 0x9E, 0x00,
  0x8F, 0xED, 0xAD, 0x16, 0x00, 0x00, 0x33, 0xF4, 0x9F, 0x00, 0x03, 0xC3, 0x33, 0xB4, 0x40, 0x00,
  0x00, 0x00, 0x00, 0x00, 0x00, 0x28, 0xFF, 0x98, 0x00, 0x00, 0x28, 0xFF, 0x98, 0x00, 0x00, 0x28,
  0xFF, 0x98, 0x00, 0x00, 0x28, 0xFF, 0x98, 0x00, 0x00, 0x28, 0xFF, 0x97, 0x00, 0x00, 0x49, 0xFF,
  0x81, 0x00, 0x54, 0xFC, 0xC8, 0x1A, 0x00, 0x14, 0xFF, 0xCC, 0x00, 0x25, 0xE1, 0xEF, 0x39, 0x14,
  0xFF, 0xCC, 0x2D, 0xE7, 0xEA, 0x30, 0x00, 0x14, 0xFF, 0xE7, 0xED, 0xE3, 0x28, 0x00, 0x00, 0x14,
  0xFF, 0xFF, 0xFF, 0x7C, 0x00, 0x00, 0x00, 0x14, 0xFF, 0xDE, 0xD6, 0xFE, 0x6F, 0x00, 0x00, 0x14,
  0xFF, 0xCC, 0x15, 0xCF, 0xFF, 0x7A, 0x00, 0x14, 0xFF, 0xCC, 0x00, 0x10, 0xC6, 0xFF, 0x85, 0x00,
  0x00, 0x00, 0x00, 0x00, 0x00, 0x00, 0x00, 0x00, 0x00, 0x00, 0x4C, 0xD8, 0x1D, 0x00, 0x00, 0x28,
  0xFF, 0x98, 0x00, 0x00, 0x00, 0x00, 0x28, 0xFF, 0x98, 0x00, 0x00, 0x00, 0x00, 0x28, 0xFF, 0x98,
  0x00, 0x00, 0x00, 0x00, 0x28, 0xFF, 0x98, 0x1D, 0xD7, 0xE0, 0x2A, 0x28, 0xFF, 0xBD, 0xE2, 0xC9,
  0x17, 0x00, 0x28, 0xFF, 0xFF, 0xFF, 0x44, 0x00, 0x00, 0x28, 0xFF, 0xA5, 0xC3, 0xF5, 0x47, 0x00,
  0x28, 0xFF, 0x98, 0x0B, 0xBF, 0xF9, 0x54, 0x00, 0x00, 0x00, 0x00, 0x00, 0x00, 0x00, 0x00, 0x00,
  0x07, 0xE3, 0x57, 0x00, 0x00, 0x28, 0xFF, 0x98, 0x1D, 0xD7, 0xE0, 0x2A, 0x28, 0xFF, 0xBD, 0xE2,
  0xC9, 0x17, 0x00, 0x28, 0xFF, 0xFF, 0xFF, 0x44, 0x00, 0x00, 0x28, 0xFF, 0xA5, 0xC3, 0xF5, 0x47,
  0x00, 0x28, 0xFF, 0x98, 0x0B, 0xBF, 0xF9, 0x54, 0x00, 0x25, 0xC8, 0x3C, 0x00, 0x00, 0x00, 0x00,
  0x00, 0x00, 0x00, 0x00, 0x00, 0x00, 0x14, 0xFF, 0xCC, 0x00, 0x00, 0x00, 0x00, 0x14, 0xFF, 0xCC,
  0x00, 0x00, 0x00, 0x00, 0x14, 0xFF, 0xCC, 0x00, 0x00, 0x00, 0x00, 0x14, 0xFF, 0xCC, 0x00, 0x00,
  0x00, 0x00, 0x14, 0xFF, 0xCC, 0x00, 0x00, 0x00, 0x00, 0x14, 0xFF, 0xCC, 0x00, 0x00, 0x00, 0x00,
  0x14, 0xFF, 0xFF, 0xFF, 0xFF, 0xFF, 0x18, 0x00, 0x50, 0xBC, 0x1D, 0x00, 0x00, 0x00, 0x00, 0x28,
  0xFF, 0x98, 0x00, 0x28, 0xFF, 0x98, 0x00, 0x28, 0xFF, 0x98, 0x00, 0x28, 0xFF, 0x98, 0x00, 0x28,
  0xFF, 0x98, 0x00, 0x28, 0xFF, 0x98, 0x00, 0x28, 0xFF, 0x98, 0x00, 0x28, 0xFF, 0x98, 0x00, 0x14,
  0xFF, 0xCC, 0x00, 0x00, 0x00, 0x00, 0x14, 0xFF, 0xCC, 0x00, 0x00, 0x00, 0x00, 0x14, 0xFF, 0xCC,
  0x00, 0x00, 0x00, 0x00, 0x14, 0xFF, 0xCC, 0x00, 0x00, 0x00, 0x00, 0x14, 0xFF, 0xCC, 0x00, 0x00,
  0x00, 0x00, 0x14, 0xFF, 0xCC, 0x00, 0x00, 0x00, 0x00, 0x14, 0xFF, 0xFF, 0xFF, 0xFF, 0xFF, 0x18,
  0x00, 0x00, 0x00, 0x00, 0x00, 0x00, 0x00, 0x00, 0x00, 0x48, 0xDA, 0x1F, 0x00, 0x00, 0x28, 0xFF,
  0x98, 0x28, 0xFF, 0x98, 0x28, 0xFF, 0x98, 0x28, 0xFF, 0x98, 0x28, 0xFF, 0x98, 0x28, 0xFF, 0x98,
  0x28, 0xFF, 0x98, 0x28, 0xFF, 0x98, 0x00, 0x00, 0x00, 0x17, 0xEB, 0x3F, 0x14, 0xFF, 0xCC, 0x00,
  0x66, 0xDD, 0x01, 0x14, 0xFF, 0xCC, 0x00, 0x97, 0x77, 0x00, 0x14, 0xFF, 0xCC, 0x00, 0x00, 0x00,
  0x00, 0x14, 0xFF, 0xCC, 0x00, 0x00, 0x00, 0x00, 0x14, 0xFF, 0xCC, 0x00, 0x00, 0x00, 0x00, 0x14,
  0xFF, 0xCC, 0x00, 0x00, 0x00, 0x00, 0x14, 0xFF, 0xFF, 0xFF, 0xFF, 0xFF, 0x18, 0x28, 0xFF, 0x98,
  0xB2, 0x93, 0x28, 0xFF, 0x98, 0xE3, 0x2B, 0x28, 0xFF, 0x98, 0x00, 0x00, 0x28, 0xFF, 0x98, 0x00,
  0x00, 0x28, 0xFF, 0x98, 0x00, 0x00, 0x28, 0xFF, 0x98, 0x00, 0x00, 0x28, 0xFF, 0x98, 0x00, 0x00,
  0x28, 0xFF, 0x98, 0x00, 0x00, 0x14, 0xFF, 0xCC, 0x00, 0x00, 0x00, 0x00, 0x14, 0xFF, 0xCC, 0x00,
  0x00, 0x00, 0x00, 0x14, 0xFF, 0xCC, 0x00, 0xD8, 0xEC, 0x00, 0x14, 0xFF, 0xCC, 0x00, 0xD8, 0xEC,
  0x00, 0x14, 0xFF, 0xCC, 0x00, 0x00, 0x00, 0x00, 0x14, 0xFF, 0xCC, 0x00, 0x00, 0x00, 0x00, 0x14,
  0xFF, 0xFF, 0xFF, 0xFF, 0xFF, 0x18, 0x28, 0xFF, 0x98, 0x00, 0x00, 0x28, 0xFF, 0x98, 0x00, 0x00,
  0x28, 0xFF, 0x98, 0x00, 0x00, 0x28, 0xFF, 0x98, 0xEC, 0xD8, 0x28, 0xFF, 0x98, 0xEC, 0xD8, 0x28,
  0xFF, 0x98, 0x00, 0x00, 0x28, 0xFF, 0x98, 0x00, 0x00, 0x28, 0xFF, 0x98, 0x00, 0x00, 0x00, 0x08,
  0xFF, 0xDC, 0x00, 0x00, 0x00, 0x00, 0x00, 0x08, 0xFF, 0xDC, 0x66, 0x56, 0x00, 0x00, 0x00, 0x08,
  0xFF, 0xFE, 0xEC, 0x4E, 0x00, 0x00, 0x00, 0x42, 0xFF, 0xEB, 0x19, 0x00, 0x00, 0x00, 0x35, 0xF9,
  0xFF, 0xDC, 0x00, 0x00, 0x00, 0x00, 0x00, 0x2B, 0xFF, 0xDC, 0x00, 0x00, 0x00, 0x00, 0x00, 0x08,
  0xFF, 0xFF, 0xFF, 0xFF, 0xFF, 0x28, 0x00, 0x08, 0xFF, 0xBC, 0x00, 0x00, 0x08, 0xFF, 0xBC, 0x00,
  0x00, 0x08, 0xFF, 0xDF, 0x86, 0x00, 0x31, 0xFF, 0xE9, 0x3A, 0x09, 0xDB, 0xFF, 0xBC, 0x00, 0x00,
  0x0D, 0xFF, 0xBC, 0x00, 0x00, 0x08, 0xFF, 0xBC, 0x00, 0x00, 0x08, 0xFF, 0xBC, 0x00, 0x00, 0x00,
  0x00, 0x4D, 0xBE, 0x1E, 0x00, 0x00, 0x00, 0x00, 0x00, 0x00, 0x00, 0x00, 0x00, 0x00, 0x14, 0xFF,
  0xFF, 0x4A, 0x00, 0x54, 0xFF, 0x74, 0x14, 0xFF, 0xFF, 0xD4, 0x03, 0x54, 0xFF, 0x74, 0x14, 0xFF,
  0xD7, 0xFB, 0x66, 0x54, 0xFF, 0x74, 0x14, 0xFF, 0xB4, 0x95, 0xE7, 0x60, 0xFF, 0x74, 0x14, 0xFF,
  0xB4, 0x15, 0xF1, 0xD2, 0xFF, 0x74, 0x14, 0xFF, 0xB4, 0x00, 0x79, 0xFF, 0xFF, 0x74, 0x14, 0xFF,
  0xB4, 0x00, 0x08, 0xE2, 0xFF, 0x74, 0x00, 0x00, 0x00, 0x95, 0xB0, 0x03, 0x00, 0x00, 0x00, 0x44,
  0xC2, 0x08, 0x00, 0x00, 0x00, 0x00, 0x00, 0x00, 0x00, 0x00, 0x00, 0x28, 0xFF, 0xFF, 0xFF, 0xF9,
  0xB2, 0x05, 0x28, 0xFF, 0xD9, 0x16, 0x95, 0xFF, 0x47, 0x28, 0xFF, 0x9B, 0x00, 0x6C, 0xFF, 0x58,
  0x28, 0xFF, 0x98, 0x00, 0x6C, 0xFF, 0x58, 0x28, 0xFF, 0x98, 0x00, 0x6C, 0xFF, 0x58, 0x14, 0xFF,
  0xFF, 0x4A, 0x00, 0x54, 0xFF, 0x74, 0x14, 0xFF, 0xFF, 0xD4, 0x03, 0x54, 0xFF, 0x74, 0x14, 0xFF,
  0xD7, 0xFB, 0x66, 0x54, 0xFF, 0x74, 0x14, 0xFF, 0xB4, 0x95, 0xE7, 0x60, 0xFF, 0x74, 0x14, 0xFF,
  0xB4, 0x15, 0xF1, 0xD2, 0xFF, 0x74, 0x14, 0xFF, 0xB4, 0x00, 0x79, 0xFF, 0xFF, 0x74, 0x14, 0xFF,
  0xB4, 0x00, 0x08, 0xE2, 0xFF, 0x74, 0x00, 0x00, 0x00, 0x00, 0x00, 0x00, 0x00, 0x00, 0x00, 0x00,
  0x00, 0x98, 0xA5, 0x04, 0x00, 0x00, 0x28, 0xFF, 0xFF, 0xFF, 0xF9, 0xB2, 0x05, 0x28, 0xFF, 0xD9,
  0x16, 0x95, 0xFF, 0x47, 0x28, 0xFF, 0x9B, 0x00, 0x6C, 0xFF, 0x58, 0x28, 0xFF, 0x98, 0x00, 0x6C,
  0xFF, 0x58, 0x28, 0xFF, 0x98, 0x00, 0x6C, 0xFF, 0x58, 0x00, 0x00, 0x00, 0x00, 0x00, 0x00, 0x00,
  0x00, 0x00, 0x30, 0xE5, 0x2B, 0x00, 0x00, 0x00, 0x00, 0x23, 0xB8, 0x92, 0x90, 0x02, 0x00, 0x00,
  0x00, 0x00, 0x00, 0x00, 0x00, 0x00, 0x00, 0x14, 0xFF, 0xFF, 0x4A, 0x00, 0x54, 0xFF, 0x74, 0x14,
  0xFF, 0xFF, 0xD4, 0x03, 0x54, 0xFF, 0x74, 0x14, 0xFF, 0xD7, 0xFB, 0x66, 0x54, 0xFF, 0x74, 0x14,
  0xFF, 0xB4, 0x95, 0xE7, 0x60, 0xFF, 0x74, 0x14, 0xFF, 0xB4, 0x15, 0xF1, 0xD2, 0xFF, 0x74, 0x14,
  0xFF, 0xB4, 0x00, 0x79, 0xFF, 0xFF, 0x74, 0x14, 0xFF, 0xB4, 0x00, 0x08, 0xE2, 0xFF, 0x74, 0x00,
  0x37, 0xBB, 0x2D, 0xC7, 0x05, 0x00, 0x00, 0x00, 0x94, 0xF6, 0x3D, 0x00, 0x00, 0x00, 0x00, 0x00,
  0x00, 0x00, 0x00, 0x00, 0x28, 0xFF, 0xFF, 0xFF, 0xF9, 0xB2, 0x05, 0x28, 0xFF, 0xD9, 0x16, 0x95,
  0xFF, 0x47, 0x28, 0xFF, 0x9B, 0x00, 0x6C, 0xFF, 0x58, 0x28, 0xFF, 0x98, 0x00, 0x6C, 0xFF, 0x58,
  0x28, 0xFF, 0x98, 0x00, 0x6C, 0xFF, 0x58, 0x00, 0xFF, 0xA8, 0x00, 0x00, 0x00, 0x00, 0x00, 0x00,
  0x10, 0xFF, 0x82, 0x00, 0x00, 0x00, 0x00, 0x00, 0x00, 0x59, 0xD8, 0x08, 0x94, 0xFF, 0xFF, 0xFF,
  0xEB, 0x5A, 0x00, 0x00, 0x00, 0x94, 0xFF, 0x7F, 0x16, 0xEF, 0xDB, 0x00, 0x00, 0x00, 0x94, 0xFF,
  0x2F, 0x00, 0xD8, 0xEC, 0x00, 0x00, 0x00, 0x94, 0xFF, 0x2C, 0x00, 0xD8, 0xEC, 0x00, 0x00, 0x00,
  0x94, 0xFF, 0x2C, 0x00, 0xD8, 0xEC, 0x28, 0xFF, 0xAE, 0x96, 0xE5, 0xE9, 0x6B, 0x00, 0x28, 0xFF,
  0xFB, 0x49, 0x10, 0xC2, 0xFA, 0x18, 0x28, 0xFF, 0xBD, 0x00, 0x00, 0x7E, 0xFF, 0x44, 0x28, 0xFF,
  0xA4, 0x00, 0x00, 0x75, 0xFF, 0x50, 0x28, 0xFF, 0xA4, 0x00, 0x00, 0x74, 0xFF, 0x50, 0x28, 0xFF,
  0xA4, 0x00, 0x00, 0x74, 0xFF, 0x50, 0x28, 0xFF, 0xA4, 0x00, 0x00, 0x77, 0xFF, 0x49, 0x00, 0x00,
  0x00, 0x00, 0x0B, 0xBC, 0xFD, 0x21, 0x00, 0x00, 0x00, 0x00, 0xEE, 0xDA, 0x65, 0x00, 0x28, 0xFF,
  0xFF, 0xFF, 0xF9, 0xAD, 0x03, 0x28, 0xFF, 0xD9, 0x16, 0x95, 0xFF, 0x42, 0x28, 0xFF, 0x9B, 0x00,
  0x6C, 0xFF, 0x57, 0x28, 0xFF, 0x98, 0x00, 0x6C, 0xFF, 0x58, 0x28, 0xFF, 0x98, 0x00, 0x6C, 0xFF,
  0x57, 0x00, 0x00, 0x00, 0x01, 0x8C, 0xFF, 0x41, 0x00, 0x00, 0x18, 0xFF, 0xF6, 0xA5, 0x02, 0x00,
  0x00, 0x48, 0xFF, 0xFF, 0xC8, 0x00, 0x00, 0x00, 0x00, 0x00, 0x00, 0x00, 0x00, 0x00, 0x00, 0x00,
  0x00, 0x00, 0x00, 0x00, 0x00, 0x00, 0x00, 0x00, 0x1B, 0xA1, 0xE2, 0xF3, 0xCE, 0x5B, 0x00, 0x09,
  0xD8, 0xEF, 0x3C, 0x11, 0xA1, 0xFF, 0x61, 0x54, 0xFF, 0x94, 0x00, 0x00, 0x16, 0xFF, 0xD4, 0x75,
  0xFF, 0x77, 0x00, 0x00, 0x00, 0xF7, 0xF5, 0x54, 0xFF, 0x94, 0x00, 0x00, 0x16, 0xFF, 0xD4, 0x09,
  0xDA, 0xEF, 0x3B, 0x11, 0xA1, 0xFF, 0x63, 0x00, 0x1D, 0xA3, 0xE4, 0xF4, 0xCF, 0x60, 0x00, 0x00,
  0x18, 0xFF, 0xFF, 0xF8, 0x00, 0x00, 0x00, 0x00, 0x00, 0x00, 0x00, 0x00, 0x00, 0x00, 0x00, 0x00,
  0x00, 0x00, 0x00, 0x00, 0x00, 0x72, 0xDD, 0xF6, 0xD6, 0x5C, 0x00, 0x4F, 0xFF, 0x8F, 0x0C, 0xAE,
  0xFD, 0x31, 0x84, 0xFF, 0x47, 0x00, 0x68, 0xFF, 0x63, 0x50, 0xFF, 0x8D, 0x0C, 0xAC, 0xFE, 0x32,
  0x00, 0x75, 0xDF, 0xF7, 0xD8, 0x5F, 0x00, 0x00, 0x00, 0x2D, 0xE1, 0xF7, 0x86, 0x00, 0x00, 0x00,
  0x00, 0x00, 0x00, 0x00, 0x00, 0x00, 0x00, 0x00, 0x1B, 0xA1, 0xE2, 0xF3, 0xCE, 0x5B, 0x00, 0x09,
  0xD8, 0xEF, 0x3C, 0x11, 0xA1, 0xFF, 0x61, 0x54, 0xFF, 0x94, 0x00, 0x00, 0x16, 0xFF, 0xD4, 0x75,
  0xFF, 0x77, 0x00, 0x00, 0x00, 0xF7, 0xF5, 0x54, 0xFF, 0x94, 0x00, 0x00, 0x16, 0xFF, 0xD4, 0x09,
  0xDA, 0xEF, 0x3B, 0x11, 0xA1, 0xFF, 0x63, 0x00, 0x1D, 0xA3, 0xE4, 0xF4, 0xCF, 0x60, 0x00, 0x00,
  0x10, 0xD0, 0xFA, 0xBF, 0x02, 0x00, 0x00, 0x00, 0x00, 0x00, 0x00, 0x00, 0x00, 0x00, 0x00, 0x00,
  0x00, 0x00, 0x00, 0x00, 0x00, 0x72, 0xDD, 0xF6, 0xD6, 0x5C, 0x00, 0x4F, 0xFF, 0x8F, 0x0C, 0xAE,
  0xFD, 0x31, 0x84, 0xFF, 0x47, 0x00, 0x68, 0xFF, 0x63, 0x50, 0xFF, 0x8D, 0x0C, 0xAC, 0xFE, 0x32,
  0x00, 0x75, 0xDF, 0xF7, 0xD8, 0x5F, 0x00, 0x00, 0x00, 0x2E, 0xC7, 0x81, 0xBE, 0x1E, 0x00, 0x00,
  0x00, 0x00, 0x00, 0x00, 0x00, 0x00, 0x00, 0x00, 0x1B, 0xA1, 0xE2, 0xF3, 0xCE, 0x5B, 0x00, 0x09,
  0xD8, 0xEF, 0x3C, 0x11, 0xA1, 0xFF, 0x61, 0x54, 0xFF, 0x94, 0x00, 0x00, 0x16, 0xFF, 0xD4, 0x75,
  0xFF, 0x77, 0x00, 0x00, 0x00, 0xF7, 0xF5, 0x54, 0xFF, 0x94, 0x00, 0x00, 0x16, 0xFF, 0xD4, 0x09,
  0xDA, 0xEF, 0x3B, 0x11, 0xA1, 0xFF, 0x63, 0x00, 0x1D, 0xA3, 0xE4, 0xF4, 0xCF, 0x60, 0x00, 0x00,
  0x00, 0x4E, 0xB1, 0x90, 0x82, 0x00, 0x00, 0x00, 0xBD, 0x3C, 0xCB, 0x06, 0x00, 0x00, 0x00, 0x00,
  0x00, 0x00, 0x00, 0x00, 0x00, 0x72, 0xDD, 0xF6, 0xD6, 0x5C, 0x00, 0x4F, 0xFF, 0x8F, 0x0C, 0xAE,
  0xFD, 0x31, 0x84, 0xFF, 0x47, 0x00, 0x68, 0xFF, 0x63, 0x50, 0xFF, 0x8D, 0x0C, 0xAC, 0xFE, 0x32,
  0x00, 0x75, 0xDF, 0xF7, 0xD8, 0x5F, 0x00, 0x00, 0x12, 0x84, 0xD6, 0xF5, 0xFF, 0xFF, 0xFF, 0xFF,
  0xFF, 0xD4, 0x09, 0xD8, 0xFD, 0x71, 0x18, 0x3D, 0xFF, 0xA4, 0x00, 0x00, 0x00, 0x5B, 0xFF, 0xA2,
  0x00, 0x00, 0x3C, 0xFF, 0xA4, 0x00, 0x00, 0x00, 0x7A, 0xFF, 0x79, 0x00, 0x00, 0x3C, 0xFF, 0xFF,
  0xFF, 0xFF, 0xA4, 0x5B, 0xFF, 0xA3, 0x00, 0x00, 0x3C, 0xFF, 0xA4, 0x00, 0x00, 0x00, 0x09, 0xD7,
  0xFD, 0x71, 0x18, 0x3D, 0xFF, 0xA4, 0x00, 0x00, 0x00, 0x00, 0x12, 0x85, 0xD7, 0xF5, 0xFF, 0xFF,
  0xFF, 0xFF, 0xFF, 0xF0, 0x00, 0x72, 0xDD, 0xF6, 0xCE, 0x71, 0xCF, 0xF6, 0xD9, 0x5E, 0x00, 0x4F,
  0xFF, 0x8F, 0x0C, 0xAE, 0xFF, 0xAE, 0x0B, 0x8F, 0xFE, 0x33, 0x84, 0xFF, 0x47, 0x00, 0x68, 0xFF,
  0xFF, 0xFF, 0xFF, 0xFF, 0x6D, 0x50, 0xFF, 0x8D, 0x0C, 0xAC, 0xFF, 0xA4, 0x0D, 0x00, 0x00, 0x00,
  0x00, 0x75, 0xDF, 0xF8, 0xDC, 0x9B, 0xE2, 0xFD, 0xFF, 0xFF, 0x34, 0x00, 0x00, 0x0C, 0xBB, 0x62,
  0x00, 0x00, 0x00, 0x00, 0x00, 0x00, 0x00, 0x00, 0x00, 0x00, 0x00, 0x14, 0xFF, 0xFF, 0xFF, 0xEB,
  0xA1, 0x08, 0x00, 0x14, 0xFF, 0xCC, 0x03, 0x91, 0xFF, 0x6C, 0x00, 0x14, 0xFF, 0xCC, 0x00, 0x56,
  0xFF, 0x8A, 0x00, 0x14, 0xFF, 0xCC, 0x03, 0x92, 0xFF, 0x4B, 0x00, 0x14, 0xFF, 0xFF, 0xFF, 0xFF,
  0xA7, 0x00, 0x00, 0x14, 0xFF, 0xCC, 0x0C, 0x99, 0xFF, 0x75, 0x00, 0x14, 0xFF, 0xCC, 0x00, 0x06,
  0xD1, 0xF9, 0x2F, 0x00, 0x00, 0x00, 0x95, 0xB0, 0x03, 0x00, 0x00, 0x44, 0xC2, 0x08, 0x00, 0x00,
  0x00, 0x00, 0x00, 0x00, 0x00, 0x28, 0xFF, 0xFF, 0xFF, 0xE8, 0x00, 0x28, 0xFF, 0xDD, 0x1F, 0x00,
  0x00, 0x28, 0xFF, 0x9B, 0x00, 0x00, 0x00, 0x28, 0xFF, 0x98, 0x00, 0x00, 0x00, 0x28, 0xFF, 0x98,
  0x00, 0x00, 0x00, 0x14, 0xFF, 0xFF, 0xFF, 0xEB, 0xA1, 0x08, 0x00, 0x14, 0xFF, 0xCC, 0x03, 0x91,
  0xFF, 0x6C, 0x00, 0x14, 0xFF, 0xCC, 0x00, 0x56, 0xFF, 0x8A, 0x00, 0x14, 0xFF, 0xCC, 0x03, 0x92,
  0xFF, 0x4B, 0x00, 0x14, 0xFF, 0xFF, 0xFF, 0xFF, 0xA7, 0x00, 0x00, 0x14, 0xFF, 0xCC, 0x0C, 0x99,
  0xFF, 0x75, 0x00, 0x14, 0xFF, 0xCC, 0x00, 0x06, 0xD1, 0xF9, 0x2F, 0x00, 0x00, 0x00, 0x00, 0x00,
  0x00, 0x00, 0x00, 0x00, 0x00, 0x00, 0x94, 0xA8, 0x05, 0x00, 0x00, 0x28, 0xFF, 0xFF, 0xFF, 0xE8,
  0x28, 0xFF, 0xDD, 0x1F, 0x00, 0x28, 0xFF, 0x9B, 0x00, 0x00, 0x28, 0xFF, 0x98, 0x00, 0x00, 0x28,
  0xFF, 0x98, 0x00, 0x00, 0x00, 0x00, 0x00, 0x00, 0x00, 0x17, 0xEB, 0x3F, 0x00, 0x00, 0x00, 0x0F,
  0xAD, 0x8C, 0xAB, 0x0C, 0x00, 0x00, 0x00, 0x00, 0x00, 0x00, 0x00, 0x00, 0x00, 0x00, 0x14, 0xFF,
  0xFF, 0xFF, 0xEB, 0xA1, 0x08, 0x00, 0x14, 0xFF, 0xCC, 0x03, 0x91, 0xFF, 0x6C, 0x00, 0x14, 0xFF,
  0xCC, 0x00, 0x56, 0xFF, 0x8A, 0x00, 0x14, 0xFF, 0xCC, 0x03, 0x92, 0xFF, 0x4B, 0x00, 0x14, 0xFF,
  0xFF, 0xFF, 0xFF, 0xA7, 0x00, 0x00, 0x14, 0xFF, 0xCC, 0x0C, 0x99, 0xFF, 0x75, 0x00, 0x14, 0xFF,
  0xCC, 0x00, 0x06, 0xD1, 0xF9, 0x2F, 0x00, 0x9C, 0x5B, 0x84, 0x73, 0x00, 0x12, 0xE2, 0xCE, 0x03,
  0x00, 0x00, 0x00, 0x00, 0x00, 0x28, 0xFF, 0xFF, 0xFF, 0xE8, 0x28, 0xFF, 0xDD, 0x1F, 0x00, 0x28,
  0xFF, 0x9B, 0x00, 0x00, 0x28, 0xFF, 0x98, 0x00, 0x00, 0x28, 0xFF, 0x98, 0x00, 0x00, 0x00, 0x00,
  0x0C, 0xBB, 0x62, 0x00, 0x00, 0x00, 0x00, 0x00, 0x00, 0x00, 0x00, 0x00, 0x00, 0x6C, 0xDF, 0xFA,
  0xF0, 0xCB, 0x00, 0x26, 0xFF, 0x9D, 0x0A, 0x2F, 0xAC, 0x00, 0x34, 0xFF, 0xBE, 0x30, 0x06, 0x00,
  0x00, 0x00, 0x8E, 0xF6, 0xFF, 0xF6, 0xA4, 0x09, 0x00, 0x00, 0x08, 0x3C, 0xBC, 0xFF, 0x64, 0x34,
  0x98, 0x2D, 0x08, 0x89, 0xFF, 0x56, 0x23, 0xC3, 0xED, 0xFB, 0xE6, 0x90, 0x03, 0x00, 0x00, 0x00,
  0x95, 0xB0, 0x03, 0x00, 0x00, 0x44, 0xC2, 0x08, 0x00, 0x00, 0x00, 0x00, 0x00, 0x00, 0x00, 0x1A,
  0xC0, 0xF5, 0xFF, 0xFF, 0x1C, 0x6F, 0xFF, 0x8A, 0x3D, 0x0B, 0x00, 0x31, 0xEE, 0xFF, 0xFF, 0xF1,
  0x35, 0x00, 0x07, 0x35, 0x90, 0xFF, 0x6D, 0x68, 0xFF, 0xFF, 0xF2, 0xB5, 0x14, 0x00, 0x13, 0xB2,
  0x8D, 0xA4, 0x09, 0x00, 0x00, 0x00, 0x00, 0x00, 0x00, 0x00, 0x00, 0x00, 0x6C, 0xDF, 0xFA, 0xF0,
  0xCB, 0x00, 0x26, 0xFF, 0x9D, 0x0A, 0x2F, 0xAC, 0x00, 0x34, 0xFF, 0xBE, 0x30, 0x06, 0x00, 0x00,
  0x00, 0x8E, 0xF6, 0xFF, 0xF6, 0xA4, 0x09, 0x00, 0x00, 0x08, 0x3C, 0xBC, 0xFF, 0x64, 0x34, 0x98,
  0x2D, 0x08, 0x89, 0xFF, 0x56, 0x23, 0xC3, 0xED, 0xFB, 0xE6, 0x90, 0x03, 0x00, 0x10, 0xE1, 0xD0,
  0x04, 0x00, 0x00, 0x98, 0x5F, 0x7F, 0x77, 0x00, 0x00, 0x00, 0x00, 0x00, 0x00, 0x00, 0x1A, 0xC0,
  0xF5, 0xFF, 0xFF, 0x1C, 0x6F, 0xFF, 0x8A, 0x3D, 0x0B, 0x00, 0x31, 0xEE, 0xFF, 0xFF, 0xF1, 0x35,
  0x00, 0x07, 0x35, 0x90, 0xFF, 0x6D, 0x68, 0xFF, 0xFF, 0xF2, 0xB5, 0x14, 0x00, 0x6C, 0xDF, 0xFA,
  0xF0, 0xCB, 0x00, 0x26, 0xFF, 0x9D, 0x0A, 0x2F, 0xAC, 0x00, 0x34, 0xFF, 0xBE, 0x30, 0x06, 0x00,
  0x00, 0x00, 0x8E, 0xF6, 0xFF, 0xF6, 0xA4, 0x09, 0x00, 0x00, 0x08, 0x3C, 0xBC, 0xFF, 0x64, 0x34,
  0x98, 0x2D, 0x08, 0x89, 0xFF, 0x56, 0x23, 0xC3, 0xED, 0xFB, 0xE6, 0x90, 0x03, 0x00, 0x00, 0x00,
  0x69, 0x53, 0x00, 0x00, 0x00, 0x00, 0xA4, 0xF9, 0x62, 0x00, 0x00, 0x1A, 0xC0, 0xF5, 0xFF, 0xFF,
  0x1C, 0x6F, 0xFF, 0x8A, 0x3D, 0x0B, 0x00, 0x31, 0xEE, 0xFF, 0xFF, 0xF1, 0x35, 0x00, 0x07, 0x35,
  0x90, 0xFF, 0x6D, 0x68, 0xFF, 0xFF, 0xF2, 0xB5, 0x14, 0x00, 0x00, 0x0F, 0xAD, 0x00, 0x00, 0x00,
  0x3C, 0xFF, 0xC5, 0x00, 0x00, 0x00, 0x0F, 0xAD, 0x8C, 0xAB, 0x0C, 0x00, 0x00, 0x00, 0x00, 0x00,
  0x00, 0x00, 0x00, 0x00, 0x6C, 0xDF, 0xFA, 0xF0, 0xCB, 0x00, 0x26, 0xFF, 0x9D, 0x0A, 0x2F, 0xAC,
  0x00, 0x34, 0xFF, 0xBE, 0x30, 0x06, 0x00, 0x00, 0x00, 0x8E, 0xF6, 0xFF, 0xF6, 0xA4, 0x09, 0x00,
  0x00, 0x08, 0x3C, 0xBC, 0xFF, 0x64, 0x34, 0x98, 0x2D, 0x08, 0x89, 0xFF, 0x56, 0x23, 0xC3, 0xED,
  0xFB, 0xE6, 0x90, 0x03, 0x00, 0x98, 0x5F, 0x80, 0x77, 0x00, 0x00, 0x10, 0xE1, 0xD1, 0x04, 0x00,
  0x00, 0x00, 0x00, 0x00, 0x00, 0x00, 0x1A, 0xC0, 0xF5, 0xFF, 0xFF, 0x1C, 0x6F, 0xFF, 0x8A, 0x3D,
  0x0B, 0x00, 0x31, 0xEE, 0xFF, 0xFF, 0xF1, 0x35, 0x00, 0x07, 0x35, 0x90, 0xFF, 0x6D, 0x68, 0xFF,
  0xFF, 0xF2, 0xB5, 0x14, 0xF4, 0xFF, 0xFF, 0xFF, 0xFF, 0xFF, 0xC4, 0x00, 0x00, 0x88, 0xFF, 0x58,
  0x00, 0x00, 0x00, 0x00, 0x88, 0xFF, 0x58, 0x00, 0x00, 0x00, 0x00, 0x88, 0xFF, 0x58, 0x00, 0x00,
  0x00, 0x00, 0x88, 0xFF, 0x58, 0x00, 0x00, 0x00, 0x00, 0x88, 0xFF, 0x58, 0x00, 0x00, 0x00, 0x00,
  0x88, 0xFF, 0x58, 0x00, 0x00, 0x00, 0x00, 0x00, 0x8D, 0x2F, 0x00, 0x00, 0x00, 0x00, 0xCC, 0xF4,
  0x3F, 0x00, 0x00, 0x00, 0xFF, 0xC0, 0x00, 0x00, 0x00, 0xFF, 0xC0, 0x00, 0x00, 0xE0, 0xFF, 0xFF,
  0xFF, 0x8C, 0x00, 0xFF, 0xC0, 0x00, 0x00, 0x00, 0xFF, 0xC0, 0x00, 0x00, 0x00, 0xF8, 0xD0, 0x03,
  0x00, 0x00, 0x8D, 0xF4, 0xFF, 0x68, 0x00, 0x00, 0x7C, 0x40, 0x00, 0x00, 0xB8, 0xF7, 0x50, 0x00,
  0x00, 0x18, 0xB4, 0x8D, 0x9F, 0x06, 0x00, 0x00, 0x00, 0x00, 0x00, 0x00, 0x00, 0x00, 0xF4, 0xFF,
  0xFF, 0xFF, 0xFF, 0xFF, 0xC4, 0x00, 0x00, 0x88, 0xFF, 0x58, 0x00, 0x00, 0x00, 0x00, 0x88, 0xFF,
  0x58, 0x00, 0x00, 0x00, 0x00, 0x88, 0xFF, 0x58, 0x00, 0x00, 0x00, 0x00, 0x88, 0xFF, 0x58, 0x00,
  0x00, 0x00, 0x00, 0x88, 0xFF, 0x58, 0x00, 0x00, 0x00, 0x00, 0x88, 0xFF, 0x58, 0x00, 0x00, 0x00,
  0x00, 0x00, 0x6A, 0xDA, 0x01, 0x00, 0xFF, 0xC0, 0x9B, 0x73, 0x00, 0x00, 0xFF, 0xC0, 0x00, 0x00,
  0x00, 0xE0, 0xFF, 0xFF, 0xFF, 0x8C, 0x00, 0x00, 0xFF, 0xC0, 0x00, 0x00, 0x00, 0x00, 0xFF, 0xC0,
  0x00, 0x00, 0x00, 0x00, 0xF8, 0xD0, 0x03, 0x00, 0x00, 0x00, 0x8D, 0xF4, 0xFF, 0x68, 0x00, 0xF4,
  0xFF, 0xFF, 0xFF, 0xFF, 0xFF, 0xC4, 0x00, 0x00, 0x88, 0xFF, 0x58, 0x00, 0x00, 0x00, 0x00, 0x88,
  0xFF, 0x58, 0x00, 0x00, 0x00, 0x00, 0x88, 0xFF, 0x58, 0x00, 0x00, 0x00, 0xBC, 0xFF, 0xFF, 0xFF,
  0x90, 0x00, 0x00, 0x00, 0x88, 0xFF, 0x58, 0x00, 0x00, 0x00, 0x00, 0x88, 0xFF, 0x58, 0x00, 0x00,
  0x00, 0xFF, 0xC0, 0x00, 0x00, 0x00, 0xFF, 0xC0, 0x00, 0x00, 0xE0, 0xFF, 0xFF, 0xFF, 0x8C, 0x00,
  0xFF, 0xC0, 0x00, 0x00, 0xE0, 0xFF, 0xFF, 0xFF, 0x8C, 0x00, 0xF7, 0xD2, 0x03, 0x00, 0x00, 0x8C,
  0xF4, 0xFF, 0x68, 0x00, 0x00, 0x50, 0xE1, 0x39, 0xB3, 0x00, 0x00, 0x00, 0x00, 0x99, 0x42, 0xD8,
  0x6C, 0x00, 0x00, 0x00, 0x00, 0x00, 0x00, 0x00, 0x00, 0x00, 0x00, 0x14, 0xFF, 0xCC, 0x00, 0x00,
  0xAC, 0xFF, 0x34, 0x14, 0xFF, 0xCC, 0x00, 0x00, 0xAC, 0xFF, 0x34, 0x14, 0xFF, 0xCC, 0x00, 0x00,
  0xAC, 0xFF, 0x34, 0x14, 0xFF, 0xCC, 0x00, 0x00, 0xAC, 0xFF, 0x34, 0x0B, 0xFF, 0xD1, 0x00, 0x00,
  0xB1, 0xFF, 0x2A, 0x00, 0xD3, 0xF7, 0x29, 0x1B, 0xE5, 0xEA, 0x06, 0x00, 0x2C, 0xBB, 0xEF, 0xF2,
  0xC5, 0x3B, 0x00, 0x00, 0x00, 0xAD, 0xAB, 0x69, 0x58, 0x00, 0x00, 0x00, 0xB8, 0x60, 0xE8, 0x1D,
  0x00, 0x00, 0x00, 0x00, 0x00, 0x00, 0x00, 0x00, 0x38, 0xFF, 0x8B, 0x00, 0x78, 0xFF, 0x48, 0x38,
  0xFF, 0x88, 0x00, 0x78, 0xFF, 0x48, 0x38, 0xFF, 0x88, 0x00, 0x7B, 0xFF, 0x48, 0x28, 0xFF, 0xAF,
  0x0F, 0xC2, 0xFF, 0x48, 0x00, 0x9D, 0xF6, 0xFF, 0xFF, 0xFF, 0x48, 0x00, 0x00, 0x78, 0xFF, 0xFF,
  0x98, 0x00, 0x00, 0x00, 0x00, 0x00, 0x00, 0x00, 0x00, 0x00, 0x00, 0x00, 0x00, 0x00, 0x00, 0x00,
  0x00, 0x00, 0x00, 0x14, 0xFF, 0xCC, 0x00, 0x00, 0xAC, 0xFF, 0x34, 0x14, 0xFF, 0xCC, 0x00, 0x00,
  0xAC, 0xFF, 0x34, 0x14, 0xFF, 0xCC, 0x00, 0x00, 0xAC, 0xFF, 0x34, 0x14, 0xFF, 0xCC, 0x00, 0x00,
  0xAC, 0xFF, 0x34, 0x0B, 0xFF, 0xD1, 0x00, 0x00, 0xB1, 0xFF, 0x2A, 0x00, 0xD3, 0xF7, 0x29, 0x1B,
  0xE5, 0xEA, 0x06, 0x00, 0x2C, 0xBB, 0xEF, 0xF2, 0xC5, 0x3B, 0x00, 0x00, 0x00, 0xFF, 0xFF, 0xFF,
  0x10, 0x00, 0x00, 0x00, 0x00, 0x00, 0x00, 0x00, 0x00, 0x00, 0x00, 0x00, 0x00, 0x00, 0x00, 0x00,
  0x38, 0xFF, 0x8B, 0x00, 0x78, 0xFF, 0x48, 0x38, 0xFF, 0x88, 0x00, 0x78, 0xFF, 0x48, 0x38, 0xFF,
  0x88, 0x00, 0x7B, 0xFF, 0x48, 0x28, 0xFF, 0xAF, 0x0F, 0xC2, 0xFF, 0x48, 0x00, 0x9D, 0xF6, 0xFF,
  0xFF, 0xFF, 0x48, 0x00, 0x00, 0x4B, 0xEC, 0xF2, 0x64, 0x00, 0x00, 0x00, 0x00, 0x00, 0x00, 0x00,
  0x00, 0x00, 0x00, 0x14, 0xFF, 0xCC, 0x00, 0x00, 0xAC, 0xFF, 0x34, 0x14, 0xFF, 0xCC, 0x00, 0x00,
  0xAC, 0xFF, 0x34, 0x14, 0xFF, 0xCC, 0x00, 0x00, 0xAC, 0xFF, 0x34, 0x14, 0xFF, 0xCC, 0x00, 0x00,
  0xAC, 0xFF, 0x34, 0x0B, 0xFF, 0xD1, 0x00, 0x00, 0xB1, 0xFF, 0x2A, 0x00, 0xD3, 0xF7, 0x29, 0x1B,
  0xE5, 0xEA, 0x06, 0x00, 0x2C, 0xBB, 0xEF, 0xF2, 0xC5, 0x3B, 0x00, 0x00, 0x00, 0xA4, 0xF9, 0xDD,
  0x21, 0x00, 0x00, 0x00, 0x00, 0x00, 0x00, 0x00, 0x00, 0x00, 0x00, 0x00, 0x00, 0x00, 0x00, 0x00,
  0x38, 0xFF, 0x8B, 0x00, 0x78, 0xFF, 0x48, 0x38, 0xFF, 0x88, 0x00, 0x78, 0xFF, 0x48, 0x38, 0xFF,
  0x88, 0x00, 0x7B, 0xFF, 0x48, 0x28, 0xFF, 0xAF, 0x0F, 0xC2, 0xFF, 0x48, 0x00, 0x9D, 0xF6, 0xFF,
  0xFF, 0xFF, 0x48, 0x00, 0x00, 0x0D, 0xCC, 0xDF, 0x22, 0x00, 0x00, 0x00, 0x00, 0x45, 0x9F, 0x78,
  0x6C, 0x00, 0x00, 0x14, 0xFF, 0xD9, 0xCC, 0xDF, 0xCE, 0xFF, 0x34, 0x14, 0xFF, 0xCC, 0x00, 0x00,
  0xAC, 0xFF, 0x34, 0x14, 0xFF, 0xCC, 0x00, 0x00, 0xAC, 0xFF, 0x34, 0x14, 0xFF, 0xCC, 0x00, 0x00,
  0xAC, 0xFF, 0x34, 0x0B, 0xFF, 0xD1, 0x00, 0x00, 0xB1, 0xFF, 0x2A, 0x00, 0xD3, 0xF7, 0x29, 0x1B,
  0xE5, 0xEA, 0x06, 0x00, 0x2C, 0xBB, 0xEF, 0xF2, 0xC5, 0x3B, 0x00, 0x00, 0x00, 0x62, 0xF2, 0x86,
  0x00, 0x00, 0x00, 0x00, 0xC3, 0x31, 0xD5, 0x00, 0x00, 0x00, 0x00, 0x63, 0xF2, 0x86, 0x00, 0x00,
  0x00, 0x00, 0x00, 0x00, 0x00, 0x00, 0x00, 0x38, 0xFF, 0x8B, 0x00, 0x78, 0xFF, 0x48, 0x38, 0xFF,
  0x88, 0x00, 0x78, 0xFF, 0x48, 0x38, 0xFF, 0x88, 0x00, 0x7B, 0xFF, 0x48, 0x28, 0xFF, 0xAF, 0x0F,
  0xC2, 0xFF, 0x48, 0x00, 0x9D, 0xF6, 0xFF, 0xFF, 0xFF, 0x48, 0x00, 0x00, 0x50, 0xBC, 0x94, 0xA3,
  0x0D, 0x00, 0x00, 0x00, 0x00, 0x00, 0x00, 0x00, 0x00, 0x00, 0x14, 0xFF, 0xCC, 0x00, 0x00, 0xAC,
  0xFF, 0x34, 0x14, 0xFF, 0xCC, 0x00, 0x00, 0xAC, 0xFF, 0x34, 0x14, 0xFF, 0xCC, 0x00, 0x00, 0xAC,
  0xFF, 0x34, 0x14, 0xFF, 0xCC, 0x00, 0x00, 0xAC, 0xFF, 0x34, 0x0B, 0xFF, 0xD1, 0x00, 0x00, 0xB1,
  0xFF, 0x2A, 0x00, 0xD3, 0xF7, 0x29, 0x1B, 0xE5, 0xEA, 0x06, 0x00, 0x2C, 0xBB, 0xEF, 0xF2, 0xC5,
  0x3B, 0x00, 0x00, 0x00, 0x2B, 0xD0, 0x70, 0xA6, 0x00, 0x00, 0x00, 0xA2, 0x45, 0xD0, 0x13, 0x00,
  0x00, 0x00, 0x00, 0x00, 0x00, 0x00, 0x00, 0x38, 0xFF, 0x8B, 0x00, 0x78, 0xFF, 0x48, 0x38, 0xFF,
  0x88, 0x00, 0x78, 0xFF, 0x48, 0x38, 0xFF, 0x88, 0x00, 0x7B, 0xFF, 0x48, 0x28, 0xFF, 0xAF, 0x0F,
  0xC2, 0xFF, 0x48, 0x00, 0x9D, 0xF6, 0xFF, 0xFF, 0xFF, 0x48, 0x14, 0xFF, 0xCC, 0x00, 0x00, 0xAC,
  0xFF, 0x34, 0x14, 0xFF, 0xCC, 0x00, 0x00, 0xAC, 0xFF, 0x34, 0x14, 0xFF, 0xCC, 0x00, 0x00, 0xAC,
  0xFF, 0x34, 0x14, 0xFF, 0xCC, 0x00, 0x00, 0xAC, 0xFF, 0x34, 0x0B, 0xFF, 0xD1, 0x00, 0x00, 0xB1,
  0xFF, 0x2A, 0x00, 0xD3, 0xF7, 0x29, 0x1B, 0xE5, 0xEA, 0x06, 0x00, 0x2C, 0xBB, 0xEF, 0xF2, 0xC5,
  0x3B, 0x00, 0x00, 0x00, 0x00, 0x99, 0x23, 0x00, 0x00, 0x00, 0x00, 0x00, 0x00, 0x9D, 0xFC, 0x44,
  0x00, 0x00, 0x38, 0xFF, 0x8B, 0x00, 0x78, 0xFF, 0x48, 0x00, 0x38, 0xFF, 0x88, 0x00, 0x78, 0xFF,
  0x48, 0x00, 0x38, 0xFF, 0x88, 0x00, 0x7B, 0xFF, 0x48, 0x00, 0x28, 0xFF, 0xAF, 0x0F, 0xC2, 0xFF,
  0x48, 0x00, 0x00, 0x9D, 0xF6, 0xFF, 0xFF, 0xFF, 0x48, 0x00, 0x00, 0x00, 0x00, 0x00, 0x00, 0xA9,
  0x13, 0x00, 0x00, 0x00, 0x00, 0x00, 0x00, 0xB3, 0xFE, 0x2C, 0x00, 0x00, 0x00, 0x0C, 0xAB, 0x8C,
  0xAD, 0x0F, 0x00, 0x00, 0x00, 0x00, 0x00, 0x00, 0x00, 0x00, 0x00, 0x00, 0x00, 0x00, 0x00, 0x00,
  0x95, 0xFF, 0x37, 0x00, 0x84, 0xFF, 0x8A, 0x00, 0x30, 0xFF, 0x98, 0x55, 0xFF, 0x77, 0x00, 0xC2,
  0xF9, 0xC9, 0x00, 0x70, 0xFF, 0x59, 0x16, 0xFF, 0xB6, 0x08, 0xF8, 0x98, 0xFB, 0x0C, 0xAF, 0xFF,
  0x1A, 0x00, 0xD6, 0xF2, 0x44, 0xFE, 0x1F, 0xFC, 0x49, 0xED, 0xDB, 0x00, 0x00, 0x97, 0xFF, 0xB5,
  0xD1, 0x00, 0xCA, 0xB5, 0xFF, 0x9C, 0x00, 0x00, 0x57, 0xFF, 0xFF, 0x92, 0x00, 0x8B, 0xFF, 0xFF,
  0x5D, 0x00, 0x00, 0x18, 0xFF, 0xFF, 0x53, 0x00, 0x4C, 0xFF, 0xFF, 0x1F, 0x00, 0x00, 0x00, 0x00,
  0x48, 0xF7, 0x87, 0x00, 0x00, 0x00, 0x00, 0x00, 0x09, 0xCB, 0x29, 0xC2, 0x2C, 0x00, 0x00, 0x00,
  0x00, 0x00, 0x00, 0x00, 0x00, 0x00, 0x00, 0x00, 0x80, 0xFF, 0x2D, 0x3F, 0xFF, 0x7D, 0x03, 0xEF,
  0xBE, 0x36, 0xFF, 0x72, 0x83, 0xF2, 0xC2, 0x38, 0xFF, 0x75, 0x01, 0xEA, 0xB6, 0xC7, 0x7E, 0xFA,
  0x89, 0xFF, 0x2B, 0x00, 0xA3, 0xF5, 0xFB, 0x1B, 0xDB, 0xF4, 0xE1, 0x00, 0x00, 0x59, 0xFF, 0xD6,
  0x00, 0x96, 0xFF, 0x98, 0x00, 0x00, 0x00, 0x05, 0x9D, 0x8F, 0xB5, 0x19, 0x00, 0x00, 0x00, 0x00,
  0x00, 0x00, 0x00, 0x00, 0x00, 0x00, 0x00, 0x01, 0xBE, 0xFF, 0x4C, 0x00, 0x1C, 0xF0, 0xEA, 0x15,
  0x00, 0x1F, 0xF1, 0xE5, 0x10, 0xB5, 0xFF, 0x50, 0x00, 0x00, 0x00, 0x61, 0xFF, 0xD5, 0xFF, 0xA0,
  0x00, 0x00, 0x00, 0x00, 0x00, 0xB0, 0xFF, 0xE1, 0x0E, 0x00, 0x00, 0x00, 0x00, 0x00, 0x50, 0xFF,
  0x90, 0x00, 0x00, 0x00, 0x00, 0x00, 0x00, 0x50, 0xFF, 0x90, 0x00, 0x00, 0x00, 0x00, 0x00, 0x00,
  0x50, 0xFF, 0x90, 0x00, 0x00, 0x00, 0x00, 0x00, 0xAD, 0xF1, 0x29, 0x00, 0x00, 0x00, 0x4B, 0xAA,
  0x3A, 0xBB, 0x01, 0x00, 0x00, 0x00, 0x00, 0x00, 0x00, 0x00, 0x00, 0xA5, 0xFB, 0x1B, 0x00, 0x98,
  0xFE, 0x24, 0x2D, 0xFF, 0x85, 0x07, 0xEE, 0xB7, 0x00, 0x00, 0xB5, 0xEB, 0x5D, 0xFF, 0x4C, 0x00,
  0x00, 0x3E, 0xFF, 0xF0, 0xDF, 0x02, 0x00, 0x00, 0x00, 0xC6, 0xFF, 0x77, 0x00, 0x00, 0x00, 0x05,
  0xA0, 0xF5, 0x14, 0x00, 0x00, 0x00, 0xFF, 0xED, 0x61, 0x00, 0x00, 0x00, 0x00, 0x00, 0x00, 0xE8,
  0x3C, 0xFC, 0x28, 0x00, 0x00, 0x00, 0x00, 0x00, 0x00, 0x00, 0x00, 0x00, 0x00, 0x00, 0x01, 0xBE,
  0xFF, 0x4C, 0x00, 0x1C, 0xF0, 0xEA, 0x15, 0x00, 0x1F, 0xF1, 0xE5, 0x10, 0xB5, 0xFF, 0x50, 0x00,
  0x00, 0x00, 0x61, 0xFF, 0xD5, 0xFF, 0xA0, 0x00, 0x00, 0x00, 0x00, 0x00, 0xB0, 0xFF, 0xE1, 0x0E,
  0x00, 0x00, 0x00, 0x00, 0x00, 0x50, 0xFF, 0x90, 0x00, 0x00, 0x00, 0x00, 0x00, 0x00, 0x50, 0xFF,
  0x90, 0x00, 0x00, 0x00, 0x00, 0x00, 0x00, 0x50, 0xFF, 0x90, 0x00, 0x00, 0x00, 0x00, 0x00, 0x0C,
  0xBB, 0x62, 0x00, 0x00, 0x00, 0x00, 0x00, 0x00, 0x00, 0x00, 0x00, 0x70, 0xFF, 0xFF, 0xFF, 0xFF,
  0xFF, 0xB0, 0x00, 0x00, 0x00, 0x1F, 0xEB, 0xFF, 0x66, 0x00, 0x00, 0x0A, 0xCF, 0xFF, 0x9A, 0x00,
  0x00, 0x00, 0xA7, 0xFF, 0xC5, 0x06, 0x00, 0x00, 0x77, 0xFF, 0xE5, 0x18, 0x00, 0x00, 0x45, 0xFD,
  0xF8, 0x36, 0x00, 0x00, 0x00, 0x8C, 0xFF, 0xFF, 0xFF, 0xFF, 0xFF, 0xCC, 0x00, 0x00, 0x00, 0x95,
  0xB0, 0x03, 0x00, 0x00, 0x44, 0xC2, 0x08, 0x00, 0x00, 0x00, 0x00, 0x00, 0x00, 0x00, 0x6C, 0xFF,
  0xFF, 0xFF, 0xFF, 0x58, 0x00, 0x00, 0x3A, 0xF2, 0xDF, 0x1C, 0x00, 0x3C, 0xF3, 0xDD, 0x1E, 0x00,
  0x3B, 0xF4, 0xDC, 0x1D, 0x00, 0x00, 0x8C, 0xFF, 0xFF, 0xFF, 0xFF, 0x58, 0x00, 0x00, 0x24, 0xFF,
  0x34, 0x00, 0x00, 0x00, 0x00, 0x00, 0x00, 0x00, 0x00, 0x00, 0x70, 0xFF, 0xFF, 0xFF, 0xFF, 0xFF,
  0xB0, 0x00, 0x00, 0x00, 0x1F, 0xEB, 0xFF, 0x66, 0x00, 0x00, 0x0A, 0xCF, 0xFF, 0x9A, 0x00, 0x00,
  0x00, 0xA7, 0xFF, 0xC5, 0x06, 0x00, 0x00, 0x77, 0xFF, 0xE5, 0x18, 0x00, 0x00, 0x45, 0xFD, 0xF8,
  0x36, 0x00, 0x00, 0x00, 0x8C, 0xFF, 0xFF, 0xFF, 0xFF, 0xFF, 0xCC, 0x00, 0x00, 0xF8, 0xC8, 0x00,
  0x00, 0x00, 0x00, 0xF8, 0xC8, 0x00, 0x00, 0x00, 0x00, 0x00, 0x00, 0x00, 0x00, 0x6C, 0xFF, 0xFF,
  0xFF, 0xFF, 0x58, 0x00, 0x00, 0x3A, 0xF2, 0xDF, 0x1C, 0x00, 0x3C, 0xF3, 0xDD, 0x1E, 0x00, 0x3B,
  0xF4, 0xDC, 0x1D, 0x00, 0x00, 0x8C, 0xFF, 0xFF, 0xFF, 0xFF, 0x58, 0x00, 0x0C, 0xAA, 0x8C, 0xAE,
  0x0F, 0x00, 0x00, 0x00, 0x00, 0x00, 0x00, 0x00, 0x00, 0x70, 0xFF, 0xFF, 0xFF, 0xFF, 0xFF, 0xB0,
  0x00, 0x00, 0x00, 0x1F, 0xEB, 0xFF, 0x66, 0x00, 0x00, 0x0A, 0xCF, 0xFF, 0x9A, 0x00, 0x00, 0x00,
  0xA7, 0xFF, 0xC5, 0x06, 0x00, 0x00, 0x77, 0xFF, 0xE5, 0x18, 0x00, 0x00, 0x45, 0xFD, 0xF8, 0x36,
  0x00, 0x00, 0x00, 0x8C, 0xFF, 0xFF, 0xFF, 0xFF, 0xFF, 0xCC, 0x00, 0xA0, 0x57, 0x88, 0x6F, 0x00,
  0x00, 0x14, 0xE4, 0xCC, 0x03, 0x00, 0x00, 0x00, 0x00, 0x00, 0x00, 0x00, 0x6C, 0xFF, 0xFF, 0xFF,
  0xFF, 0x58, 0x00, 0x00, 0x3A, 0xF2, 0xDF, 0x1C, 0x00, 0x3C, 0xF3, 0xDD, 0x1E, 0x00, 0x3B, 0xF4,
  0xDC, 0x1D, 0x00, 0x00, 0x8C, 0xFF, 0xFF, 0xFF, 0xFF, 0x58, 0x00, 0x47, 0xE3, 0xFF, 0x70, 0x00,
  0xCD, 0xDF, 0x07, 0x00, 0x00, 0xEC, 0xD0, 0x00, 0x00, 0xD0, 0xFF, 0xD0, 0x00, 0x00, 0x00, 0xF0,
  0xD0, 0x00, 0x00, 0x00, 0xF0, 0xD0, 0x00, 0x00, 0x00, 0xF0, 0xD0, 0x00, 0x00, 0x00, 0xF0, 0xD0,
  0x00, 0x00, 0x00, 0x17, 0xA3, 0xEC, 0xF9, 0xD2, 0x5B, 0x00, 0x00, 0x04, 0xCD, 0xF1, 0x3F, 0x12,
  0xA5, 0xFF, 0x52, 0x00, 0x4F, 0xFF, 0x95, 0x00, 0x00, 0x17, 0xFF, 0xCE, 0x00, 0x77, 0xFF, 0x7A,
  0x00, 0x00, 0x01, 0xF9, 0xF6, 0x00, 0x58, 0xFF, 0xA7, 0x00, 0x00, 0x28, 0xFF, 0xD7, 0x00, 0x05,
  0xC0, 0xFC, 0x3A, 0x03, 0xB4, 0xF8, 0x4C, 0x00, 0xBC, 0xFF, 0xFF, 0x9C, 0x1C, 0xFF, 0xFF, 0xFF,
  0x3C, 0x94, 0xFF, 0xFF, 0xFF, 0xFF, 0xFF, 0xFF, 0x50, 0x00, 0xA0, 0xFF, 0x20, 0x64, 0xFF, 0x5C,
  0x00, 0x00, 0xA0, 0xFF, 0x20, 0x64, 0xFF, 0x5C, 0x00, 0x00, 0xA0, 0xFF, 0x20, 0x63, 0xFF, 0x6B,
  0x00, 0x00, 0xA0, 0xFF, 0x20, 0x34, 0xEC, 0xFA, 0x48, 0x74, 0xFF, 0xFF, 0x9C, 0x78, 0xFF, 0xFF,
  0xFF, 0x78, 0x78, 0xFF, 0xFF, 0xFF, 0xFF, 0xFF, 0xFF, 0xFF, 0xFF, 0x78, 0x35, 0xF5, 0x0C, 0xD3,
  0xC0, 0x00, 0xF8, 0xB0, 0x00, 0x00, 0xE0, 0xC8, 0x02, 0xEE, 0xA2, 0x39, 0xEB, 0x16, 0x35, 0xF5,
  0x0D, 0xB8, 0x81, 0xD3, 0xC0, 0x59, 0xFF, 0x39, 0xF8, 0xB0, 0x80, 0xFF, 0x28, 0x00, 0x98, 0xFF,
  0x34, 0xFF, 0x8C, 0x00, 0xA8, 0xE6, 0x37, 0xFF, 0x67, 0x02, 0xEB, 0x4B, 0x76, 0xC1, 0x02, 0x13,
  0xC5, 0xEA, 0x4D, 0x79, 0xFF, 0xFF, 0xD9, 0x78, 0xFF, 0xFF, 0xD9, 0x13, 0xC8, 0xEC, 0x4E, 0x34,
  0xFF, 0x8C, 0x00, 0xE0, 0xE0, 0x00, 0x8C, 0xFF, 0x34, 0x34, 0xFF, 0x8C, 0x00, 0xE0, 0xE0, 0x00,
  0x8C, 0xFF, 0x34, 0x00, 0x46, 0x5A, 0x09, 0x6A, 0xC1, 0x90, 0xB0, 0xAA, 0x78, 0x30, 0xF2, 0x91,
  0x8F, 0x47, 0xD7, 0x19, 0xA9, 0xB7, 0x3D, 0x3D, 0x54, 0x49, 0x63, 0x78, 0xA4, 0x78, 0xA4, 0x58,
  0x78, 0x80, 0xFF, 0xFF, 0xFF, 0xFF, 0x80, 0x80, 0x10, 0x00, 0x00, 0x10, 0x80, 0x80, 0x10, 0x00,
  0x00, 0x10, 0x80, 0x80, 0x10, 0x00, 0x00, 0x10, 0x80, 0x80, 0x10, 0x00, 0x00, 0x10, 0x80, 0x80,
  0x10, 0x00, 0x00, 0x10, 0x80, 0x80, 0x10, 0x00, 0x00, 0x10, 0x80, 0x80, 0x10, 0x00, 0x00, 0x10,
  0x80, 0x80, 0xFF, 0xFF, 0xFF, 0xFF, 0x80, 0x80, 0xFF, 0xFF, 0xFF, 0xFF, 0x80, 0x80, 0x10, 0x00,
  0x00, 0x10, 0x80, 0x80, 0x10, 0x00, 0x00, 0x10, 0x80, 0x80, 0x10, 0x00, 0x00, 0x10, 0x80, 0x80,
  0x10, 0x00, 0x00, 0x10, 0x80, 0x80, 0x10, 0x00, 0x00, 0x10, 0x80, 0x80, 0x10, 0x00, 0x00, 0x10,
  0x80, 0x80, 0x10, 0x00, 0x00, 0x10, 0x80, 0x80, 0xFF, 0xFF, 0xFF, 0xFF, 0x80, 0x00, 0x04, 0x56,
  0x1B, 0x00, 0x85, 0xF3, 0x50, 0x44, 0x84, 0xD0, 0x50, 0xAD, 0xC8, 0xF4, 0xD0, 0x00, 0x00, 0x98,
  0x3A, 0x1E, 0x58, 0x58, 0x2D, 0x58, 0xC3, 0x70, 0x39, 0x4F, 0xBF, 0xE1, 0x6F, 0x17, 0x01, 0x72,
  0xCA, 0x54, 0xB9, 0xBD, 0x42, 0x00, 0x2E, 0x64, 0x34, 0x44, 0xD1, 0x4F, 0x41, 0x94, 0xE0, 0xC8,
  0x81, 0x7E, 0xAE, 0x3D, 0xE2, 0x11, 0xA2, 0xB5, 0x53, 0x34, 0x58, 0x58, 0x44, 0x42, 0x70, 0xC3,
  0xA4, 0x00, 0x0C, 0xEA, 0x2A, 0x00, 0x79, 0xA9, 0x00, 0x02, 0xA8, 0x2A, 0x00, 0x07, 0x56, 0x62,
  0x18, 0x72, 0xC1, 0x8E, 0xB7, 0x2E, 0xE6, 0xDD, 0x64, 0x8C, 0x91, 0x4D, 0xCF, 0x32, 0xB5, 0xB7,
  0x5F, 0x04, 0x52, 0x55, 0x04, 0x87, 0xAD, 0x9F, 0x95, 0x8C, 0xBA, 0xAD, 0xD6, 0x09, 0x4B, 0x9C,
  0xB2, 0x44, 0xB1, 0xA8, 0x20, 0x00, 0x00, 0x8C, 0x03, 0x00, 0x1C, 0x58, 0xD0, 0x5A, 0x35, 0x1A,
  0x50, 0xCE, 0x52, 0x30, 0x00, 0x00, 0x87, 0x02, 0x00, 0x1C, 0x58, 0x58, 0x58, 0x35, 0x1A, 0x50,
  0x50, 0x50, 0x30, 0x37, 0xA8, 0xA8, 0xA8, 0x66, 0x37, 0xA8, 0xA8, 0xA8, 0x66, 0x00, 0x5A, 0x21,
  0x1B, 0xDB, 0x04, 0x5D, 0xAA, 0x00, 0x5C, 0xAB, 0x00, 0x19, 0xDD, 0x06, 0x00, 0x50, 0x1F, 0x32,
  0x49, 0x00, 0x12, 0xDF, 0x0A, 0x00, 0xC8, 0x3F, 0x00, 0xCA, 0x3E, 0x15, 0xDE, 0x08, 0x2E, 0x41,
  0x00, 0x27, 0x39, 0x4F, 0x32, 0x00, 0x78, 0xE5, 0x7D, 0xF5, 0x05, 0x78, 0xAA, 0x10, 0xFF, 0x10,
  0x58, 0x7B, 0x0B, 0xBC, 0x0B, 0x00, 0x00, 0x15, 0xA0, 0xE9, 0xF7, 0xD2, 0x2F, 0x00, 0x03, 0xD0,
  0xFA, 0x51, 0x0C, 0x5B, 0x42, 0x0A, 0xEF, 0xFF, 0xFF, 0xFF, 0xFF, 0x39, 0x00, 0x00, 0x4B, 0xFF,
  0x98, 0x00, 0x00, 0x00, 0x00, 0x0A, 0xEF, 0xFF, 0xFF, 0xFF, 0x79, 0x00, 0x00, 0x00, 0x03, 0xD2,
  0xF9, 0x56, 0x0F, 0x5C, 0x42, 0x00, 0x00, 0x17, 0xA2, 0xEA, 0xF8, 0xD3, 0x2F
};
const uint32_t DejaVuSansBold8pxDataSize = 26493;
