#pragma once
#include <pgmspace.h>
// SLUGsmall 144x96 RGB565 (byte-swapped, transparent key=0xF81F)
#define SLUGSMALL_W 144
#define SLUGSMALL_H 96
#define SLUGSMALL_TRANSP 0xF81F
static const uint16_t SLUG_SMALL[13824] PROGMEM = {
    0x4108,0x4108,0x4108,0x4108,0x4108,0x4108,0x4108,0x4108,0x4108,0x4108,0x4108,0x4108,0x4108,0x4108,0x4108,0x4108,
    0x4108,0x4108,0x4108,0x4108,0x4108,0x4108,0x4108,0x4108,0x4108,0x4108,0x4108,0x4108,0x4108,0x4108,0x4108,0x4108,
    0x4108,0x4108,0x4108,0x4108,0x4108,0x4108,0x4108,0x4108,0x4108,0x4108,0x4108,0x4108,0x4108,0x4108,0x4108,0x4108,
    0x4108,0x4108,0x4108,0x4108,0x4108,0x4108,0x4108,0x4108,0x4108,0x4108,0x4108,0x4108,0x4108,0x4108,0x4108,0x4108,
    0x4108,0x4108,0x4108,0x4108,0x4108,0x4108,0x4108,0x4108,0x4108,0x4108,0x4108,0x4108,0x4108,0x4108,0x4108,0x4108,
    0x4108,0x4108,0x4108,0x4108,0x4108,0x4108,0x4108,0x4108,0x4108,0x4108,0x4108,0x4108,0x4108,0x4108,0x4108,0x4108,
    0x4108,0x4108,0x4108,0x4108,0x4108,0x4108,0x4108,0x4108,0x4108,0x4108,0x4108,0x4108,0x4108,0x4108,0x4108,0x4108,
    0x4108,0x4108,0x4108,0x4108,0x4108,0x4108,0x4108,0x4108,0x4108,0x4108,0x4108,0x4108,0x4108,0x4108,0x4108,0x4108,
    0x4108,0x4108,0x4108,0x4108,0x4108,0x4108,0x4108,0x4108,0x4108,0x4108,0x4108,0x4108,0x4108,0x4108,0x4108,0x4108,
    0x4108,0x4108,0x4108,0x4108,0x4108,0x4108,0x4108,0x4108,0x4108,0x4108,0x4108,0x4108,0x4108,0x4108,0x4108,0x4108,
    0x4108,0x4108,0x4108,0x4108,0x4108,0x4108,0x4108,0x4108,0x4108,0x4108,0x4108,0x4108,0x4108,0x4108,0x4108,0x4108,
    0x4108,0x4108,0x4108,0x4108,0x4108,0x4108,0x4108,0x4108,0x4108,0x4108,0x4108,0x4108,0x4108,0x4108,0x4108,0x4108,
    0x4108,0x4108,0x4108,0x4108,0x4108,0x4108,0x4108,0x4108,0x4108,0x4108,0x4108,0x4108,0x4108,0x4108,0x4108,0x4108,
    0x4108,0x4108,0x4108,0x4108,0x4108,0x4108,0x4108,0x4108,0x4108,0x4108,0x4108,0x4108,0x4108,0x4108,0x4108,0x4108,
    0x4108,0x4108,0x4108,0x4108,0x4108,0x4108,0x4108,0x4108,0x4108,0x4108,0x4108,0x4108,0x4108,0x4108,0x4108,0x4108,
    0x4108,0x4108,0x4108,0x4108,0x4108,0x4108,0x4108,0x4108,0x4108,0x4108,0x4108,0x4108,0x4108,0x4108,0x4108,0x4108,
    0x4108,0x4108,0x4108,0x4108,0x4108,0x4108,0x4108,0x4108,0x4108,0x4108,0x4108,0x4108,0x4108,0x4108,0x4108,0x4108,
    0x4108,0x4108,0x4108,0x4108,0x4108,0x4108,0x4108,0x4108,0x4108,0x4108,0x4108,0x4108,0x4108,0x4108,0x4108,0x4108,
    0x4108,0x4108,0x4108,0x4108,0x4108,0x4108,0x4108,0x4108,0x4108,0x4108,0x4108,0x4108,0x4108,0x4108,0x4108,0x4108,
    0x4108,0x4108,0x4108,0x4108,0x4108,0x4108,0x4108,0x4108,0x4108,0x4108,0x4108,0x4108,0x4108,0x4108,0x4108,0x4108,
    0x4108,0x4108,0x4108,0x4108,0x4108,0x4108,0x4108,0x4108,0x4108,0x4108,0x4108,0x4108,0x4108,0x4108,0x4108,0x4108,
    0x4108,0x4108,0x4108,0x4108,0x4108,0x4108,0x4108,0x4108,0x4108,0x4108,0x4108,0x4108,0x4108,0x4108,0x4108,0x4108,
    0x4108,0x4108,0x4108,0x4108,0x4108,0x4108,0x4108,0x4108,0x4108,0x4108,0x4108,0x4108,0x4108,0x4108,0x4108,0x4108,
    0x4108,0x4108,0x4108,0x4108,0x4108,0x4108,0x4108,0x4108,0x4108,0x4108,0x4108,0x4108,0x4108,0x4108,0x4108,0x4108,
    0x4108,0x4108,0x4108,0x4108,0x4108,0x4108,0x4108,0x4108,0x4108,0x4108,0xA210,0x2421,0x2421,0x2421,0x0421,0x4108,
    0x4108,0x4108,0x4108,0x4108,0x4108,0x4108,0x4108,0x4108,0x4108,0x4108,0x4108,0x4108,0x4108,0x4108,0x4108,0x4108,
    0x4108,0x4108,0x4108,0x4108,0x4108,0x4108,0x4108,0xC318,0x4421,0x4529,0x8631,0x4108,0x4108,0x4108,0x4108,0x4108,
    0x4108,0x4108,0x4108,0x4108,0x4108,0x4108,0x4108,0x4108,0x4108,0x4108,0x4108,0x4108,0x4108,0x4108,0x4108,0x4108,
    0x4108,0x4108,0x4108,0x4108,0x4108,0x4108,0x4108,0x4108,0x4108,0x4108,0x4108,0x4108,0x4108,0x4108,0x4108,0x4108,
    0x4108,0x4108,0x4108,0x4108,0x4108,0x4108,0x4108,0x4108,0x4108,0x4108,0x4108,0x4108,0x4108,0x4108,0x4108,0x4108,
    0x4108,0x4108,0x4108,0x4108,0x4108,0x4108,0x4108,0x4108,0x4108,0x4108,0x4108,0x4108,0x4108,0x4108,0x4108,0x4108,
    0x4108,0x4108,0x4108,0x4108,0x4108,0x4108,0x4108,0x4108,0x4108,0x4108,0x4108,0x4108,0x4108,0x4108,0x4108,0x4108,
    0x4108,0x4108,0x4108,0x4108,0x4108,0x4108,0x4108,0x4108,0x4108,0x4108,0x4108,0x4108,0x4108,0x4108,0x4108,0x4108,
    0x4108,0x4108,0x4108,0x4108,0x4108,0x4108,0x4108,0x4108,0x4108,0x2000,0x2000,0x0000,0x2000,0x2000,0x0842,0x1084,
    0x4108,0x4108,0x4108,0x4108,0x4108,0x4108,0x4108,0x4108,0x4108,0x4108,0x4108,0x4108,0x4108,0x4108,0x4108,0x4108,
    0x4108,0x4108,0x4108,0x4108,0x4108,0x4108,0x2000,0x2000,0x0000,0x2000,0xC739,0x9294,0x4529,0x4108,0x4108,0x4108,
    0x4108,0x4108,0x4108,0x4108,0x4108,0x4108,0x4108,0x4108,0x4108,0x4108,0x4108,0x4108,0x4108,0x4108,0x4108,0x4108,
    0x4108,0x4108,0x4108,0x4108,0x4108,0x4108,0x4108,0x4108,0x4108,0x4108,0x4108,0x4108,0x4108,0x4108,0x4108,0x4108,
    0x4108,0x4108,0x4108,0x4108,0x4108,0x4108,0x4108,0x4108,0x4108,0x4108,0x4108,0x4108,0x4108,0x4108,0x4108,0x4108,
    0x4108,0x4108,0x4108,0x4108,0x4108,0x4108,0x4108,0x4108,0x4108,0x4108,0x4108,0x4108,0x4108,0x4108,0x4108,0x4108,
    0x4108,0x4108,0x4108,0x4108,0x4108,0x4108,0x4108,0x4108,0x4108,0x4108,0x4108,0x4108,0x4108,0x4108,0x4108,0x4108,
    0x4108,0x4108,0x4108,0x4108,0x4108,0x4108,0x4108,0x4108,0x4108,0x4108,0x4108,0x4108,0x4108,0x4108,0x4108,0x4108,
    0x4108,0x4108,0x4108,0x4108,0x4108,0x4108,0x4108,0x4108,0x6110,0x0329,0xA539,0xA539,0x8539,0x0329,0x6110,0xC739,
    0x518C,0x4108,0x4108,0x4108,0x4108,0x4108,0x4108,0x4108,0x4108,0x4108,0x4108,0x4108,0x4108,0x4108,0x4108,0x4108,
    0x4108,0x4108,0x4108,0x4108,0x4108,0x2000,0x2329,0xA539,0xA541,0x4331,0x8110,0x2429,0xF39C,0x4108,0x4108,0x4108,
    0x4108,0x4108,0x4108,0x4108,0x4108,0x4108,0x4108,0x4108,0x4108,0x4108,0x4108,0x4108,0x4108,0x4108,0x4108,0x4108,
    0x4108,0x4108,0x4108,0x4108,0x4108,0x4108,0x4108,0x4108,0x4108,0x4108,0x4108,0x4108,0x4108,0x4108,0x4108,0x4108,
    0x4108,0x4108,0x4108,0x4108,0x4108,0x4108,0x4108,0x4108,0x4108,0x4108,0x4108,0x4108,0x4108,0x4108,0x4108,0x4108,
    0x4108,0x4108,0x4108,0x4108,0x4108,0x4108,0x4108,0x4108,0x4108,0x4108,0x4108,0x4108,0x4108,0x4108,0x4108,0x4108,
    0x4108,0x4108,0x4108,0x4108,0x4108,0x4108,0x4108,0x4108,0x4108,0x4108,0x4108,0x4108,0x4108,0x4108,0x4108,0x4108,
    0x4108,0x4108,0x4108,0x4108,0x4108,0x4108,0x4108,0x4108,0x4108,0x4108,0x4108,0x4108,0x4108,0x4108,0x4108,0x4108,
    0x4108,0x4108,0x4108,0x4108,0x4108,0x4108,0x4108,0x4108,0xC541,0xA98B,0xACAC,0xACAC,0xACAC,0x898B,0xC541,0x6108,
    0x0421,0xEF7B,0x4108,0x4108,0x4108,0x4108,0x4108,0x4108,0x4108,0x4108,0x4108,0x4108,0x4108,0x4108,0x4108,0x4108,
    0x4108,0x4108,0x4108,0x4108,0x2000,0xE228,0x2883,0x8BAC,0xACAC,0xCA93,0xE549,0x6110,0xA310,0x718C,0x4108,0x4108,
    0x4108,0x4108,0x4108,0x4108,0x4108,0x4108,0x4108,0x4108,0x4108,0x4108,0x4108,0x4108,0x4108,0x4108,0x4108,0x4108,
    0x4108,0x4108,0x4108,0x4108,0x4108,0x4108,0x4108,0x4108,0x4108,0x4108,0x4108,0x4108,0x4108,0x4108,0x4108,0x4108,
    0x4108,0x4108,0x4108,0x4108,0x4108,0x4108,0x4108,0x4108,0x4108,0x4108,0x4108,0x4108,0x4108,0x4108,0x4108,0x4108,
    0x4108,0x4108,0x4108,0x4108,0x4108,0x4108,0x4108,0x4108,0x4108,0x4108,0x4108,0x4108,0x4108,0x4108,0x4108,0x4108,
    0x4108,0x4108,0x4108,0x4108,0x4108,0x4108,0x4108,0x4108,0x4108,0x4108,0x4108,0x4108,0x4108,0x4108,0x4108,0x4108,
    0x4108,0x4108,0x4108,0x4108,0x4108,0x4108,0x4108,0x4108,0x4108,0x4108,0x4108,0x4108,0x4108,0x4108,0x4108,0x4108,
    0x4108,0x4108,0x4108,0x4108,0x4108,0x4108,0x2000,0xE549,0xC993,0xABB4,0xABAC,0xACAC,0xACAC,0xACAC,0xEA9B,0x265A,
    0x2000,0x6208,0x59CE,0x4108,0x4108,0x4108,0x4108,0x4108,0x4108,0x4108,0x4108,0x4108,0x4108,0x4108,0x4108,0x4108,
    0x4108,0x4108,0x4108,0x0000,0x2329,0x4883,0x8BAC,0xACAC,0xABAC,0xCCB4,0x0A9C,0x6662,0x2100,0x4108,0x55AD,0x4108,
    0x4108,0x4108,0x4108,0x4108,0x4108,0x4108,0x4108,0x4108,0x4108,0x4108,0x4108,0x4108,0x4108,0x4108,0x4108,0x4108,
    0x4108,0x4108,0x4108,0x4108,0x4108,0x4108,0x4108,0x4108,0x4108,0x4108,0x4108,0x4108,0x4108,0x4108,0x4108,0x4108,
    0x4108,0x4108,0x4108,0x4108,0x4108,0x4108,0x4108,0x4108,0x4108,0x4108,0x4108,0x4108,0x4108,0x4108,0x4108,0x4108,
    0x4108,0x4108,0x4108,0x4108,0x4108,0x4108,0x4108,0x4108,0x4108,0x4108,0x4108,0x4108,0x4108,0x4108,0x4108,0x4108,
    0x4108,0x4108,0x4108,0x4108,0x4108,0x4108,0x4108,0x4108,0x4108,0x4108,0x4108,0x4108,0x4108,0x4108,0x4108,0x4108,
    0x4108,0x4108,0x4108,0x4108,0x4108,0x4108,0x4108,0x4108,0x4108,0x4108,0x4108,0x4108,0x4108,0x4108,0x4108,0x4108,
    0x4108,0x4108,0x4108,0x4108,0x4108,0x2000,0x0000,0xE86A,0x8BAC,0x8BAC,0x6BA4,0x4008,0x8CA4,0x8439,0x2873,0x2873,
    0x2000,0x6108,0x3CE7,0x4108,0x4108,0x4108,0x4108,0x4108,0x4108,0x4108,0x4108,0x4108,0x4108,0x4108,0x4108,0x4108,
    0x4108,0x4108,0x4108,0x0000,0xC541,0xCCB4,0xACAC,0x6110,0x8DA4,0xC541,0x875A,0x697B,0x2000,0x2000,0xBEF7,0x4108,
    0x4108,0x4108,0x4108,0x4108,0x4108,0x4108,0x4108,0x4108,0x4108,0x4108,0x4108,0x4108,0x4108,0x4108,0x4108,0x4108,
    0x4108,0x4108,0x4108,0x4108,0x4108,0x4108,0x4108,0x4108,0x4108,0x4108,0x4108,0x4108,0x4108,0x4108,0x4108,0x4108,
    0x4108,0x4108,0x4108,0x4108,0x4108,0x4108,0x4108,0x4108,0x4108,0x4108,0x4108,0x4108,0x4108,0x4108,0x4108,0x4108,
    0x4108,0x4108,0x4108,0x4108,0x4108,0x4108,0x4108,0x4108,0x4108,0x4108,0x4108,0x4108,0x4108,0x4108,0x4108,0x4108,
    0x4108,0x4108,0x4108,0x4108,0x4108,0x4108,0x4108,0x4108,0x4108,0x4108,0x4108,0x4108,0x4108,0x4108,0x4108,0x4108,
    0x4108,0x4108,0x4108,0x4108,0x4108,0x4108,0x4108,0x4108,0x4108,0x4108,0x4108,0x4108,0x4108,0x4108,0x4108,0x4108,
    0x4108,0x4108,0x4108,0x4108,0x4108,0x2000,0x0000,0xE86A,0x8BAC,0x8BAC,0x8CA4,0x2000,0x4429,0x6108,0xE86A,0xE86A,
    0x0000,0x4108,0x3CE7,0x4108,0x4108,0x4108,0x4108,0x4108,0x4108,0x4108,0x4108,0x4108,0x4108,0x4108,0x4108,0x4108,
    0x4108,0x4108,0x4108,0x0000,0xA539,0xEDB4,0xCCAC,0x4008,0x4429,0x6108,0x4652,0x697B,0x0000,0x2000,0xBEF7,0x4108,
    0x4108,0x4108,0x4108,0x4108,0x4108,0x4108,0x4108,0x4108,0x4108,0x4108,0x4108,0x4108,0x4108,0x4108,0x4108,0x4108,
    0x4108,0x4108,0x4108,0x4108,0x4108,0x4108,0x4108,0x4108,0x4108,0x4108,0x4108,0x4108,0x4108,0x4108,0x4108,0x4108,
    0x4108,0x4108,0x4108,0x4108,0x4108,0x4108,0x4108,0x4108,0x4108,0x4108,0x4108,0x4108,0x4108,0x4108,0x4108,0x4108,
    0x4108,0x4108,0x4108,0x4108,0x4108,0x4108,0x4108,0x4108,0x4108,0x4108,0x4108,0x4108,0x4108,0x4108,0x4108,0x4108,
    0x4108,0x4108,0x4108,0x4108,0x4108,0x4108,0x4108,0x4108,0x4108,0x4108,0x4108,0x4108,0x4108,0x4108,0x4108,0x4108,
    0x4108,0x4108,0x4108,0x4108,0x4108,0x4108,0x4108,0x4108,0x4108,0x4108,0x4108,0x4108,0x4108,0x4108,0x4108,0x4108,
    0x4108,0x4108,0x4108,0x4108,0x4108,0x2000,0x0000,0x465A,0x2A9C,0x8BAC,0x8CA4,0x0000,0x0000,0x0000,0xE862,0xE86A,
    0x0000,0x4108,0x1CE7,0x4108,0x4108,0x4108,0x4108,0x4108,0x4108,0x4108,0x4108,0x4108,0x4108,0x4108,0x4108,0x4108,
    0x4108,0x4108,0x4108,0x0000,0xA539,0xCCB4,0xACAC,0x2000,0x2000,0x0000,0x6652,0x497B,0x0000,0x2000,0xBEF7,0x4108,
    0x4108,0x4108,0x4108,0x4108,0x4108,0x4108,0x4108,0x4108,0x4108,0x4108,0x4108,0x4108,0x4108,0x4108,0x4108,0x4108,
    0x4108,0x4108,0x4108,0x4108,0x4108,0x4108,0x4108,0x4108,0x4108,0x4108,0x4108,0x4108,0x4108,0x4108,0x4108,0x4108,
    0x4108,0x4108,0x4108,0x4108,0x4108,0x4108,0x4108,0x4108,0x4108,0x4108,0x4108,0x4108,0x4108,0x4108,0x4108,0x4108,
    0x4108,0x4108,0x4108,0x4108,0x4108,0x4108,0x4108,0x4108,0x4108,0x4108,0x4108,0x4108,0x4108,0x4108,0x4108,0x4108,
    0x4108,0x4108,0x4108,0x4108,0x4108,0x4108,0x4108,0x4108,0x4108,0x4108,0x4108,0x4108,0x4108,0x4108,0x4108,0x4108,
    0x4108,0x4108,0x4108,0x4108,0x4108,0x4108,0x4108,0x4108,0x4108,0x4108,0x4108,0x4108,0x4108,0x4108,0x4108,0x4108,
    0x4108,0x4108,0x4108,0x4108,0x4108,0x2000,0x0000,0xE549,0xC993,0x8BAC,0x6BA4,0xC541,0xC541,0xE541,0x497B,0xA762,
    0x2000,0x4108,0x3CE7,0x4108,0x4108,0x4108,0x4108,0x4108,0x4108,0x4108,0x4108,0x4108,0x4108,0x4108,0x4108,0x4108,
    0x4108,0x4108,0x4108,0x2000,0x8431,0x2A9C,0x8CA4,0xE541,0xE541,0x054A,0x0873,0xC76A,0x0000,0x2000,0xBEF7,0x4108,
    0x4108,0x4108,0x4108,0x4108,0x4108,0x4108,0x4108,0x4108,0x4108,0x4108,0x4108,0x4108,0x4108,0x4108,0x4108,0x4108,
    0x4108,0x4108,0x4108,0x4108,0x4108,0x4108,0x4108,0x4108,0x4108,0x4108,0x4108,0x4108,0x4108,0x4108,0x4108,0x4108,
    0x4108,0x4108,0x4108,0x4108,0x4108,0x4108,0x4108,0x4108,0x4108,0x4108,0x4108,0x4108,0x4108,0x4108,0x4108,0x4108,
    0x4108,0x4108,0x4108,0x4108,0x4108,0x4108,0x4108,0x4108,0x4108,0x4108,0x4108,0x4108,0x4108,0x4108,0x4108,0x4108,
    0x4108,0x4108,0x4108,0x4108,0x4108,0x4108,0x4108,0x4108,0x4108,0x4108,0x4108,0x4108,0x4108,0x4108,0x4108,0x4108,
    0x4108,0x4108,0x4108,0x4108,0x4108,0x4108,0x4108,0x4108,0x4108,0x4108,0x4108,0x4108,0x4108,0x4108,0x4108,0x4108,
    0x4108,0x4108,0x4108,0x4108,0x4108,0x2000,0x0000,0xA539,0x4883,0x4BA4,0xABAC,0xABAC,0xACAC,0x6BA4,0x497B,0xA439,
    0x6108,0xA631,0x1CE7,0x4108,0x4108,0x4108,0x4108,0x4108,0x4108,0x4108,0x4108,0x4108,0x4108,0x4108,0x4108,0x4108,
    0x4108,0x4108,0x4108,0x8110,0xA441,0xA993,0xABAC,0xABAC,0x8BAC,0x4BA4,0x4983,0xA549,0x4108,0x8631,0xDEFF,0x4108,
    0x4108,0x4108,0x4108,0x4108,0x4108,0x4108,0x4108,0x4108,0x4108,0x4108,0x4108,0x4108,0x4108,0x4108,0x4108,0x4108,
    0x4108,0x4108,0x4108,0x4108,0x4108,0x4108,0x4108,0x4108,0x4108,0x4108,0x4108,0x4108,0x4108,0x4108,0x4108,0x4108,
    0x4108,0x4108,0x4108,0x4108,0x4108,0x4108,0x4108,0x4108,0x4108,0x4108,0x4108,0x4108,0x4108,0x4108,0x4108,0x4108,
    0x4108,0x4108,0x4108,0x4108,0x4108,0x4108,0x4108,0x4108,0x4108,0x4108,0x4108,0x4108,0x4108,0x4108,0x4108,0x4108,
    0x4108,0x4108,0x4108,0x4108,0x4108,0x4108,0x4108,0x4108,0x4108,0x4108,0x4108,0x4108,0x4108,0x4108,0x4108,0x4108,
    0x4108,0x4108,0x4108,0x4108,0x4108,0x4108,0x4108,0x4108,0x4108,0x4108,0x4108,0x4108,0x4108,0x4108,0x4108,0x4108,
    0x4108,0x4108,0x4108,0x4108,0x4108,0x2000,0x0000,0x0000,0x8439,0x698B,0xACAC,0xCCAC,0xACAC,0x6983,0x6431,0x2000,
    0xC739,0xFFFF,0xD39C,0x4108,0x4108,0x4108,0x4108,0x4108,0x4108,0x4108,0x4108,0x4108,0x4108,0x4108,0x4108,0x4108,
    0x4108,0x4108,0x0000,0xE549,0x4883,0xA993,0xACAC,0xACAC,0xACAC,0x8983,0x6439,0x2000,0x0421,0xDFFF,0x9AD6,0x4108,
    0x4108,0x4108,0x4108,0x4108,0x4108,0x4108,0x4108,0x4108,0x4108,0x4108,0x4108,0x4108,0x4108,0x4108,0x4108,0x4108,
    0x4108,0x4108,0x4108,0x4108,0x4108,0x4108,0x4108,0x4108,0x4108,0x4108,0x4108,0x4108,0x4108,0x4108,0x4108,0x4108,
    0x4108,0x4108,0x4108,0x4108,0x4108,0x4108,0x4108,0x4108,0x4108,0x4108,0x4108,0x4108,0x4108,0x4108,0x4108,0x4108,
    0x4108,0x4108,0x4108,0x4108,0x4108,0x4108,0x4108,0x4108,0x4108,0x4108,0x4108,0x4108,0x4108,0x4108,0x4108,0x4108,
    0x4108,0x4108,0x4108,0x4108,0x4108,0x4108,0x4108,0x4108,0x4108,0x4108,0x4108,0x4108,0x4108,0x4108,0x4108,0x4108,
    0x4108,0x4108,0x4108,0x4108,0x4108,0x4108,0x4108,0x4108,0x4108,0x4108,0x4108,0x4108,0x4108,0x4108,0x4108,0x4108,
    0x4108,0x4108,0x4108,0x4108,0x4108,0x4108,0xC739,0x0000,0xA439,0x4883,0x2883,0x4883,0x688B,0x0321,0x0000,0x0C63,
    0xDFFF,0xEF7B,0x4108,0x4108,0x4108,0x4108,0x4108,0x4108,0x4108,0x4108,0x4108,0x4108,0x4108,0x4108,0x4108,0x4108,
    0x4108,0x4108,0x0000,0x8762,0x6BA4,0x2A9C,0x488B,0x688B,0xE220,0x2000,0x2000,0x694A,0xBEFF,0x14A5,0x4108,0x4108,
    0x4108,0x4108,0x4108,0x4108,0x4108,0x4108,0x4108,0x4108,0x4108,0x4108,0x4108,0x4108,0x4108,0x4108,0x4108,0x4108,
    0x4108,0x4108,0x4108,0x4108,0x4108,0x4108,0x4108,0x4108,0x4108,0x4108,0x4108,0x4108,0x4108,0x4108,0x4108,0x4108,
    0x4108,0x4108,0x4108,0x4108,0x4108,0x4108,0x4108,0x4108,0x4108,0x4108,0x4108,0x4108,0x4108,0x4108,0x4108,0x4108,
    0x4108,0x4108,0x4108,0x4108,0x4108,0x4108,0x4108,0x4108,0x4108,0x4108,0x4108,0x4108,0x4108,0x4108,0x4108,0x4108,
    0x4108,0x4108,0x4108,0x4108,0x4108,0x4108,0x4108,0x4108,0x4108,0x4108,0x4108,0x4108,0x4108,0x4108,0x4108,0x4108,
    0x4108,0x4108,0x4108,0x4108,0x4108,0x4108,0x4108,0x4108,0x4108,0x4108,0x4108,0x4108,0x4108,0x4108,0x4108,0x4108,
    0x4108,0x4108,0x4108,0x4108,0x4108,0x4108,0x4108,0x0000,0xA439,0x287B,0x087B,0x087B,0x2883,0xE320,0x0000,0x0C63,
    0xDFFF,0x4108,0x4108,0x4108,0x4108,0x4108,0x4108,0x4108,0x4108,0x4108,0x4108,0x4108,0x4108,0x4108,0x4108,0x4108,
    0x4108,0x2000,0xC441,0x6983,0x0A9C,0x2883,0xE772,0xA218,0x2008,0x0000,0x2C6B,0xDADE,0x34A5,0x4108,0x4108,0x4108,
    0x4108,0x4108,0x4108,0x4108,0x4108,0x4108,0x4108,0x4108,0x4108,0x4108,0x4108,0x4108,0x4108,0x4108,0x4108,0x4108,
    0x4108,0x4108,0x4108,0x4108,0x4108,0x4108,0x4108,0x4108,0x4108,0x4108,0x4108,0x4108,0x4108,0x4108,0x4108,0x4108,
    0x4108,0x4108,0x4108,0x4108,0x4108,0x4108,0x4108,0x4108,0x4108,0x4108,0x4108,0x4108,0x4108,0x4108,0x4108,0x4108,
    0x4108,0x4108,0x4108,0x4108,0x4108,0x4108,0x4108,0x4108,0x4108,0x4108,0x4108,0x4108,0x4108,0x4108,0x4108,0x4108,
    0x4108,0x4108,0x4108,0x4108,0x4108,0x4108,0x4108,0x4108,0x4108,0x4108,0x4108,0x4108,0x4108,0x4108,0x4108,0x4108,
    0x4108,0x4108,0x4108,0x4108,0x4108,0x4108,0x4108,0x4108,0x4108,0x4108,0x4108,0x4108,0x4108,0x4108,0x4108,0x4108,
    0x4108,0x4108,0x4108,0x4108,0x4108,0x4108,0x4108,0x0000,0x8439,0x087B,0x087B,0xEA93,0x2883,0xC220,0x0000,0x0C63,
    0x18C6,0x4108,0x4108,0x4108,0x4108,0x4108,0x4108,0x4108,0x4108,0x4108,0x4108,0x4108,0x4108,0x4108,0x4108,0x4108,
    0x0000,0x2000,0x0873,0x4BA4,0x0A9C,0x876A,0xE320,0x0000,0x0000,0x6D6B,0x79CE,0x3CE7,0x4108,0x4108,0x4108,0x4108,
    0x4108,0x4108,0x4108,0x4108,0x4108,0x4108,0x4108,0x4108,0x4108,0x4108,0x4108,0x4108,0x4108,0x4108,0x4108,0x4108,
    0x4108,0x4108,0x4108,0x4108,0x4108,0x4108,0x4108,0x4108,0x4108,0x4108,0x4108,0x4108,0x4108,0x4108,0x4108,0x4108,
    0x4108,0x4108,0x4108,0x4108,0x4108,0x4108,0x4108,0x4108,0x4108,0x4108,0x4108,0x4108,0x4108,0x4108,0x4108,0x4108,
    0x4108,0x4108,0x4108,0x4108,0x4108,0x4108,0x4108,0x4108,0x4108,0x4108,0x4108,0x4108,0x4108,0x4108,0x4108,0x4108,
    0x4108,0x4108,0x4108,0x4108,0x4108,0x4108,0x4108,0x4108,0x4108,0x4108,0x4108,0x4108,0x4108,0x4108,0x4108,0x4108,
    0x4108,0x4108,0x4108,0x4108,0x4108,0x4108,0x4108,0x4108,0x4108,0x4108,0x4108,0x4108,0x4108,0x4108,0x4108,0x4108,
    0x4108,0x4108,0x4108,0x4108,0x4108,0x4108,0x4108,0x0000,0x8439,0x287B,0x287B,0xACAC,0x488B,0xE320,0x0000,0x0C63,
    0xD39C,0x4108,0x4108,0x4108,0x4108,0x4108,0x4108,0x4108,0x4108,0x4108,0x4108,0x4108,0x4108,0x4108,0x4108,0x2000,
    0x2008,0xE549,0x6CA4,0xACAC,0xEA93,0x8762,0x0000,0x0000,0xEB5A,0x9AD6,0x75AD,0x4108,0x4108,0x4108,0x4108,0x4108,
    0x4108,0x4108,0x4108,0x4108,0x4108,0x4108,0x4108,0x4108,0x4108,0x4108,0x4108,0x4108,0x4108,0x4108,0x4108,0x4108,
    0x4108,0x4108,0x4108,0x4108,0x4108,0x4108,0x4108,0x4108,0x4108,0x4108,0x4108,0x4108,0x4108,0x4108,0x4108,0x4108,
    0x4108,0x4108,0x4108,0x4108,0x4108,0x4108,0x4108,0x4108,0x4108,0x4108,0x4108,0x4108,0x4108,0x4108,0x4108,0x4108,
    0x4108,0x4108,0x4108,0x4108,0x4108,0x4108,0x4108,0x4108,0x4108,0x4108,0x4108,0x4108,0x4108,0x4108,0x4108,0x4108,
    0x4108,0x4108,0x4108,0x4108,0x4108,0x4108,0x4108,0x4108,0x4108,0x4108,0x4108,0x4108,0x4108,0x4108,0x4108,0x4108,
    0x4108,0x4108,0x4108,0x4108,0x4108,0x4108,0x4108,0x4108,0x4108,0x4108,0x4108,0x4108,0x4108,0x4108,0x4108,0x4108,
    0x4108,0x4108,0x4108,0x4108,0x4108,0x4108,0x4108,0x0000,0x8439,0x287B,0x4883,0xECB4,0xC993,0x0321,0x0000,0x0C63,
    0x34A5,0x4108,0x4108,0x4108,0x4108,0x4108,0x4108,0x4108,0x4108,0x4108,0x4108,0x4108,0x4108,0x4108,0x6110,0x0000,
    0xC218,0xCA93,0x2EC5,0x6BAC,0x077B,0xC541,0x4008,0x4842,0xBAD6,0x9EF7,0x4108,0x4108,0x4108,0x4108,0x4108,0x4108,
    0x4108,0x4108,0x4108,0x4108,0x4108,0x4108,0x4108,0x4108,0x4108,0x4108,0x4108,0x4108,0x4108,0x4108,0x4108,0x4108,
    0x4108,0x4108,0x4108,0x4108,0x4108,0x4108,0x4108,0x4108,0x4108,0x4108,0x4108,0x4108,0x4108,0x4108,0x4108,0x4108,
    0x4108,0x4108,0x4108,0x4108,0x4108,0x4108,0x4108,0x4108,0x4108,0x4108,0x4108,0x4108,0x4108,0x4108,0x4108,0x4108,
    0x4108,0x4108,0x4108,0x4108,0x4108,0x4108,0x4108,0x4108,0x4108,0x4108,0x4108,0x4108,0x4108,0x4108,0x4108,0x4108,
    0x4108,0x4108,0x4108,0x4108,0x4108,0x4108,0x4108,0x4108,0x4108,0x4108,0x4108,0x4108,0x4108,0x4108,0x4108,0x4108,
    0x4108,0x4108,0x4108,0x4108,0x4108,0x4108,0x4108,0x4108,0x4108,0x4108,0x4108,0x4108,0x4108,0x4108,0x4108,0x4108,
    0x4108,0x4108,0x4108,0x4108,0x4108,0x4108,0x4108,0x6108,0x6431,0xE872,0x4983,0xCCAC,0x8BAC,0x4329,0x0000,0x8A52,
    0x58CE,0x4108,0x4108,0x4108,0x4108,0x4108,0x4108,0x4108,0x4108,0x4108,0x4108,0x4108,0x4108,0x4108,0x0000,0x2008,
    0x6983,0x4EC5,0x6FCD,0x2B9C,0x264A,0x2000,0x6108,0xDFFF,0x75AD,0x4108,0x4108,0x4108,0x4108,0x4108,0x4108,0x4108,
    0x4108,0x4108,0x4108,0x4108,0x4108,0x4108,0x4108,0x4108,0x4108,0x4108,0x4108,0x4108,0x4108,0x4108,0x4108,0x4108,
    0x4108,0x4108,0x4108,0x4108,0x4108,0x4108,0x4108,0x4108,0x4108,0x4108,0x4108,0x4108,0x4108,0x4108,0x4108,0x4108,
    0x4108,0x4108,0x4108,0x4108,0x4108,0x4108,0x4108,0x4108,0x4108,0x4108,0x4108,0x4108,0x4108,0x4108,0x4108,0x4108,
    0x4108,0x4108,0x4108,0x4108,0x4108,0x4108,0x4108,0x4108,0x4108,0x4108,0x4108,0x4108,0x4108,0x4108,0x4108,0x4108,
    0x4108,0x4108,0x4108,0x4108,0x4108,0x4108,0x4108,0x4108,0x4108,0x4108,0x4108,0x4108,0x4108,0x4108,0x4108,0x4108,
    0x4108,0x4108,0x4108,0x4108,0x4108,0x4108,0x4108,0x4108,0x4108,0x4108,0x4108,0x4108,0x4108,0x4108,0x4108,0x4108,
    0x4108,0x4108,0x4108,0x4108,0x4108,0x4108,0x4108,0x0842,0x2000,0x0321,0x4883,0x8BAC,0x4EC5,0x4431,0x0000,0x0000,
    0xC739,0x2C63,0x4108,0x4108,0x4108,0x4108,0x4108,0x4108,0x4108,0x4108,0x4108,0x4108,0x4108,0x0000,0x0000,0x4008,
    0x4B9C,0x2EC5,0xABAC,0xE541,0x0000,0x2000,0xC210,0xFFFF,0x4108,0x4108,0x4108,0x4108,0x4108,0x4108,0x4108,0x4108,
    0x4108,0x4108,0x4108,0x4108,0x4108,0x4108,0x4108,0x4108,0x4108,0x4108,0x4108,0x4108,0x4108,0x4108,0x4108,0x4108,
    0x4108,0x4108,0x4108,0x4108,0x4108,0x4108,0x4108,0x4108,0x4108,0x4108,0x4108,0x4108,0x4108,0x4108,0x4108,0x4108,
    0x4108,0x4108,0x4108,0x4108,0x4108,0x4108,0x4108,0x4108,0x4108,0x4108,0x4108,0x4108,0x4108,0x4108,0x4108,0x4108,
    0x4108,0x4108,0x4108,0x4108,0x4108,0x4108,0x4108,0x4108,0x4108,0x4108,0x4108,0x4108,0x4108,0x4108,0x4108,0x4108,
    0x4108,0x4108,0x4108,0x4108,0x4108,0x4108,0x4108,0x4108,0x4108,0x4108,0x4108,0x4108,0x4108,0x4108,0x4108,0x4108,
    0x4108,0x4108,0x4108,0x4108,0x4108,0x4108,0x4108,0x4108,0x4108,0x4108,0x4108,0x4108,0x4108,0x4108,0x4108,0x4108,
    0x4108,0x4108,0x4108,0x4108,0x4108,0x4108,0x4108,0xC318,0x0000,0xC218,0x087B,0x6AA4,0x4EC5,0xCA93,0x8439,0x0000,
    0xE739,0x34A5,0x4108,0x4108,0x4108,0x4108,0x4108,0x4108,0x4108,0x4108,0x4108,0x4108,0x4108,0x0000,0xC218,0xC772,
    0x8FCD,0x8BAC,0x6BA4,0xE541,0x0000,0x8631,0xBEF7,0x1084,0x4108,0x4108,0x4108,0x4108,0x4108,0x4108,0x4108,0x4108,
    0x4108,0x4108,0x4108,0x4108,0x4108,0x4108,0x4108,0x4108,0x4108,0x4108,0x4108,0x4108,0x4108,0x4108,0x4108,0x4108,
    0x4108,0x4108,0x4108,0x4108,0x4108,0x4108,0x4108,0x4108,0x4108,0x4108,0x4108,0x4108,0x4108,0x4108,0x4108,0x4108,
    0x4108,0x4108,0x4108,0x4108,0x4108,0x4108,0x4108,0x4108,0x4108,0x4108,0x4108,0x4108,0x4108,0x4108,0x4108,0x4108,
    0x4108,0x4108,0x4108,0x4108,0x4108,0x4108,0x4108,0x4108,0x4108,0x4108,0x4108,0x4108,0x4108,0x4108,0x4108,0x4108,
    0x4108,0x4108,0x4108,0x4108,0x4108,0x4108,0x4108,0x4108,0x4108,0x4108,0x4108,0x4108,0x4108,0x4108,0x4108,0x4108,
    0x4108,0x4108,0x4108,0x4108,0x4108,0x4108,0x4108,0x4108,0x4108,0x4108,0x4108,0x4108,0x4108,0x4108,0x4108,0x4108,
    0x4108,0x4108,0x4108,0x4108,0x4108,0x4108,0x4108,0x8210,0x0000,0xC218,0x287B,0x8BAC,0x8FCD,0x4EC5,0x675A,0x4100,
    0xA210,0xAA52,0xC739,0x4108,0x4108,0x4108,0x4108,0x4108,0x4108,0x4108,0x4108,0x4108,0x2000,0x0321,0xC76A,0x2A9C,
    0x8FCD,0xABAC,0xA98B,0x8439,0x0000,0x8631,0x3CE7,0x4108,0x4108,0x4108,0x4108,0x4108,0x4108,0x4108,0x4108,0x4108,
    0x4108,0x4108,0x4108,0x4108,0x4108,0x4108,0x4108,0x4108,0x4108,0x4108,0x4108,0x4108,0x4108,0x4108,0x4108,0x4108,
    0x4108,0x4108,0x4108,0x4108,0x4108,0x4108,0x4108,0x4108,0x4108,0x4108,0x4108,0x4108,0x4108,0x4108,0x4108,0x4108,
    0x4108,0x4108,0x4108,0x4108,0x4108,0x4108,0x4108,0x4108,0x4108,0x4108,0x4108,0x4108,0x4108,0x4108,0x4108,0x4108,
    0x4108,0x4108,0x4108,0x4108,0x4108,0x4108,0x4108,0x4108,0x4108,0x4108,0x4108,0x4108,0x4108,0x4108,0x4108,0x4108,
    0x4108,0x4108,0x4108,0x4108,0x4108,0x4108,0x4108,0x4108,0x4108,0x4108,0x4108,0x4108,0x4108,0x4108,0x4108,0x4108,
    0x4108,0x4108,0x4108,0x4108,0x4108,0x4108,0x4108,0x4108,0x4108,0x4108,0x4108,0x4108,0x4108,0x4108,0x4108,0x4108,
    0x4108,0x4108,0x4108,0x4108,0x4108,0x4108,0x4108,0xA210,0x0000,0xE320,0x4983,0xCA93,0x8FCD,0xB0D5,0xAB8B,0x4431,
    0x2000,0x8210,0x1CE7,0x4108,0x4108,0x4108,0x4108,0x4108,0x4108,0x4108,0x4108,0x6108,0x0000,0x4331,0x898B,0x0DBD,
    0xEDB4,0x6BA4,0x2652,0xA218,0x8631,0xB294,0x1CE7,0x4108,0x4108,0x4108,0x4108,0x4108,0x4108,0x4108,0x4108,0x4108,
    0x4108,0x4108,0x4108,0x4108,0x4108,0x4108,0x4108,0x4108,0x4108,0x4108,0x4108,0x4108,0x4108,0x4108,0x4108,0x4108,
    0x4108,0x4108,0x4108,0x4108,0x4108,0x4108,0x4108,0x4108,0x4108,0x4108,0x4108,0x4108,0x4108,0x4108,0x4108,0x4108,
    0x4108,0x4108,0x4108,0x4108,0x4108,0x4108,0x4108,0x4108,0x4108,0x4108,0x4108,0x4108,0x4108,0x4108,0x4108,0x4108,
    0x4108,0x4108,0x4108,0x4108,0x4108,0x4108,0x4108,0x4108,0x4108,0x4108,0x4108,0x4108,0x4108,0x4108,0x4108,0x4108,
    0x4108,0x4108,0x4108,0x4108,0x4108,0x4108,0x4108,0x4108,0x4108,0x4108,0x4108,0x4108,0x4108,0x4108,0x4108,0x4108,
    0x4108,0x4108,0x4108,0x4108,0x4108,0x4108,0x4108,0x4108,0x4108,0x4108,0x4108,0x4108,0x4108,0x4108,0x4108,0x4108,
    0x4108,0x4108,0x4108,0x4108,0x4108,0x4108,0x4108,0x4108,0xC739,0xA218,0x0652,0x4983,0x0EBD,0x6FCD,0x8CAC,0x465A,
    0x0000,0x4108,0x508C,0x6529,0x4108,0x4108,0x4108,0x4108,0x4108,0x4108,0x4108,0x0000,0xA218,0xC541,0x898B,0x0DBD,
    0x8BA4,0x6BA4,0x6431,0x2000,0x0B63,0xFFFF,0x4108,0x4108,0x4108,0x4108,0x4108,0x4108,0x4108,0x4108,0x4108,0x4108,
    0x4108,0x4108,0x4108,0x4108,0x4108,0x4108,0x4108,0x4108,0x4108,0x4108,0x4108,0x4108,0x4108,0x4108,0x4108,0x4108,
    0x4108,0x4108,0x4108,0x4108,0x4108,0x4108,0x4108,0x4108,0x4108,0x4108,0x4108,0x4108,0x4108,0x4108,0x4108,0x4108,
    0x4108,0x4108,0x4108,0x4108,0x4108,0x4108,0x4108,0x4108,0x4108,0x4108,0x4108,0x4108,0x4108,0x4108,0x4108,0x4108,
    0x4108,0x4108,0x4108,0x4108,0x4108,0x4108,0x4108,0x4108,0x4108,0x4108,0x4108,0x4108,0x4108,0x4108,0x4108,0x4108,
    0x4108,0x4108,0x4108,0x4108,0x4108,0x4108,0x4108,0x4108,0x4108,0x4108,0x4108,0x4108,0x4108,0x4108,0x4108,0x4108,
    0x4108,0x4108,0x4108,0x4108,0x4108,0x4108,0x4108,0x4108,0x4108,0x4108,0x4108,0x4108,0x4108,0x4108,0x4108,0x4108,
    0x4108,0x4108,0x4108,0x4108,0x4108,0x4108,0x4108,0x4108,0x8631,0x0000,0x4008,0x287B,0x2A9C,0x2EBD,0xECBC,0x0873,
    0xA218,0x0000,0x2000,0x718C,0x4108,0x4108,0x4108,0x4108,0x4108,0x0000,0x0000,0xA210,0x265A,0x0883,0xA98B,0x6BA4,
    0x6BA4,0x2A9C,0x6431,0x0000,0x0C63,0x9294,0x4108,0x4108,0x4108,0x4108,0x4108,0x4108,0x4108,0x4108,0x4108,0x4108,
    0x4108,0x4108,0x4108,0x4108,0x4108,0x4108,0x4108,0x4108,0x4108,0x4108,0x4108,0x4108,0x4108,0x4108,0x4108,0x4108,
    0x4108,0x4108,0x4108,0x4108,0x4108,0x4108,0x4108,0x4108,0x4108,0x4108,0x4108,0x4108,0x4108,0x4108,0x4108,0x4108,
    0x4108,0x4108,0x4108,0x4108,0x4108,0x4108,0x4108,0x4108,0x4108,0x4108,0x4108,0x4108,0x4108,0x4108,0x4108,0x4108,
    0x4108,0x4108,0x4108,0x4108,0x4108,0x4108,0x4108,0x4108,0x4108,0x4108,0x4108,0x4108,0x4108,0x4108,0x4108,0x4108,
    0x4108,0x4108,0x4108,0x4108,0x4108,0x4108,0x4108,0x4108,0x4108,0x4108,0x4108,0x4108,0x4108,0x4108,0x4108,0x4108,
    0x4108,0x4108,0x4108,0x4108,0x4108,0x4108,0x4108,0x4108,0x4108,0x4108,0x4108,0x4108,0x4108,0x4108,0x4108,0x4108,
    0x4108,0x4108,0x4108,0x4108,0x4108,0x4108,0x4108,0x4108,0x4108,0x0000,0x4008,0x287B,0x2A9C,0x2EBD,0x6FC5,0xCCB4,
    0xC76A,0x4008,0x2000,0x2000,0x0000,0x0000,0x0000,0x0000,0x2000,0x2000,0x6110,0x675A,0x2883,0xA993,0x8BA4,0x8BA4,
    0x6BA4,0x4883,0xC220,0x8210,0x6D73,0x3084,0x4108,0x4108,0x4108,0x4108,0x4108,0x4108,0x4108,0x4108,0x4108,0x4108,
    0x4108,0x4108,0x4108,0x4108,0x4108,0x4108,0x4108,0x4108,0x4108,0x4108,0x4108,0x4108,0x4108,0x4108,0x4108,0x4108,
    0x4108,0x4108,0x4108,0x4108,0x4108,0x4108,0x4108,0x4108,0x4108,0x4108,0x4108,0x4108,0x4108,0x4108,0x4108,0x4108,
    0x4108,0x4108,0x4108,0x4108,0x4108,0x4108,0x4108,0x4108,0x4108,0x4108,0x4108,0x4108,0x4108,0x4108,0x4108,0x4108,
    0x4108,0x4108,0x4108,0x4108,0x4108,0x4108,0x4108,0x4108,0x4108,0x4108,0x4108,0x4108,0x4108,0x4108,0x4108,0x4108,
    0x4108,0x4108,0x4108,0x4108,0x4108,0x4108,0x4108,0x4108,0x4108,0x4108,0x4108,0x4108,0x4108,0x4108,0x4108,0x4108,
    0x4108,0x4108,0x4108,0x4108,0x4108,0x4108,0x4108,0x4108,0x4108,0x4108,0x4108,0x4108,0x4108,0x4108,0x4108,0x4108,
    0x4108,0x4108,0x4108,0x4108,0x4108,0x4108,0x4108,0x4108,0x4108,0x0000,0x4008,0x4883,0x6AA4,0x6BA4,0xEDB4,0x8FC5,
    0xEDB4,0x297B,0x4108,0x2000,0x0000,0x0000,0x0000,0x0000,0x0000,0x0000,0x097B,0x4983,0x2883,0xA993,0x8BA4,0x6AA4,
    0x2883,0xA218,0x0000,0x518C,0xFFFF,0xA631,0x4108,0x4108,0x4108,0x4108,0x4108,0x4108,0x4108,0x4108,0x4108,0x4108,
    0x4108,0x4108,0x4108,0x4108,0x4108,0x4108,0x4108,0x4108,0x4108,0x4108,0x4108,0x4108,0x4108,0x4108,0x4108,0x4108,
    0x4108,0x4108,0x4108,0x4108,0x4108,0x4108,0x4108,0x4108,0x4108,0x4108,0x4108,0x4108,0x4108,0x4108,0x4108,0x4108,
    0x4108,0x4108,0x4108,0x4108,0x4108,0x4108,0x4108,0x4108,0x4108,0x4108,0x4108,0x4108,0x4108,0x4108,0x4108,0x4108,
    0x4108,0x4108,0x4108,0x4108,0x4108,0x4108,0x4108,0x4108,0x4108,0x4108,0x4108,0x4108,0x4108,0x4108,0x4108,0x4108,
    0x4108,0x4108,0x4108,0x4108,0x4108,0x4108,0x4108,0x4108,0x4108,0x4108,0x4108,0x4108,0x4108,0x4108,0x4108,0x4108,
    0x4108,0x4108,0x4108,0x4108,0x4108,0x4108,0x4108,0x4108,0x4108,0x4108,0x4108,0x4108,0x4108,0x4108,0x4108,0x4108,
    0x4108,0x4108,0x4108,0x4108,0x4108,0x4108,0x4108,0x4108,0x4108,0x0000,0x4008,0x287B,0x4B9C,0x6BA4,0x0DBD,0x8FCD,
    0x4EC5,0x2B9C,0xA439,0xC86A,0xC86A,0xC86A,0xC86A,0xE972,0x697B,0x876A,0x0883,0x2883,0xE993,0x6AA4,0x8BA4,0x6BA4,
    0x4983,0xA218,0x0000,0x718C,0x6529,0x4108,0x4108,0x4108,0x4108,0x4108,0x4108,0x4108,0x4108,0x4108,0x4108,0x4108,
    0x4108,0x4108,0x4108,0x4108,0x4108,0x4108,0x4108,0x4108,0x4108,0x4108,0x4108,0x4108,0x4108,0x4108,0x4108,0x4108,
    0x4108,0x4108,0x4108,0x4108,0x4108,0x4108,0x4108,0x4108,0x4108,0x4108,0x4108,0x4108,0x4108,0x4108,0x4108,0x4108,
    0x4108,0x4108,0x4108,0x4108,0x4108,0x4108,0x4108,0x4108,0x4108,0x4108,0x4108,0x4108,0x4108,0x4108,0x4108,0x4108,
    0x4108,0x4108,0x4108,0x4108,0x4108,0x4108,0x4108,0x4108,0x4108,0x4108,0x4108,0x4108,0x4108,0x4108,0x4108,0x4108,
    0x4108,0x4108,0x4108,0x4108,0x4108,0x4108,0x4108,0x4108,0x4108,0x4108,0x4108,0x4108,0x4108,0x4108,0x4108,0x4108,
    0x4108,0x4108,0x4108,0x4108,0x4108,0x4108,0x4108,0x4108,0x4108,0x4108,0x4108,0x4108,0x4108,0x4108,0x4108,0x4108,
    0x4108,0x4108,0x4108,0x4108,0x4108,0x4108,0x4108,0x4108,0x4108,0x0000,0x4008,0x087B,0x688B,0x4AA4,0xACAC,0x0DBD,
    0x4EC5,0xEDB4,0x2873,0x2652,0x087B,0xC993,0xEA9B,0x0A9C,0x4A9C,0xC993,0xEA93,0xEA93,0xA98B,0xE993,0x8BA4,0x6BA4,
    0x4983,0xC218,0x2000,0x718C,0x4108,0x4108,0x4108,0x4108,0x4108,0x4108,0x4108,0x4108,0x4108,0x4108,0x4108,0x4108,
    0x4108,0x4108,0x4108,0x4108,0x4108,0x4108,0x4108,0x4108,0x4108,0x4108,0x4108,0x4108,0x4108,0x4108,0x4108,0x4108,
    0x4108,0x4108,0x4108,0x4108,0x4108,0x4108,0x4108,0x4108,0x4108,0x4108,0x4108,0x4108,0x4108,0x4108,0x4108,0x4108,
    0x4108,0x4108,0x4108,0x4108,0x4108,0x4108,0x4108,0x4108,0x4108,0x4108,0x4108,0x4108,0x4108,0x4108,0x4108,0x4108,
    0x4108,0x4108,0x4108,0x4108,0x4108,0x4108,0x4108,0x4108,0x4108,0x4108,0x4108,0x4108,0x4108,0x4108,0x4108,0x4108,
    0x4108,0x4108,0x4108,0x4108,0x4108,0x4108,0x4108,0x4108,0x4108,0x4108,0x4108,0x4108,0x4108,0x4108,0x4108,0x4108,
    0x4108,0x4108,0x4108,0x4108,0x4108,0x4108,0x4108,0x4108,0x4108,0x4108,0x4108,0x4108,0x4108,0x4108,0x4108,0x4108,
    0x4108,0x4108,0x4108,0x4108,0x4108,0x4108,0x4108,0x4108,0x4108,0x4108,0x0321,0x087B,0x0883,0x0A9C,0x4AA4,0x8BAC,
    0xECB4,0x4EC5,0x8CAC,0xC86A,0xA76A,0xC993,0x8BAC,0xABAC,0xEDB4,0xEDB4,0xEDB4,0xEDB4,0x0A9C,0xE993,0x8BA4,0x8BA4,
    0x4983,0xA218,0x0000,0x718C,0x4108,0x4108,0x4108,0x4108,0x4108,0x4108,0x4108,0x4108,0x4108,0x4108,0x4108,0x4108,
    0x4108,0x4108,0x4108,0x4108,0x4108,0x4108,0x4108,0x4108,0x4108,0x4108,0x4108,0x4108,0x4108,0x4108,0x4108,0x4108,
    0x4108,0x4108,0x4108,0x4108,0x4108,0x4108,0x4108,0x4108,0x4108,0x4108,0x4108,0x4108,0x4108,0x4108,0x4108,0x4108,
    0x4108,0x4108,0x4108,0x4108,0x4108,0x4108,0x4108,0x4108,0x4108,0x4108,0x4108,0x4108,0x4108,0x4108,0x4108,0x4108,
    0x4108,0x4108,0x4108,0x4108,0x4108,0x4108,0x4108,0x4108,0x4108,0x4108,0x4108,0x4108,0x4108,0x4108,0x4108,0x4108,
    0x4108,0x4108,0x4108,0x4108,0x4108,0x4108,0x4108,0x4108,0x4108,0x4108,0x4108,0x4108,0x4108,0x4108,0x4108,0x4108,
    0x4108,0x4108,0x4108,0x4108,0x4108,0x4108,0x4108,0x4108,0x4108,0x4108,0x4108,0x4108,0x4108,0x4108,0x4108,0x4108,
    0x4108,0x4108,0x4108,0x4108,0x4108,0x4108,0x4108,0x4108,0x2000,0xA218,0xE549,0x2883,0x087B,0x0A9C,0x4BA4,0x4A9C,
    0x6BA4,0x0DBD,0x6FC5,0xCDAC,0xE872,0x8983,0x8BA4,0xACAC,0x4EC5,0x4EC5,0x6FC5,0x90CD,0x0EB5,0xACAC,0xABAC,0x6BA4,
    0x2883,0xA218,0x0000,0x718C,0x4108,0x4108,0x4108,0x4108,0x4108,0x4108,0x4108,0x4108,0x4108,0x4108,0x4108,0x4108,
    0x4108,0x4108,0x4108,0x4108,0x4108,0x4108,0x4108,0x4108,0x4108,0x4108,0x4108,0x4108,0x4108,0x4108,0x4108,0x4108,
    0x4108,0x4108,0x4108,0x4108,0x4108,0x4108,0x4108,0x4108,0x4108,0x4108,0x4108,0x4108,0x4108,0x4108,0x4108,0x4108,
    0x4108,0x4108,0x4108,0x4108,0x4108,0x4108,0x4108,0x4108,0x4108,0x4108,0x4108,0x4108,0x4108,0x4108,0x4108,0x4108,
    0x4108,0x4108,0x4108,0x4108,0x4108,0x4108,0x4108,0x4108,0x4108,0x4108,0x4108,0x4108,0x4108,0x4108,0x4108,0x4108,
    0x4108,0x4108,0x4108,0x4108,0x4108,0x4108,0x4108,0x4108,0x4108,0x4108,0x4108,0x4108,0x4108,0x4108,0x4108,0x4108,
    0x4108,0x4108,0x4108,0x4108,0x4108,0x4108,0x4108,0x4108,0x4108,0x4108,0x4108,0x4108,0x4108,0x4108,0x4108,0x4108,
    0x4108,0x4108,0x4108,0x4108,0x4108,0x4108,0x4108,0x0000,0x4108,0xE220,0x054A,0x2883,0x0883,0x0A9C,0x8BA4,0x8BA4,
    0x6BA4,0x8BA4,0x6FC5,0x8FCD,0x6BA4,0x4A9C,0x4A9C,0x4AA4,0x6BA4,0x8BA4,0x4EBD,0xB0CD,0xB0CD,0x4EC5,0xCDB4,0x4BA4,
    0x4883,0x8118,0x0000,0x8E73,0xAA52,0x4108,0x4108,0x4108,0x4108,0x4108,0x4108,0x4108,0x4108,0x4108,0x4108,0x4108,
    0x4108,0x4108,0x4108,0x4108,0x4108,0x4108,0x4108,0x4108,0x4108,0x4108,0x4108,0x4108,0x4108,0x4108,0x4108,0x4108,
    0x4108,0x4108,0x4108,0x4108,0x4108,0x4108,0x4108,0x4108,0x4108,0x4108,0x4108,0x4108,0x4108,0x4108,0x4108,0x4108,
    0x4108,0x4108,0x4108,0x4108,0x4108,0x4108,0x4108,0x4108,0x4108,0x4108,0x4108,0x4108,0x4108,0x4108,0x4108,0x4108,
    0x4108,0x4108,0x4108,0x4108,0x4108,0x4108,0x4108,0x4108,0x4108,0x4108,0x4108,0x4108,0x4108,0x4108,0x4108,0x4108,
    0x4108,0x4108,0x4108,0x4108,0x4108,0x4108,0x4108,0x4108,0x4108,0x4108,0x4108,0x4108,0x4108,0x4108,0x4108,0x4108,
    0x4108,0x4108,0x4108,0x4108,0x4108,0x4108,0x4108,0x4108,0x4108,0x4108,0x4108,0x4108,0x4108,0x4108,0x4108,0x4108,
    0x4108,0x4108,0x4108,0x4108,0x4108,0x4108,0x0000,0x0000,0x6439,0xA76A,0xC541,0x2883,0x0883,0x2A9C,0x8BA4,0x8BA4,
    0x8BA4,0x6BA4,0x6BA4,0x8FC5,0x8FCD,0x8FCD,0x2DBD,0x8BA4,0x8BA4,0x8BA4,0x8BA4,0x6FC5,0xAFCD,0x4EC5,0xECB4,0xEDB4,
    0x0A9C,0xA218,0x0000,0x2000,0x0C63,0xE739,0x4108,0x4108,0x4108,0x4108,0x4108,0x4108,0x4108,0x4108,0x4108,0x4108,
    0x4108,0x4108,0x4108,0x4108,0x4108,0x4108,0x4108,0x4108,0x4108,0x4108,0x4108,0x4108,0x4108,0x4108,0x4108,0x4108,
    0x4108,0x4108,0x4108,0x4108,0x4108,0x4108,0x4108,0x4108,0x4108,0x4108,0x4108,0x4108,0x4108,0x4108,0x4108,0x4108,
    0x4108,0x4108,0x4108,0x4108,0x4108,0x4108,0x4108,0x4108,0x4108,0x4108,0x4108,0x4108,0x4108,0x4108,0x4108,0x4108,
    0x4108,0x4108,0x4108,0x4108,0x4108,0x4108,0x4108,0x4108,0x4108,0x4108,0x4108,0x4108,0x4108,0x4108,0x4108,0x4108,
    0x4108,0x4108,0x4108,0x4108,0x4108,0x4108,0x4108,0x4108,0x4108,0x4108,0x4108,0x4108,0x4108,0x4108,0x4108,0x4108,
    0x4108,0x4108,0x4108,0x4108,0x4108,0x4108,0x4108,0x4108,0x4108,0x4108,0x4108,0x4108,0x4108,0x4108,0x4108,0x4108,
    0x4108,0x4108,0x4108,0x4108,0x4108,0x0000,0x0000,0xA541,0xA76A,0x8662,0x8439,0x087B,0x077B,0x2A9C,0x8BA4,0x8BA4,
    0x8BA4,0x8BA4,0x8BA4,0xABAC,0xABAC,0xCCAC,0xABAC,0x8BA4,0x8BA4,0x6AA4,0x6BA4,0x6BA4,0x2DBD,0x8FC5,0x2EBD,0x8BAC,
    0x8CAC,0x4983,0xE320,0x4000,0x0C63,0x1084,0x4108,0x4108,0x4108,0x4108,0x4108,0x4108,0x4108,0x4108,0x4108,0x4108,
    0x4108,0x4108,0x4108,0x4108,0x4108,0x4108,0x4108,0x4108,0x4108,0x4108,0x4108,0x4108,0x4108,0x4108,0x4108,0x4108,
    0x4108,0x4108,0x4108,0x4108,0x4108,0x4108,0x4108,0x4108,0x4108,0x4108,0x4108,0x4108,0x4108,0x4108,0x4108,0x4108,
    0x4108,0x4108,0x4108,0x4108,0x4108,0x4108,0x4108,0x4108,0x4108,0x4108,0x4108,0x4108,0x4108,0x4108,0x4108,0x4108,
    0x4108,0x4108,0x4108,0x4108,0x4108,0x4108,0x4108,0x4108,0x4108,0x4108,0x4108,0x4108,0x4108,0x4108,0x4108,0x4108,
    0x4108,0x4108,0x4108,0x4108,0x4108,0x4108,0x4108,0x4108,0x4108,0x4108,0x4108,0x4108,0x4108,0x4108,0x4108,0x4108,
    0x4108,0x4108,0x4108,0x4108,0x4108,0x4108,0x4108,0x4108,0x4108,0x4108,0x4108,0x4108,0x4108,0x4108,0x4108,0x4108,
    0x4108,0x4108,0x4108,0x4108,0x4108,0x2000,0xA541,0x0773,0x4883,0x876A,0xA439,0x087B,0xA98B,0x4A9C,0x6BA4,0x8BA4,
    0x8BA4,0x8BA4,0x8BA4,0x8BA4,0x8BA4,0x8BA4,0x8BA4,0xABAC,0x4EBD,0x4A9C,0x6BA4,0x6BA4,0x8BAC,0x2EBD,0x90C5,0x4FBD,
    0xACAC,0x6CA4,0x6431,0x2000,0x0B5B,0x5084,0x4108,0x4108,0x4108,0x4108,0x4108,0x4108,0x4108,0x4108,0x4108,0x4108,
    0x4108,0x4108,0x4108,0x4108,0x4108,0x4108,0x4108,0x4108,0x4108,0x4108,0x4108,0x4108,0x4108,0x4108,0x4108,0x4108,
    0x4108,0x4108,0x4108,0x4108,0x4108,0x4108,0x4108,0x4108,0x4108,0x4108,0x4108,0x4108,0x4108,0x4108,0x4108,0x4108,
    0x4108,0x4108,0x4108,0x4108,0x4108,0x4108,0x4108,0x4108,0x4108,0x4108,0x4108,0x4108,0x4108,0x4108,0x4108,0x4108,
    0x4108,0x4108,0x4108,0x4108,0x4108,0x4108,0x4108,0x4108,0x4108,0x4108,0x4108,0x4108,0x4108,0x4108,0x4108,0x4108,
    0x4108,0x4108,0x4108,0x4108,0x4108,0x4108,0x4108,0x4108,0x4108,0x4108,0x4108,0x4108,0x4108,0x4108,0x4108,0x4108,
    0x4108,0x4108,0x4108,0x4108,0x4108,0x4108,0x4108,0x4108,0x4108,0x4108,0x4108,0x4108,0x4108,0x4108,0x4108,0x4108,
    0x4108,0x4108,0x4108,0x4108,0x0000,0xC441,0x677B,0x078C,0x8783,0xE77A,0x6662,0x898B,0x4A9C,0x6BA4,0x6BA4,0x8BA4,
    0x8BA4,0x8BA4,0x8BA4,0x8BA4,0x8BA4,0x8BA4,0x6BA4,0x8BAC,0x0DB5,0x4A9C,0x6BA4,0x6BA4,0x6BA4,0x0DB5,0xD0CD,0xB0CD,
    0x4FBD,0x0EB5,0xA439,0x2000,0x8529,0x718C,0x4108,0x4108,0x4108,0x4108,0x4108,0x4108,0x4108,0x4108,0x4108,0x4108,
    0x4108,0x4108,0x4108,0x4108,0x4108,0x4108,0x4108,0x4108,0x4108,0x4108,0x4108,0x4108,0x4108,0x4108,0x4108,0x4108,
    0x4108,0x4108,0x4108,0x4108,0x4108,0x4108,0x4108,0x4108,0x4108,0x4108,0x4108,0x4108,0x4108,0x4108,0x4108,0x4108,
    0x4108,0x4108,0x4108,0x4108,0x4108,0x4108,0x4108,0x4108,0x4108,0x4108,0x4108,0x4108,0x4108,0x4108,0x4108,0x4108,
    0x4108,0x4108,0x4108,0x4108,0x4108,0x4108,0x4108,0x4108,0x4108,0x4108,0x4108,0x4108,0x4108,0x4108,0x4108,0x4108,
    0x4108,0x4108,0x4108,0x4108,0x4108,0x4108,0x4108,0x4108,0x4108,0x4108,0x4108,0x4108,0x4108,0x4108,0x4108,0x4108,
    0x4108,0x4108,0x4108,0x4108,0x4108,0x4108,0x4108,0x4108,0x4108,0x4108,0x4108,0x4108,0x4108,0x4108,0x4108,0x4108,
    0x4108,0x4108,0x4108,0x0000,0x2000,0xA883,0x4894,0x4894,0xA78B,0x2883,0x4883,0xEA9B,0x8BA4,0x2A9C,0x099C,0x4A9C,
    0x8BA4,0x8BA4,0x8BA4,0x8BA4,0x8BA4,0x8BA4,0x8BA4,0x6BA4,0x6BA4,0x8BA4,0x8BA4,0x8BA4,0x8BA4,0xCDB4,0x6FC5,0xB0CD,
    0xB0CD,0x0DBD,0x4652,0x8110,0x0000,0xA631,0x1CE7,0x4108,0x4108,0x4108,0x4108,0x4108,0x4108,0x4108,0x4108,0x4108,
    0x4108,0x4108,0x4108,0x4108,0x4108,0x4108,0x4108,0x4108,0x4108,0x4108,0x4108,0x4108,0x4108,0x4108,0x4108,0x4108,
    0x4108,0x4108,0x4108,0x4108,0x4108,0x4108,0x4108,0x4108,0x4108,0x4108,0x4108,0x4108,0x4108,0x4108,0x4108,0x4108,
    0x4108,0x4108,0x4108,0x4108,0x4108,0x4108,0x4108,0x4108,0x4108,0x4108,0x4108,0x4108,0x4108,0x4108,0x4108,0x4108,
    0x4108,0x4108,0x4108,0x4108,0x4108,0x4108,0x4108,0x4108,0x4108,0x4108,0x4108,0x4108,0x4108,0x4108,0x4108,0x4108,
    0x4108,0x4108,0x4108,0x4108,0x4108,0x4108,0x4108,0x4108,0x4108,0x4108,0x4108,0x4108,0x4108,0x4108,0x4108,0x4108,
    0x4108,0x4108,0x4108,0x4108,0x4108,0x4108,0x4108,0x4108,0x4108,0x4108,0x4108,0x4108,0x4108,0x4108,0x4108,0x4108,
    0x4108,0x4108,0x0000,0x0000,0x8110,0xE883,0x8894,0x4894,0xC88B,0x2883,0x2883,0x488B,0xACAC,0xA993,0x2783,0xA993,
    0x8BA4,0x6BA4,0x8BA4,0x8BA4,0x8BA4,0x8BA4,0x8BA4,0x8BA4,0x8BA4,0x8BA4,0x8BA4,0x8BA4,0x8BA4,0x8BA4,0xACAC,0x4FC5,
    0x4EC5,0x0DBD,0x898B,0x4331,0x0000,0xA631,0x1CE7,0x4108,0x4108,0x4108,0x4108,0x4108,0x4108,0x4108,0x4108,0x4108,
    0x4108,0x4108,0x4108,0x4108,0x4108,0x4108,0x4108,0x4108,0x4108,0x4108,0x4108,0x4108,0x4108,0x4108,0x4108,0x4108,
    0x4108,0x4108,0x4108,0x4108,0x4108,0x4108,0x4108,0x4108,0x4108,0x4108,0x4108,0x4108,0x4108,0x4108,0x4108,0x4108,
    0x4108,0x4108,0x4108,0x4108,0x4108,0x4108,0x4108,0x4108,0x4108,0x4108,0x4108,0x4108,0x4108,0x4108,0x4108,0x4108,
    0x4108,0x4108,0x4108,0x4108,0x4108,0x4108,0x4108,0x4108,0x4108,0x4108,0x4108,0x4108,0x4108,0x4108,0x4108,0x4108,
    0x4108,0x4108,0x4108,0x4108,0x4108,0x4108,0x4108,0x4108,0x4108,0x4108,0x4108,0x4108,0x4108,0x4108,0x4108,0x4108,
    0x4108,0x4108,0x4108,0x4108,0x4108,0x4108,0x4108,0x4108,0x4108,0x4108,0x4108,0x4108,0x4108,0x4108,0x4108,0x4108,
    0x4108,0x4108,0x0000,0x6008,0xE883,0x078C,0xECC5,0x899C,0xC683,0x8783,0x0883,0x2883,0x6BAC,0x8BAC,0xA993,0xA993,
    0x6BA4,0x8BA4,0x8BA4,0x8BA4,0x8BA4,0x8BA4,0x8BA4,0x8BA4,0x8BA4,0x8BA4,0x8BA4,0x8BA4,0x8BA4,0x8BA4,0x6AA4,0x4AA4,
    0x4A9C,0x4EC5,0x6BA4,0xA439,0x0000,0xA631,0x1CE7,0x4108,0x4108,0x4108,0x4108,0x4108,0x4108,0x4108,0x4108,0x4108,
    0x4108,0x4108,0x4108,0x4108,0x4108,0x4108,0x4108,0x4108,0x4108,0x4108,0x4108,0x4108,0x4108,0x4108,0x4108,0x4108,
    0x4108,0x4108,0x4108,0x4108,0x4108,0x4108,0x4108,0x4108,0x4108,0x4108,0x4108,0x4108,0x4108,0x4108,0x4108,0x4108,
    0x4108,0x4108,0x4108,0x4108,0x4108,0x4108,0x4108,0x4108,0x4108,0x4108,0x4108,0x4108,0x4108,0x4108,0x4108,0x4108,
    0x4108,0x4108,0x4108,0x4108,0x4108,0x4108,0x4108,0x4108,0x4108,0x4108,0x4108,0x4108,0x4108,0x4108,0x4108,0x4108,
    0x4108,0x4108,0x4108,0x4108,0x4108,0x4108,0x4108,0x4108,0x4108,0x4108,0x4108,0x4108,0x4108,0x4108,0x4108,0x4108,
    0x4108,0x4108,0x4108,0x4108,0x4108,0x4108,0x4108,0x4108,0x4108,0x4108,0x4108,0x4108,0x4108,0x4108,0x4108,0x4108,
    0x4108,0x4108,0xE218,0xC78B,0x889C,0x4DD6,0x6DD6,0x899C,0xA67B,0x667B,0xE87A,0x0883,0x0783,0x0783,0xC993,0xC993,
    0x8993,0x8BAC,0x8BA4,0x8BA4,0x8BA4,0x8BA4,0x8BA4,0x8BA4,0x8BA4,0x8BA4,0x6BA4,0x6AA4,0x6BA4,0x8BA4,0x6BA4,0x6BA4,
    0x6AA4,0x4AA4,0x4AA4,0xC541,0x0000,0xA631,0x1CE7,0x4108,0x4108,0x4108,0x4108,0x4108,0x4108,0x4108,0x4108,0x4108,
    0x4108,0x4108,0x4108,0x4108,0x4108,0x4108,0x4108,0x4108,0x4108,0x4108,0x4108,0x4108,0x4108,0x4108,0x4108,0x4108,
    0x4108,0x4108,0x4108,0x4108,0x4108,0x4108,0x4108,0x4108,0x4108,0x4108,0x4108,0x4108,0x4108,0x4108,0x4108,0x4108,
    0x4108,0x4108,0x4108,0x4108,0x4108,0x4108,0x4108,0x4108,0x4108,0x4108,0x4108,0x4108,0x4108,0x4108,0x4108,0x4108,
    0x4108,0x4108,0x4108,0x4108,0x4108,0x4108,0x4108,0x4108,0x4108,0x4108,0x4108,0x4108,0x4108,0x4108,0x4108,0x4108,
    0x4108,0x4108,0x4108,0x4108,0x4108,0x4108,0x4108,0x4108,0x4108,0x4108,0x4108,0x4108,0x4108,0x4108,0x4108,0x4108,
    0x4108,0x4108,0x4108,0x4108,0x4108,0x4108,0x4108,0x4108,0x4108,0x4108,0x4108,0x4108,0x4108,0x4108,0x4108,0x4108,
    0x6108,0x2000,0x2221,0x689C,0x0DCE,0x8ED6,0x0AAD,0x078C,0xC683,0xA683,0x677B,0xE87A,0x087B,0xE77A,0xE993,0xC993,
    0x888B,0x8BAC,0x8BAC,0x8BA4,0x8BA4,0x8BA4,0x8BA4,0x6BA4,0x8BA4,0x6BA4,0x4783,0x2A9C,0x6BA4,0x6BA4,0x6BA4,0x6BA4,
    0x6BA4,0x6AA4,0x6AA4,0xE541,0x2000,0xA631,0x3CE7,0x4108,0x4108,0x4108,0x4108,0x4108,0x4108,0x4108,0x4108,0x4108,
    0x4108,0x4108,0x4108,0x4108,0x4108,0x4108,0x4108,0x4108,0x4108,0x4108,0x4108,0x4108,0x4108,0x4108,0x4108,0x4108,
    0x4108,0x4108,0x4108,0x4108,0x4108,0x4108,0x4108,0x4108,0x4108,0x4108,0x4108,0x4108,0x4108,0x4108,0x4108,0x4108,
    0x4108,0x4108,0x4108,0x4108,0x4108,0x4108,0x4108,0x4108,0x4108,0x4108,0x4108,0x4108,0x4108,0x4108,0x4108,0x4108,
    0x4108,0x4108,0x4108,0x4108,0x4108,0x4108,0x4108,0x4108,0x4108,0x4108,0x4108,0x4108,0x4108,0x4108,0x4108,0x4108,
    0x4108,0x4108,0x4108,0x4108,0x4108,0x4108,0x4108,0x4108,0x4108,0x4108,0x4108,0x4108,0x4108,0x4108,0x4108,0x4108,
    0x4108,0x4108,0x4108,0x4108,0x4108,0x4108,0x4108,0x4108,0x4108,0x4108,0x4108,0x4108,0xA210,0xE318,0x4529,0xE318,
    0x0000,0xC218,0x6552,0x2794,0x8ED6,0x8EDE,0x889C,0x068C,0xE68B,0xE683,0xC783,0xE87A,0x0883,0x077B,0x688B,0xC993,
    0xE993,0xC993,0x8BA4,0x8BA4,0x8BA4,0x8BA4,0x8BA4,0x8BA4,0x8BA4,0x8BA4,0xC993,0xA88B,0x0A9C,0x6BA4,0x6BA4,0x6BA4,
    0x6BA4,0x6BA4,0xECB4,0x0873,0x0329,0xC318,0x6D6B,0x2842,0x4108,0x4108,0x4108,0x4108,0x4108,0x4108,0x4108,0x4108,
    0x4108,0x4108,0x4108,0x4108,0x4108,0x4108,0x4108,0x4108,0x4108,0x4108,0x4108,0x4108,0x4108,0x4108,0x4108,0x4108,
    0x4108,0x4108,0x4108,0x4108,0x4108,0x4108,0x4108,0x4108,0x4108,0x4108,0x4108,0x4108,0x4108,0x4108,0x4108,0x4108,
    0x4108,0x4108,0x4108,0x4108,0x4108,0x4108,0x4108,0x4108,0x4108,0x4108,0x4108,0x4108,0x4108,0x4108,0x4108,0x4108,
    0x4108,0x4108,0x4108,0x4108,0x4108,0x4108,0x4108,0x4108,0x4108,0x4108,0x4108,0x4108,0x4108,0x4108,0x4108,0x4108,
    0x4108,0x4108,0x4108,0x4108,0x4108,0x4108,0x4108,0x4108,0x4108,0x4108,0x4108,0x4108,0x4108,0x4108,0x4108,0x4108,
    0x4108,0x4108,0x4108,0x4108,0x4108,0x6529,0x484A,0xA631,0x4108,0x4108,0x4108,0x4000,0x2000,0x0000,0x0000,0x0000,
    0x6108,0xA439,0x867B,0xC683,0x4DD6,0x6DD6,0x689C,0xE68B,0xE68B,0xE68B,0xC78B,0x2883,0xA993,0x4883,0x2883,0x688B,
    0xC993,0x6883,0x4A9C,0xE993,0x2A9C,0x8BA4,0xABAC,0x8BA4,0x8BA4,0x8BA4,0x8BA4,0x688B,0xA993,0x4AA4,0x6BA4,0x6BA4,
    0xE99B,0x6BA4,0xEDB4,0x2BA4,0xA76A,0xE320,0x6108,0x718C,0x4108,0x4108,0x4108,0x4108,0x4108,0x4108,0x4108,0x4108,
    0x4108,0x4108,0x4108,0x4108,0x4108,0x4108,0x4108,0x4108,0x4108,0x4108,0x4108,0x4108,0x4108,0x4108,0x4108,0x4108,
    0x4108,0x4108,0x4108,0x4108,0x4108,0x4108,0x4108,0x4108,0x4108,0x4108,0x4108,0x4108,0x4108,0x4108,0x4108,0x4108,
    0x4108,0x4108,0x4108,0x4108,0x4108,0x4108,0x4108,0x4108,0x4108,0x4108,0x4108,0x4108,0x4108,0x4108,0x4108,0x4108,
    0x4108,0x4108,0x4108,0x4108,0x4108,0x4108,0x4108,0x4108,0x4108,0x4108,0x4108,0x4108,0x4108,0x4108,0x4108,0x4108,
    0x4108,0x4108,0x4108,0x4108,0x4108,0x4108,0x4108,0x4108,0x4108,0x4108,0x4108,0x4108,0x4108,0x4108,0x4108,0x4108,
    0x4108,0x4108,0x4108,0x4108,0x0000,0x0000,0x0000,0x2000,0x2000,0x2100,0x2100,0x6108,0xE218,0xE218,0xE218,0x8110,
    0x6331,0x855A,0xA683,0xC683,0x4DD6,0xABBD,0x078C,0xA683,0xC68B,0xE68B,0xC78B,0x4783,0xABAC,0x688B,0x087B,0x087B,
    0x4883,0x2A9C,0x2A9C,0xE772,0x0A94,0xCCAC,0xCCAC,0x6BA4,0x6BA4,0x8BA4,0x8BA4,0xA993,0x2883,0xC993,0x6BA4,0x4BA4,
    0x0783,0xEA93,0x6BA4,0x2EBD,0x8CAC,0xC86A,0xC218,0x4108,0x1084,0x4108,0x4108,0x4108,0x4108,0x4108,0x4108,0x4108,
    0x4108,0x4108,0x4108,0x4108,0x4108,0x4108,0x4108,0x4108,0x4108,0x4108,0x4108,0x4108,0x4108,0x4108,0x4108,0x4108,
    0x4108,0x4108,0x4108,0x4108,0x4108,0x4108,0x4108,0x4108,0x4108,0x4108,0x4108,0x4108,0x4108,0x4108,0x4108,0x4108,
    0x4108,0x4108,0x4108,0x4108,0x4108,0x4108,0x4108,0x4108,0x4108,0x4108,0x4108,0x4108,0x4108,0x4108,0x4108,0x4108,
    0x4108,0x4108,0x4108,0x4108,0x4108,0x4108,0x4108,0x4108,0x4108,0x4108,0x4108,0x4108,0x4108,0x4108,0x4108,0x4108,
    0x4108,0x4108,0x4108,0x4108,0x4108,0x4108,0x4108,0x4108,0x4108,0x4108,0x4108,0x4108,0x4108,0x4108,0x4108,0x4108,
    0x4108,0x0000,0x0000,0x0000,0x0000,0x0000,0x0000,0x0000,0x0000,0x0000,0x2000,0x0221,0x489C,0x479C,0x0894,0x665A,
    0x2673,0x0694,0x068C,0x2794,0x8ED6,0xC683,0xC683,0xA683,0xA683,0xC683,0xA683,0x277B,0x8AA4,0x6883,0x2883,0x2883,
    0x2883,0x2783,0x4883,0x8439,0x6C9C,0x2EBD,0xCCAC,0x4A9C,0x4B9C,0x6BA4,0x8BA4,0x6BA4,0xA762,0xE86A,0x6BA4,0x6AA4,
    0x4883,0xC441,0xA98B,0x2EBD,0x8FCD,0xEEB4,0xC86A,0x2000,0x0000,0x4C6B,0x4108,0x4108,0x4108,0x4108,0x4108,0x4108,
    0x4108,0x4108,0x4108,0x4108,0x4108,0x4108,0x4108,0x4108,0x4108,0x4108,0x4108,0x4108,0x4108,0x4108,0x4108,0x4108,
    0x4108,0x4108,0x4108,0x4108,0x4108,0x4108,0x4108,0x4108,0x4108,0x4108,0x4108,0x4108,0x4108,0x4108,0x4108,0x4108,
    0x4108,0x4108,0x4108,0x4108,0x4108,0x4108,0x4108,0x4108,0x4108,0x4108,0x4108,0x4108,0x4108,0x4108,0x4108,0x4108,
    0x4108,0x4108,0x4108,0x4108,0x4108,0x4108,0x4108,0x4108,0x4108,0x4108,0x4108,0x4108,0x4108,0x4108,0x4108,0x4108,
    0x4108,0x4108,0x4108,0x4108,0x4108,0x2000,0x4108,0x4108,0x2000,0x2000,0x2000,0x2000,0x2000,0x2000,0x4108,0x4108,
    0x2000,0x2000,0x2000,0x4000,0x2221,0xAA9C,0x8994,0x8994,0x8994,0x8994,0x8994,0xC9A4,0x09AD,0x2794,0x044A,0x2673,
    0xE68B,0xE68B,0xA8A4,0x0CCE,0x2694,0xE68B,0xE68B,0xC68B,0xC683,0xC683,0xC683,0xC88B,0x077B,0x087B,0x087B,0x2883,
    0x2883,0x2883,0x4883,0xA441,0xEEAC,0xEDB4,0x6BA4,0x8983,0xA439,0x4B9C,0x4BA4,0x688B,0x4652,0x665A,0x688B,0x8BA4,
    0x4883,0xC541,0xC541,0xE772,0x6BAC,0x4EC5,0xADAC,0x0873,0x4008,0x4108,0x4D6B,0x4108,0x4108,0x4108,0x4108,0x4108,
    0x4108,0x4108,0x4108,0x4108,0x4108,0x4108,0x4108,0x4108,0x4108,0x4108,0x4108,0x4108,0x4108,0x4108,0x4108,0x4108,
    0x4108,0x4108,0x4108,0x4108,0x4108,0x4108,0x4108,0x4108,0x4108,0x4108,0x4108,0x4108,0x4108,0x4108,0x4108,0x4108,
    0x4108,0x4108,0x4108,0x4108,0x4108,0x4108,0x4108,0x4108,0x4108,0x4108,0x4108,0x4108,0x4108,0x4108,0x4108,0x4108,
    0x4108,0x4108,0x4108,0x4108,0x4108,0x4108,0x4108,0x4108,0x4108,0x4108,0x4108,0x4108,0x4108,0x4108,0x4108,0x4108,
    0x4108,0x4108,0xA210,0x6108,0x0000,0x0000,0x0000,0x0000,0x0000,0x0000,0x0000,0x0000,0x2000,0x0000,0x0000,0x0000,
    0x0000,0xC441,0x4773,0x098C,0x4994,0x4AAD,0x2DCE,0x0CC6,0xECC5,0x4AB5,0xC9A4,0xE9A4,0xC9A4,0xA683,0xA439,0x2673,
    0xE68B,0x4794,0x09AD,0x4AB5,0xE68B,0xE68B,0xC68B,0xC68B,0xC68B,0xC683,0xA683,0x277B,0x087B,0xE87A,0xE87A,0xE87A,
    0xE87A,0xE87A,0x465A,0xA441,0xEEB4,0xEDB4,0x2AA4,0x287B,0xA441,0x6983,0x4883,0x087B,0x2652,0x465A,0x2883,0x888B,
    0x287B,0xC541,0xA210,0xA441,0x4883,0x8CAC,0x4FC5,0xEEBC,0xA86A,0xC320,0x2421,0xEF7B,0x8631,0x4108,0x4108,0x4108,
    0x4108,0x4108,0x4108,0x4108,0x4108,0x4108,0x4108,0x4108,0x4108,0x4108,0x4108,0x4108,0x4108,0x4108,0x4108,0x4108,
    0x4108,0x4108,0x4108,0x4108,0x4108,0x4108,0x4108,0x4108,0x4108,0x4108,0x4108,0x4108,0x4108,0x4108,0x4108,0x4108,
    0x4108,0x4108,0x4108,0x4108,0x4108,0x4108,0x4108,0x4108,0x4108,0x4108,0x4108,0x4108,0x4108,0x4108,0x4108,0x4108,
    0x4108,0x4108,0x4108,0x4108,0x4108,0x4108,0x4108,0x4108,0x8210,0x4429,0x4429,0x4421,0x2421,0xE318,0xA210,0x2421,
    0x2100,0x2000,0x2000,0x4331,0x2552,0xA762,0x2973,0x2973,0x2973,0x4973,0xE86A,0xA662,0x8662,0x0552,0xE549,0x0221,
    0xE220,0x066B,0x689C,0x4AB5,0xECC5,0xECC5,0x6ED6,0x6ED6,0x6EDE,0xACBD,0x09AD,0xC9A4,0x2894,0x4452,0x855A,0x667B,
    0xC683,0x4794,0xE9A4,0xC9A4,0xC683,0xC68B,0xC68B,0xE68B,0xC68B,0xE68B,0xC783,0xE77A,0x087B,0xA98B,0xC993,0xA993,
    0x6983,0xC772,0xA439,0x287B,0x0EB5,0xCCB4,0x898B,0x8662,0xC772,0x688B,0x4883,0x665A,0xA541,0xC541,0x2652,0x2652,
    0x4652,0xE320,0x6108,0xC218,0x0552,0x898B,0x8CAC,0x6FC5,0x6CAC,0x2429,0x0000,0x0C63,0xB6B5,0x4108,0x4108,0x4108,
    0x4108,0x4108,0x4108,0x4108,0x4108,0x4108,0x4108,0x4108,0x4108,0x4108,0x4108,0x4108,0x4108,0x4108,0x4108,0x4108,
    0x4108,0x4108,0x4108,0x4108,0x4108,0x4108,0x4108,0x4108,0x4108,0x4108,0x4108,0x4108,0x4108,0x4108,0x4108,0x4108,
    0x4108,0x4108,0x4108,0x4108,0x4108,0x4108,0x4108,0x4108,0x4108,0x4108,0x4108,0x4108,0x4108,0x4108,0x4108,0x4108,
    0x4108,0x4108,0x4108,0x4108,0x4108,0x4108,0xC318,0x2000,0x2000,0x0000,0x0000,0x0000,0x0000,0x0000,0x0000,0x0000,
    0x0000,0xC539,0x054A,0x6983,0x8CAC,0xEDB4,0x6FC5,0x4FC5,0x4EC5,0x4EC5,0xACAC,0x2A9C,0xC993,0x4883,0x8662,0xC441,
    0xE662,0x6894,0x2AAD,0xCCC5,0x6ED6,0x6ED6,0x6ED6,0x6EDE,0x2DCE,0x6BB5,0xE9A4,0x4894,0x056B,0x855A,0xA683,0x2794,
    0x2794,0x889C,0xC9A4,0x4794,0xA583,0xA683,0xC68B,0xE68B,0xE68B,0xE68B,0xC783,0xE77A,0x087B,0x888B,0x299C,0x4A9C,
    0xA98B,0x465A,0xA439,0xACAC,0x4EC5,0x6BA4,0xE772,0xE549,0x8662,0x8662,0x8662,0xC541,0x064A,0xE541,0xA539,0xC539,
    0xE541,0x6108,0x2000,0x0000,0x8110,0xA441,0x698B,0x0EBD,0x2EBD,0x8531,0x2000,0x0C63,0xDBDE,0x4108,0x4108,0x4108,
    0x4108,0x4108,0x4108,0x4108,0x4108,0x4108,0x4108,0x4108,0x4108,0x4108,0x4108,0x4108,0x4108,0x4108,0x4108,0x4108,
    0x4108,0x4108,0x4108,0x4108,0x4108,0x4108,0x4108,0x4108,0x4108,0x4108,0x4108,0x4108,0x4108,0x4108,0x4108,0x4108,
    0x4108,0x4108,0x4108,0x4108,0x4108,0x4108,0x4108,0x4108,0x4108,0x4108,0x4108,0x4108,0x4108,0x4108,0x4108,0x4108,
    0x4108,0x4108,0x4108,0x4108,0x0000,0x2000,0x2100,0x4108,0xA218,0xE320,0xE220,0xC218,0xC218,0x8210,0x6108,0x4108,
    0xA218,0xA983,0x2A9C,0xEDB4,0x6FC5,0x70C5,0x6FC5,0x6FC5,0x6FC5,0x6FC5,0x6FC5,0xCCAC,0xE993,0x0873,0x6331,0x0442,
    0x899C,0x09AD,0xCCC5,0x6ED6,0x4DD6,0x0CCE,0x0DCE,0x2DCE,0x6BB5,0x09AD,0x889C,0x867B,0x4452,0xE68B,0x068C,0xC8A4,
    0x09AD,0x09A5,0x889C,0xC583,0xC68B,0xC68B,0xC68B,0xC68B,0xC68B,0xE683,0xC78B,0x077B,0x2883,0x0883,0xC993,0x2A9C,
    0x4883,0xC541,0x054A,0x2EBD,0x2EBD,0xCA93,0x665A,0xA539,0xC539,0xC539,0x264A,0x054A,0x2873,0xE76A,0x264A,0x054A,
    0x064A,0x4108,0x0000,0xE318,0x0419,0x4108,0x6662,0xCA8B,0xEB93,0x4429,0x0000,0x0C63,0x38C6,0x4108,0x4108,0x4108,
    0x4108,0x4108,0x4108,0x4108,0x4108,0x4108,0x4108,0x4108,0x4108,0x4108,0x4108,0x4108,0x4108,0x4108,0x4108,0x4108,
    0x4108,0x4108,0x4108,0x4108,0x4108,0x4108,0x4108,0x4108,0x4108,0x4108,0x4108,0x4108,0x4108,0x4108,0x4108,0x4108,
    0x4108,0x4108,0x4108,0x4108,0x4108,0x4108,0x4108,0x4108,0x4108,0x4108,0x4108,0x4108,0x4108,0x4108,0x4108,0x4108,
    0x4108,0x4108,0x0000,0x0000,0x0000,0x0000,0x2000,0xC220,0x2783,0xACAC,0xACAC,0x8CAC,0x8BAC,0xEA93,0x8662,0x054A,
    0x4B9C,0x0A94,0x0DBD,0x6EC5,0x6FC5,0x6FC5,0x6FC5,0x6FC5,0x8FC5,0x90C5,0x90CD,0x0DBD,0x8883,0xA439,0xA339,0xEAA4,
    0xC9A4,0x0CCE,0x8EDE,0x8EDE,0x2DCE,0xE9A4,0xE9A4,0xE9A4,0xE9A4,0x4794,0xE68B,0xE68B,0xE68B,0xE68B,0x09AD,0x29AD,
    0x09AD,0x889C,0xC583,0xC68B,0xE68B,0xC68B,0xC68B,0xC68B,0xC683,0xC683,0xA78B,0x087B,0x287B,0x2883,0x2883,0x2783,
    0xC772,0x2652,0xACAC,0x6FC5,0x6BA4,0x8662,0x8439,0xA439,0xA439,0xA441,0xEA8B,0x0A94,0xE993,0xE98B,0xEA8B,0xCA8B,
    0xCA83,0x4108,0x0000,0x508C,0xD39C,0x4100,0x2100,0x2000,0x2000,0x2000,0x2000,0x0C63,0x7DEF,0x4108,0x4108,0x4108,
    0x4108,0x4108,0x4108,0x4108,0x4108,0x4108,0x4108,0x4108,0x4108,0x4108,0x4108,0x4108,0x4108,0x4108,0x4108,0x4108,
    0x4108,0x4108,0x4108,0x4108,0x4108,0x4108,0x4108,0x4108,0x4108,0x4108,0x4108,0x4108,0x4108,0x4108,0x4108,0x4108,
    0x4108,0x4108,0x4108,0x4108,0x4108,0x4108,0x4108,0x4108,0x4108,0x4108,0x4108,0x4108,0x4108,0x4108,0x4108,0x4108,
    0x4108,0x4000,0x2000,0x2000,0xE549,0x497B,0x0B94,0xCDB4,0x0DBD,0x6FC5,0x6FC5,0x8BAC,0x099C,0x487B,0x865A,0xC993,
    0xEDB4,0x6FC5,0x6FC5,0x6FC5,0x6FC5,0x4FC5,0x4EC5,0x6FC5,0x6FC5,0x6FC5,0x6FC5,0x6BA4,0xC76A,0x454A,0x4BAD,0x2AAD,
    0x2DCE,0x6ED6,0x8ED6,0xECC5,0xE9A4,0x09A5,0x09AD,0x09AD,0x09A5,0x278C,0xC683,0xC68B,0xC68B,0xE68B,0x29AD,0x29AD,
    0x29AD,0x889C,0xC583,0xC68B,0xE68B,0xE68B,0xE68B,0xC68B,0xE68B,0x8683,0x077B,0x287B,0x287B,0x287B,0x287B,0x287B,
    0xC772,0x4652,0x90CD,0xCDAC,0x4A9C,0x665A,0x665A,0xCA8B,0xCA8B,0xC98B,0xE98B,0xE98B,0xC98B,0xC98B,0xC98B,0xC98B,
    0xEA8B,0x8110,0x4100,0x918C,0xBEF7,0xF7BD,0x0000,0x0000,0x0000,0x0000,0x518C,0x9EF7,0x1084,0x4108,0x4108,0x4108,
    0x4108,0x4108,0x4108,0x4108,0x4108,0x4108,0x4108,0x4108,0x4108,0x4108,0x4108,0x4108,0x4108,0x4108,0x4108,0x4108,
    0x4108,0x4108,0x4108,0x4108,0x4108,0x4108,0x4108,0x4108,0x4108,0x4108,0x4108,0x4108,0x4108,0x4108,0x4108,0x4108,
    0x4108,0x4108,0x4108,0x4108,0x4108,0x4108,0x4108,0x4108,0x4108,0x4108,0x4108,0x4108,0x4108,0x4108,0xA210,0xE318,
    0x0000,0x2008,0x8762,0xE872,0x2C9C,0x0EBD,0x0EBD,0x4EC5,0x4EC5,0x4EC5,0x2A9C,0x099C,0x0773,0x4552,0xE86A,0x4EBD,
    0x90C5,0x90C5,0x90C5,0x90C5,0x2EBD,0x8BAC,0x8BAC,0x4EC5,0x4FC5,0x4EC5,0x0B9C,0x2883,0x8662,0x254A,0x6BB5,0x4AB5,
    0x4ED6,0xAFDE,0x0DCE,0x4AB5,0x0AAD,0x09A5,0x09A5,0x09A5,0xE9A4,0x4794,0xC683,0xC68B,0xC683,0xA89C,0x09A5,0x09AD,
    0x6794,0x068C,0xE68B,0xC68B,0xE68B,0xE68B,0xE68B,0xE68B,0xE68B,0xA783,0x287B,0x2883,0x4883,0x4883,0x4883,0x287B,
    0xA76A,0x0542,0x4BA4,0x0A9C,0xA662,0xE549,0xA762,0xE993,0xC98B,0xC98B,0xC98B,0xA983,0xC98B,0xC98B,0xE98B,0x0A94,
    0x2B94,0x8110,0x2000,0x718C,0x1CE7,0x4108,0xC639,0xF7BD,0x38C6,0x38C6,0x1CE7,0xAA52,0x4108,0x4108,0x4108,0x4108,
    0x4108,0x4108,0x4108,0x4108,0x4108,0x4108,0x4108,0x4108,0x4108,0x4108,0x4108,0x4108,0x4108,0x4108,0x4108,0x4108,
    0x4108,0x4108,0x4108,0x4108,0x4108,0x4108,0x4108,0x4108,0x4108,0x4108,0x4108,0x4108,0x4108,0x4108,0x4108,0x4108,
    0x4108,0x4108,0x4108,0x4108,0x4108,0x4108,0x4108,0x4108,0x4108,0x4108,0x6529,0x2842,0x4529,0x0000,0x0000,0x0000,
    0x0000,0x8439,0xAA8B,0xACAC,0x4FC5,0x6FC5,0x6FC5,0x6FC5,0x4EC5,0x4EC5,0xEA93,0x4883,0x2552,0x054A,0xEA93,0x6FCD,
    0x8FC5,0x8FC5,0x0EB5,0xEDB4,0xCCAC,0x8BAC,0x8BA4,0xCCAC,0xACAC,0xACAC,0x6983,0x665A,0x655A,0xC77B,0x0AAD,0x0DCE,
    0x6ED6,0xEDC5,0x6AB5,0x29AD,0x2AAD,0x29AD,0x0AAD,0x09AD,0x889C,0xE68B,0xA583,0xC68B,0x889C,0x09AD,0x09A5,0x4894,
    0xE68B,0xC683,0xC68B,0xE68B,0xC68B,0xE68B,0xE68B,0xE68B,0xA783,0x6783,0x287B,0x2883,0x4883,0x4883,0x2883,0x287B,
    0xC772,0xE541,0x875A,0x665A,0xA541,0x4652,0x687B,0x0994,0x0994,0x8CA4,0x6BA4,0x6BA4,0x0A94,0xC98B,0x0994,0xEA8B,
    0xC541,0x4108,0x0000,0x508C,0x5CEF,0x4108,0x4108,0x4108,0x4108,0x4108,0x4108,0x4108,0x4108,0x4108,0x4108,0x4108,
    0x4108,0x4108,0x4108,0x4108,0x4108,0x4108,0x4108,0x4108,0x4108,0x4108,0x4108,0x4108,0x4108,0x4108,0x4108,0x4108,
    0x4108,0x4108,0x4108,0x4108,0x4108,0x4108,0x4108,0x4108,0x4108,0x4108,0x4108,0x4108,0x4108,0x4108,0x4108,0x4108,
    0x4108,0x4108,0x4108,0x4108,0x4108,0x4108,0x4108,0x4108,0x0000,0x0000,0x0000,0x2000,0x2000,0xE220,0x2329,0xE220,
    0xE220,0x287B,0x8CAC,0x2EC5,0x6FC5,0x2EBD,0x0DB5,0x0DB5,0x0DBD,0x2EBD,0xE993,0x2883,0x2552,0xA762,0xACAC,0x6FC5,
    0x4EC5,0xACAC,0xACAC,0xCDB4,0xEDB4,0xCCAC,0x6BA4,0x6BA4,0x8BAC,0x0A9C,0x688B,0x465A,0xA65A,0xE9A4,0xC9A4,0x6ED6,
    0x6ED6,0x6AB5,0xE9A4,0x0AAD,0x09AD,0x2AAD,0x2AAD,0x2AAD,0x679C,0x068C,0x0694,0x679C,0xE9A4,0xE9A4,0x6894,0xE68B,
    0xC68B,0xC68B,0xC68B,0xE683,0xE583,0xE683,0xC68B,0xC68B,0x8783,0x077B,0x866A,0x2883,0x2883,0x2883,0x2883,0x4883,
    0x287B,0x865A,0xE541,0xC541,0x4652,0x2873,0xA983,0xC98B,0x2B9C,0x0DB5,0x0EB5,0x0EBD,0x8CA4,0xEA93,0xC98B,0x8A7B,
    0x0000,0x2000,0x8A52,0xD6BD,0xF39C,0x4108,0x4108,0x4108,0x4108,0x4108,0x4108,0x4108,0x4108,0x4108,0x4108,0x4108,
    0x4108,0x4108,0x4108,0x4108,0x4108,0x4108,0x4108,0x4108,0x4108,0x4108,0x4108,0x4108,0x4108,0x4108,0x4108,0x4108,
    0x4108,0x4108,0x4108,0x4108,0x4108,0x4108,0x4108,0x4108,0x4108,0x4108,0x4108,0x4108,0x4108,0x4108,0x4108,0x4108,
    0x4108,0x4108,0x4108,0x4108,0x4108,0x4108,0x0000,0x0000,0x0000,0xA218,0x0321,0x0329,0x2329,0x465A,0xA66A,0xE549,
    0x465A,0x6BAC,0x4FC5,0x6FC5,0x2EC5,0xABAC,0x4AA4,0x8BAC,0xACAC,0xACAC,0x6883,0x087B,0xA76A,0x6983,0x0DB5,0x6FC5,
    0x4FC5,0x4BA4,0xCCB4,0x0DBD,0x0EBD,0x0DBD,0x8BAC,0xACAC,0xCCB4,0x8993,0x287B,0xA662,0x066B,0xC9A4,0xC9A4,0x6ED6,
    0x2DCE,0x2AAD,0xE9A4,0x09AD,0x09AD,0x09AD,0x0AAD,0x2AAD,0x4794,0xE68B,0x479C,0x09AD,0x2AAD,0xE9A4,0xE68B,0xE68B,
    0xE68B,0xC68B,0xC68B,0xC683,0x068C,0x068C,0xE68B,0xC68B,0x467B,0x8662,0xE449,0x287B,0x287B,0x2883,0x4883,0x4883,
    0x4883,0x4883,0xE549,0x2552,0x8983,0xEA8B,0xEA8B,0x2B9C,0x0DB5,0x0DB5,0x0EBD,0x0EBD,0x0DB5,0x6B9C,0xCA8B,0x4973,
    0x0000,0x0000,0x38C6,0xF7BD,0x4108,0x4108,0x4108,0x4108,0x4108,0x4108,0x4108,0x4108,0x4108,0x4108,0x4108,0x4108,
    0x4108,0x4108,0x4108,0x4108,0x4108,0x4108,0x4108,0x4108,0x4108,0x4108,0x4108,0x4108,0x4108,0x4108,0x4108,0x4108,
    0x4108,0x4108,0x4108,0x4108,0x4108,0x4108,0x4108,0x4108,0x4108,0x4108,0x4108,0x4108,0x4108,0x4108,0x4108,0x4108,
    0x4108,0x4108,0x4108,0x4108,0x4108,0x0000,0x0000,0x2000,0x4008,0x087B,0x4BA4,0x4BA4,0x4BA4,0x898B,0x866A,0x465A,
    0x8BAC,0x8FCD,0x6FC5,0x6FC5,0xACAC,0x4AA4,0x8BAC,0x4EC5,0x4EC5,0x6BA4,0x2883,0x0552,0x6983,0xEDB4,0x8FCD,0x6FC5,
    0x6FC5,0x4EC5,0x4BA4,0x2A9C,0x6BA4,0x2EC5,0x4EC5,0x6FC5,0x8FC5,0x898B,0x2552,0xE66A,0x068C,0x2694,0x09AD,0x8FD6,
    0x09AD,0xE9A4,0xE9A4,0x09AD,0xE9A4,0xE9A4,0xC9A4,0xE9A4,0xEAA4,0x4794,0xE68B,0x2794,0x09AD,0xC683,0xC68B,0xE68B,
    0xC68B,0xE68B,0xE68B,0xE68B,0x0AAD,0x0AAD,0x068C,0xC68B,0xC562,0x2652,0x087B,0x087B,0x287B,0x287B,0x2883,0x2883,
    0x2883,0x0873,0xC541,0xA98B,0xE993,0xACAC,0x2EBD,0x0EBD,0x0EBD,0x0EB5,0x0EBD,0x0EB5,0x0DB5,0x0EB5,0xEDB4,0x6A7B,
    0x0000,0x0000,0x38C6,0xC739,0x4108,0x4108,0x4108,0x4108,0x4108,0x4108,0x4108,0x4108,0x4108,0x4108,0x4108,0x4108,
    0x4108,0x4108,0x4108,0x4108,0x4108,0x4108,0x4108,0x4108,0x4108,0x4108,0x4108,0x4108,0x4108,0x4108,0x4108,0x4108,
    0x4108,0x4108,0x4108,0x4108,0x4108,0x4108,0x4108,0x4108,0x4108,0x4108,0x4108,0x4108,0x4108,0x4108,0x4108,0x4108,
    0x4108,0x4108,0x4108,0x0000,0x0000,0x2000,0x8110,0x698B,0xCDB4,0x2EBD,0x4EC5,0x4AA4,0x2AA4,0x6662,0xE549,0x287B,
    0x6EC5,0x6FC5,0x6FC5,0x8BAC,0x0DBD,0x4EC5,0x4EC5,0x6FC5,0x6FC5,0x8CA4,0x287B,0xC549,0x0873,0xACB4,0x6EC5,0x6FC5,
    0x6FC5,0x6BA4,0x6AA4,0x6BA4,0x4A9C,0x4A9C,0x4A9C,0x4EBD,0x6FC5,0x898B,0x2552,0xA562,0xC683,0xC68B,0xE68B,0x29AD,
    0x4AAD,0x29AD,0x29AD,0x09AD,0xE9A4,0xC9A4,0x857B,0xA89C,0xE9A4,0xE9A4,0x689C,0xC583,0xC58B,0xC68B,0xC583,0xC683,
    0xC68B,0xE68B,0xE68B,0x068C,0x2AAD,0x2AAD,0x2694,0xC68B,0xC662,0x4652,0x287B,0x287B,0x087B,0x087B,0x287B,0x2883,
    0xA76A,0x8439,0x8439,0x6883,0xACAC,0x0DB5,0x0DB5,0x0EB5,0x0DB5,0x0DB5,0x0DB5,0x0DB5,0x0DB5,0x0DB5,0xEEB4,0xCB83,
    0x0000,0x2000,0x38C6,0x0842,0x4108,0x4108,0x4108,0x4108,0x4108,0x4108,0x4108,0x4108,0x4108,0x4108,0x4108,0x4108,
    0x4108,0x4108,0x4108,0x4108,0x4108,0x4108,0x4108,0x4108,0x4108,0x4108,0x4108,0x4108,0x4108,0x4108,0x4108,0x4108,
    0x4108,0x4108,0x4108,0x4108,0x4108,0x4108,0x4108,0x4108,0x4108,0x4108,0x4108,0x4108,0x4108,0x4108,0x4108,0x4108,
    0x4108,0x4108,0x2000,0x0000,0xE220,0x6662,0xA76A,0x2EBD,0x4EC5,0x4EC5,0x6EC5,0x4EC5,0x4BA4,0x665A,0x665A,0x6BA4,
    0x4EC5,0x4EC5,0x8BA4,0xEDB4,0x8BA4,0x6BA4,0xCCB4,0x6FC5,0x6FC5,0x4883,0x2883,0x064A,0x487B,0xACB4,0x4EC5,0x0DBD,
    0x6BA4,0x4AA4,0x6BA4,0x6BA4,0x8BA4,0x6BA4,0x6BA4,0x4EBD,0x4EBD,0x4883,0x054A,0xC562,0xE68B,0xE68B,0xE68B,0x2694,
    0x068C,0xA9A4,0xE9A4,0xE9A4,0xE9A4,0xE9A4,0xA583,0x0694,0xC8A4,0x6794,0xE68B,0xC683,0xC68B,0xC68B,0xC68B,0xC68B,
    0xC68B,0xC68B,0xE68B,0xE68B,0x2694,0x2794,0xE68B,0xC68B,0xE662,0x465A,0x2883,0x2883,0x287B,0x287B,0x2883,0x2883,
    0xC76A,0xC541,0xCA83,0xACAC,0xEDB4,0xEDB4,0x90C5,0x53D6,0x53D6,0x53D6,0x33D6,0x53D6,0x6FC5,0x0EBD,0x2C94,0xA210,
    0x2000,0x2000,0x58CE,0xC739,0x4108,0x4108,0x4108,0x4108,0x4108,0x4108,0x4108,0x4108,0x4108,0x4108,0x4108,0x4108,
    0x4108,0x4108,0x4108,0x4108,0x4108,0x4108,0x4108,0x4108,0x4108,0x4108,0x4108,0x4108,0x4108,0x4108,0x4108,0x4108,
    0x4108,0x4108,0x4108,0x4108,0x4108,0x4108,0x4108,0x4108,0x4108,0x4108,0x4108,0x4108,0x4108,0x4108,0x6108,0xC210,
    0xC318,0xA210,0x2000,0x4331,0xA762,0xC993,0x4BA4,0x4EC5,0x4EC5,0x4EC5,0x6EC5,0xCCB4,0xEA93,0x465A,0xA662,0x8BAC,
    0xCCB4,0x6EC5,0x4A9C,0x6BA4,0x4A9C,0x4A9C,0xCCAC,0x6FC5,0x4FBD,0xE77A,0x087B,0x2652,0x6983,0xABAC,0xCCB4,0x2EBD,
    0x4A9C,0x4B9C,0x4B9C,0x6BA4,0x6BA4,0x6BA4,0x8BA4,0xCCB4,0x6FC5,0x6983,0x054A,0xC562,0xE68B,0xE68B,0xE68B,0xE68B,
    0xE68B,0xA99C,0xE9A4,0xE9A4,0xA89C,0x078C,0xC583,0xE68B,0x278C,0x068C,0xC683,0xC68B,0xC68B,0xC68B,0xE68B,0xE68B,
    0xC683,0x268C,0x6794,0xC683,0xC68B,0xC683,0xC683,0xE562,0x254A,0x465A,0x2883,0x2883,0x2883,0xE993,0x888B,0x4883,
    0xE76A,0xE541,0x2B94,0x0DB5,0x0DB5,0x6FC5,0x12D6,0x74DE,0x74DE,0x74DE,0x74DE,0x74DE,0x12D6,0x6FC5,0xEB8B,0x0000,
    0x2000,0x508C,0x5CEF,0x4108,0x4108,0x4108,0x4108,0x4108,0x4108,0x4108,0x4108,0x4108,0x4108,0x4108,0x4108,0x4108,
    0x4108,0x4108,0x4108,0x4108,0x4108,0x4108,0x4108,0x4108,0x4108,0x4108,0x4108,0x4108,0x4108,0x4108,0x4108,0x4108,
    0x4108,0x4108,0x4108,0x4108,0x4108,0x4108,0x4108,0x4108,0x4108,0x4108,0x4108,0x4108,0x4108,0x0000,0x0000,0x0000,
    0x0000,0x0000,0x0321,0xC76A,0x2A9C,0xEDB4,0x6EC5,0x4EC5,0xCCB4,0xCCB4,0xCCAC,0x2A9C,0x2873,0x465A,0x2873,0xABAC,
    0xABAC,0x6FC5,0x6BA4,0x6BA4,0x0A9C,0x0A9C,0x6BA4,0xEDB4,0x2EBD,0xC772,0x087B,0x054A,0x487B,0x6AA4,0x8BAC,0x0DB5,
    0x6BA4,0x6BA4,0x6BA4,0x0A9C,0xEA93,0x4A9C,0x4AA4,0x6BA4,0x8CAC,0x898B,0x465A,0xC562,0xC68B,0xC68B,0xC68B,0xC68B,
    0xE68B,0x6794,0x889C,0xA89C,0x889C,0xA57B,0xC683,0xC683,0xC68B,0xC68B,0xC683,0xC68B,0xC68B,0xC68B,0xE68B,0xE68B,
    0x2794,0xA89C,0xA9A4,0xE68B,0xC68B,0xC683,0xE562,0x044A,0xE441,0x8662,0x2883,0x2883,0xA98B,0x4AA4,0xA98B,0x0773,
    0xA76A,0xC76A,0xACAC,0x2EBD,0x90C5,0x12D6,0x74DE,0x74DE,0x74DE,0x74DE,0x53DE,0x53DE,0x73DE,0xB0CD,0xEB8B,0x0000,
    0x2000,0x1CE7,0x694A,0x4108,0x4108,0x4108,0x4108,0x4108,0x4108,0x4108,0x4108,0x4108,0x4108,0x4108,0x4108,0x4108,
    0x4108,0x4108,0x4108,0x4108,0x4108,0x4108,0x4108,0x4108,0x4108,0x4108,0x4108,0x4108,0x4108,0x4108,0x4108,0x4108,
    0x4108,0x4108,0x4108,0x4108,0x4108,0x4108,0x4108,0x4108,0x4108,0x4108,0x0000,0x0000,0x0000,0x2000,0x8110,0x8110,
    0x8110,0x4008,0x2652,0xCA93,0xEDB4,0x8FCD,0x6FC5,0x4EBD,0x4BA4,0x4BA4,0x6BA4,0x6BA4,0x875A,0x6662,0x888B,0x4AA4,
    0x6BA4,0xCCB4,0x4AA4,0x6BA4,0xA993,0xE993,0x4B9C,0x4BA4,0xCDAC,0xA672,0xE772,0x254A,0x6883,0x6AAC,0x6BA4,0x6BA4,
    0x6BA4,0x6BA4,0x0A94,0x888B,0xC993,0x4AA4,0x4B9C,0x4B9C,0x077B,0x2883,0x665A,0xE56A,0xE68B,0xC68B,0xC68B,0xC683,
    0xC683,0xE683,0xE683,0x4794,0xA89C,0xC683,0xC683,0xC683,0xC683,0xC683,0xC683,0xC68B,0xC68B,0xC68B,0xC68B,0xE68B,
    0xA89C,0x09AD,0xC8A4,0xC68B,0xE68B,0xE78B,0x244A,0xC441,0x455A,0x087B,0x077B,0x277B,0x2A9C,0x099C,0x688B,0x665A,
    0x2652,0xEA93,0x0EBD,0x4EBD,0x33D6,0x74DE,0x53DE,0x54DE,0x74DE,0x54DE,0x53DE,0x53DE,0x53DE,0x50BD,0x6A7B,0x2000,
    0x2000,0xFBDE,0xA631,0x4108,0x4108,0x4108,0x4108,0x4108,0x4108,0x4108,0x4108,0x4108,0x4108,0x4108,0x4108,0x4108,
    0x4108,0x4108,0x4108,0x4108,0x4108,0x4108,0x4108,0x4108,0x4108,0x4108,0x4108,0x4108,0x4108,0x4108,0x4108,0x4108,
    0x4108,0x4108,0x4108,0x4108,0x4108,0x4108,0x4108,0x4108,0x4108,0x0000,0x0000,0x0000,0x0000,0x0329,0x6883,0x698B,
    0x898B,0xE549,0x487B,0x2A9C,0xEDB4,0x8FC5,0x6FC5,0x6BA4,0x6BA4,0x6BA4,0x6BA4,0x8BA4,0xA762,0x8762,0x888B,0x4BA4,
    0x4BA4,0x4A9C,0x2B9C,0x2A9C,0x898B,0xC993,0x6BA4,0x6BA4,0x4B9C,0xE77A,0x077B,0x264A,0x6883,0x6AA4,0x6BA4,0x6BA4,
    0x6BA4,0x4B9C,0x054A,0xCA8B,0xCCB4,0x2A9C,0x4B9C,0x4BA4,0x077B,0x2883,0x465A,0x056B,0xE68B,0xC68B,0xC68B,0xC683,
    0xC683,0xC68B,0xC683,0xC683,0xC683,0xC683,0xC68B,0xC68B,0xC68B,0xC68B,0xC68B,0xC68B,0xC683,0xC683,0xA583,0x889C,
    0xE9A4,0xE9A4,0xA89C,0xC68B,0xE68B,0xC78B,0x244A,0xA66A,0x2883,0x087B,0x277B,0x4A9C,0x4A9C,0x277B,0xE772,0x4652,
    0xA762,0x2EBD,0x0DBD,0x73DE,0x74DE,0x53DE,0x53DE,0x54DE,0x53DE,0x53DE,0x73DE,0x53DE,0x53DE,0x2A6B,0x2000,0x2000,
    0x6108,0xDBDE,0x6529,0x4108,0x4108,0x4108,0x4108,0x4108,0x4108,0x4108,0x4108,0x4108,0x4108,0x4108,0x4108,0x4108,
    0x4108,0x4108,0x4108,0x4108,0x4108,0x4108,0x4108,0x4108,0x4108,0x4108,0x4108,0x4108,0x4108,0x4108,0x4108,0x4108,
    0x4108,0x4108,0x4108,0x4108,0x4108,0x4108,0x4108,0x0000,0x0000,0x0000,0xA441,0xA98B,0x0A9C,0x2A9C,0x4A9C,0x2883,
    0xA441,0x6439,0x0B94,0x4EBD,0x6EC5,0x2EC5,0x4AA4,0x4BA4,0x6AA4,0x6BA4,0x6BA4,0x8BAC,0xA762,0x876A,0x698B,0x2A9C,
    0x4B9C,0x4B9C,0x4B9C,0x0552,0x0B94,0xCDB4,0x6BA4,0x8BA4,0x8BA4,0x0783,0x087B,0x064A,0x487B,0x4A9C,0x4BA4,0x4BA4,
    0x4B9C,0x2B9C,0x054A,0xCA8B,0xEDB4,0x4A9C,0x4AA4,0x6BA4,0x0783,0x2883,0x665A,0xE562,0xC58B,0xA683,0xA683,0xA683,
    0xC683,0xC68B,0xC683,0xC68B,0xC68B,0xC68B,0xC68B,0xC68B,0xC68B,0xC68B,0xC68B,0xC68B,0xC683,0xC583,0xC9A4,0xE9A4,
    0xE9A4,0x4794,0xA583,0xC68B,0xC78B,0xE441,0xE449,0xC772,0x4883,0x2883,0x4783,0x6AA4,0x4AA4,0x2883,0x054A,0x8439,
    0x8662,0x0EBD,0x0DBD,0x53DE,0x74DE,0x53DE,0x53DE,0x53DE,0x53DE,0x54DE,0x73DE,0x53DE,0x73DE,0x4A6B,0x0000,0x4429,
    0xBEF7,0xFBDE,0x4108,0x4108,0x4108,0x4108,0x4108,0x4108,0x4108,0x4108,0x4108,0x4108,0x4108,0x4108,0x4108,0x4108,
    0x4108,0x4108,0x4108,0x4108,0x4108,0x4108,0x4108,0x4108,0x4108,0x4108,0x4108,0x4108,0x4108,0x4108,0x4108,0x4108,
    0x4108,0x4108,0x4108,0x4108,0x4108,0x0000,0x0000,0x0000,0x0652,0x0873,0xEB93,0x0DBD,0x0DBD,0x0DBD,0xCCB4,0x4883,
    0x8439,0x6983,0xCDB4,0x4EC5,0xEDB4,0x4AA4,0x2A9C,0x2A9C,0x2EBD,0x6BA4,0x4AA4,0x6BA4,0xA762,0xA76A,0x888B,0x4AA4,
    0x4BA4,0x4BA4,0x6BA4,0x4652,0x4C9C,0xEDB4,0x6BA4,0x6BA4,0x6BA4,0xE77A,0xE87A,0xE541,0x0873,0x2A9C,0x4BA4,0x4B9C,
    0x4BA4,0x4BA4,0x4652,0x054A,0x8983,0xEDB4,0x6AA4,0x6BA4,0x077B,0x077B,0x2552,0xA55A,0xC683,0xC68B,0x889C,0xC9A4,
    0xE68B,0xC683,0xC683,0xC68B,0xC683,0xC68B,0xC683,0xC683,0xC68B,0xC68B,0xC68B,0xE68B,0xC9A4,0xC9A4,0x09A5,0xE9A4,
    0x6794,0xC68B,0xC683,0x867B,0x044A,0xC439,0xA76A,0x087B,0x2883,0x888B,0x4AA4,0x8BAC,0x888B,0x2883,0x064A,0xE86A,
    0xADAC,0x0EBD,0x12D6,0x53DE,0x53DE,0x53DE,0x53DE,0x53DE,0x53DE,0x53DE,0x53DE,0x53DE,0x53DE,0x2A6B,0x0000,0x4429,
    0x7DF7,0x4108,0x4108,0x4108,0x4108,0x4108,0x4108,0x4108,0x4108,0x4108,0x4108,0x4108,0x4108,0x4108,0x4108,0x4108,
    0x4108,0x4108,0x4108,0x4108,0x4108,0x4108,0x4108,0x4108,0x4108,0x4108,0x4108,0x4108,0x4108,0x4108,0x4108,0x4108,
    0x4108,0x4108,0x0421,0x0000,0x0000,0x2000,0xA441,0x675A,0x0B94,0xACAC,0x0DBD,0x4EC5,0x4EC5,0x4EC5,0xCCAC,0x465A,
    0xA439,0x2B9C,0x2EBD,0x0EBD,0x8BAC,0x4BA4,0x4A9C,0x2A9C,0x8CAC,0x2A9C,0x2A9C,0x2A9C,0x665A,0x876A,0xA993,0x6BA4,
    0x6BA4,0x6BA4,0x8BAC,0xC98B,0x6983,0x8A83,0xE99B,0x4BA4,0x4A9C,0xC772,0xE772,0xC541,0x2652,0x487B,0x6BA4,0x4BA4,
    0x6BA4,0x6BAC,0xCA93,0x865A,0x665A,0x487B,0x4A9C,0x4A9C,0xE77A,0xE87A,0x2652,0x4552,0x2573,0x2694,0x09AD,0x09AD,
    0x689C,0xE68B,0xC683,0xC683,0xC683,0xC68B,0xA683,0xA583,0xC583,0xC683,0x068C,0x889C,0x09AD,0x29AD,0x679C,0x6794,
    0x0794,0xC68B,0x867B,0xA55A,0xC441,0x8662,0xE772,0xE87A,0x6883,0xC993,0x898B,0xA993,0x4883,0x4983,0x665A,0x697B,
    0x4EBD,0x0EBD,0x53DE,0x53DE,0x53DE,0x53DE,0x53D6,0x53DE,0x53DE,0x53DE,0x53DE,0x53DE,0xF1CD,0xC962,0x0000,0x4529,
    0x9AD6,0x4108,0x4108,0x4108,0x4108,0x4108,0x4108,0x4108,0x4108,0x4108,0x4108,0x4108,0x4108,0x4108,0x4108,0x4108,
    0x4108,0x4108,0x4108,0x4108,0x4108,0x4108,0x4108,0x4108,0x4108,0x4108,0x4108,0x4108,0x4108,0x4108,0x4108,0x0000,
    0x0000,0x0000,0x0000,0x8110,0xE220,0xA218,0x287B,0x6CA4,0x2EBD,0x6EC5,0x2DBD,0xEDB4,0xEDB4,0xEDB4,0x4B9C,0x8439,
    0xA439,0x2A9C,0xEDB4,0xCCAC,0x6BA4,0x6BA4,0x4BA4,0x4BA4,0x4BA4,0x4BA4,0x4A9C,0x4B9C,0x865A,0xA76A,0xA993,0x299C,
    0x8BAC,0x6BA4,0x6AA4,0x6BA4,0x487B,0x2873,0xA98B,0x2A9C,0x2A9C,0xC772,0xE77A,0x6662,0x054A,0xC762,0x8BAC,0x6BA4,
    0x6BA4,0x6BA4,0x6AA4,0x687B,0x2652,0xE549,0x2873,0x4A9C,0xA88B,0x488B,0xE772,0x4552,0xA55A,0x0694,0x689C,0xE9A4,
    0xE9AC,0x4794,0x2794,0x068C,0xC683,0xC683,0xC683,0xC683,0xC683,0x068C,0x689C,0xC9A4,0x689C,0x889C,0xE68B,0xC68B,
    0xE68B,0x8683,0xC662,0x054A,0x6662,0x2883,0x2883,0x4883,0x888B,0x6883,0x077B,0x2883,0x4883,0xC76A,0x4652,0x8A7B,
    0x90C5,0xD1CD,0x74DE,0x73DE,0x53DE,0x53DE,0x53DE,0x53DE,0x53DE,0x53DE,0x53DE,0x53DE,0xB0CD,0xA75A,0x2000,0x4529,
    0x95B5,0x4108,0x4108,0x4108,0x4108,0x4108,0x4108,0x4108,0x4108,0x4108,0x4108,0x4108,0x4108,0x4108,0x4108,0x4108,
    0x4108,0x4108,0x4108,0x4108,0x4108,0x4108,0x4108,0x4108,0x4108,0x4108,0x4108,0x4108,0x4108,0x4108,0x2000,0x2100,
    0xE220,0xE220,0xC218,0x8439,0x8762,0x6439,0x2B9C,0x4EC5,0x6FC5,0x4EC5,0xCCB4,0x6BA4,0x6AA4,0x6AA4,0xC98B,0x8439,
    0x6431,0xCA8B,0x2A9C,0x4AA4,0x6AA4,0x4BA4,0x6BA4,0x6BA4,0x6BA4,0x4BA4,0x6BA4,0x8BA4,0xC762,0xE772,0x4883,0x6883,
    0x6BA4,0x6BA4,0x4B9C,0x4BA4,0x4B9C,0x4B9C,0x4B9C,0x4B9C,0x4AA4,0x4883,0x077B,0x2883,0x665A,0xE76A,0x8BAC,0x6BA4,
    0x4BA4,0x4B9C,0x4A9C,0x4A9C,0x487B,0x4552,0x665A,0x8BA4,0x6AA4,0x6883,0x2883,0x6662,0x6552,0x667B,0xA583,0x889C,
    0xC9A4,0xE9A4,0xE9A4,0x889C,0x068C,0x068C,0xE68B,0xE68B,0xE683,0x6794,0xC8A4,0x889C,0xC68B,0xC683,0xC683,0x867B,
    0x667B,0xA55A,0xE441,0x465A,0x4883,0x2883,0x688B,0x099C,0x888B,0xC772,0x077B,0x087B,0x087B,0xC541,0x264A,0xCA83,
    0x90C5,0x94DE,0x74DE,0x73DE,0x73DE,0x53DE,0x53DE,0x53DE,0x53DE,0x53DE,0x53DE,0x11D6,0x4EC5,0x675A,0x0000,0x4529,
    0xB6B5,0x4108,0x4108,0x4108,0x4108,0x4108,0x4108,0x4108,0x4108,0x4108,0x4108,0x4108,0x4108,0x4108,0x4108,0x4108,
    0x4108,0x4108,0x4108,0x4108,0x4108,0x4108,0x4108,0x4108,0x4108,0x4108,0x4108,0x4108,0x2000,0x2000,0x4100,0x6108,
    0x287B,0x898B,0x698B,0x287B,0xA762,0x8439,0x6FC5,0x2DC5,0x4EC5,0xCCAC,0x4A9C,0x4AA4,0x6AA4,0x6BA4,0xEA93,0xA439,
    0x8439,0xEA93,0x0A9C,0xACAC,0xCCB4,0x2A9C,0x4BA4,0x6BA4,0x6BA4,0x6BA4,0x6BA4,0x8BA4,0xA762,0xA762,0x287B,0x287B,
    0x2A9C,0x2A9C,0x4B9C,0x4B9C,0x4BA4,0x4BA4,0x6BA4,0x6BA4,0x6BA4,0x8BAC,0x688B,0x2883,0x465A,0xC762,0x6BA4,0x4AA4,
    0x4BA4,0x4BA4,0x6BA4,0x6BA4,0x6BA4,0x8BA4,0x8BA4,0x6BA4,0x4AA4,0x4783,0x077B,0x6662,0xC441,0x044A,0x8683,0xC683,
    0xC9A4,0x09AD,0xE9AC,0x09AD,0x09AD,0x0AAD,0xA8A4,0xA89C,0x268C,0xC683,0xC683,0xC68B,0xC68B,0xC683,0xC783,0x2552,
    0xC441,0xC441,0x455A,0x2883,0x2883,0x4783,0x6AA4,0x6AA4,0xE76A,0x2552,0x2783,0x287B,0x087B,0xA439,0xAA83,0x0DB5,
    0x6FBD,0x73DE,0x74DE,0x74DE,0x53DE,0x53DE,0x53DE,0x53DE,0x53DE,0x53DE,0x53DE,0x2EBD,0x4BA4,0xC539,0x0000,0x2421,
    0xF7BD,0x4108,0x4108,0x4108,0x4108,0x4108,0x4108,0x4108,0x4108,0x4108,0x4108,0x4108,0x4108,0x4108,0x4108,0x4108,
    0x4108,0x4108,0x4108,0x4108,0x4108,0x4108,0x4108,0x4108,0x4108,0x4108,0x0000,0x0000,0x0000,0x4008,0xC76A,0xEEB4,
    0x4EBD,0x4FBD,0x90C5,0x8CAC,0xE872,0xE549,0xB0CD,0x4AA4,0x2A9C,0x2A9C,0x0A94,0xACAC,0xECB4,0x2A9C,0xC98B,0xA441,
    0xC541,0x4883,0x0A9C,0x4AA4,0xACAC,0x0DB5,0x4AA4,0x6BA4,0x6BA4,0x6AA4,0x4BA4,0x4AA4,0x4B9C,0xA762,0x054A,0xE772,
    0x077B,0x4A9C,0x6BA4,0x4BA4,0x6BA4,0x6BA4,0x6BA4,0x6BA4,0x6BA4,0x8BA4,0x4883,0x287B,0x4652,0xA439,0x2552,0x6BA4,
    0x6BA4,0x6AA4,0x6BA4,0x6BA4,0x6BA4,0x6BA4,0x6BA4,0x4BA4,0x4AA4,0x4A9C,0x698B,0x087B,0xA662,0xC441,0xE441,0xC683,
    0xE68B,0xE68B,0xE68B,0xE68B,0xE68B,0xE68B,0xE68B,0xE68B,0xC683,0xC68B,0xC68B,0xC68B,0xC783,0xE441,0xE441,0xC441,
    0x8662,0x087B,0x287B,0x2883,0x2783,0x6AA4,0x8BA4,0xA662,0x465A,0x888B,0x2A9C,0x287B,0xC441,0x6431,0xAA83,0xAFCD,
    0x52DE,0x53DE,0x53DE,0x53DE,0x53DE,0x53DE,0x53DE,0x53DE,0x53DE,0x54DE,0x53DE,0x4FC5,0x8439,0x0000,0x0000,0x2421,
    0x38C6,0x4108,0x4108,0x4108,0x4108,0x4108,0x4108,0x4108,0x4108,0x4108,0x4108,0x4108,0x4108,0x4108,0x4108,0x4108,
    0x4108,0x4108,0x4108,0x4108,0x4108,0x4108,0x4108,0x4108,0x6108,0x8210,0x0000,0x0321,0x8983,0x4C9C,0xEDB4,0x4EC5,
    0x4EC5,0x4EC5,0x0DB5,0x0A9C,0xE872,0x054A,0xEDBC,0x6AA4,0x4AA4,0x4A9C,0x2B9C,0x4B9C,0x4BA4,0x2A9C,0xEA93,0xC76A,
    0xC541,0x4883,0x4AA4,0x8BA4,0x8BA4,0x8BAC,0x4BA4,0x4AA4,0x4BA4,0x4BA4,0x4B9C,0x4A9C,0x4BA4,0xC762,0x2652,0x287B,
    0x2883,0x688B,0x4BA4,0x6AA4,0x6AA4,0x4BA4,0x4BA4,0x4BA4,0x4AA4,0x4AA4,0x2A9C,0x4883,0x087B,0x865A,0x4652,0x6BA4,
    0x6BA4,0x6BA4,0x4BA4,0x4BA4,0x4BA4,0x4BA4,0x4BA4,0x4BA4,0x4BA4,0x4AA4,0x2A9C,0x888B,0x077B,0xC76A,0xE441,0x4552,
    0x4452,0x6573,0xE68B,0xE68B,0xE68B,0xE68B,0xE68B,0xC68B,0xE68B,0xC683,0x2573,0x4452,0x4552,0xE541,0xE441,0x8762,
    0x087B,0x287B,0x087B,0x2883,0x0A9C,0x6AA4,0x2552,0x8662,0x898B,0xE993,0x688B,0x287B,0xC541,0x0B94,0xEDB4,0xB0CD,
    0x73DE,0x53DE,0x53DE,0x53DE,0x53DE,0x53DE,0x53DE,0x53DE,0x54DE,0x54DE,0x74DE,0x6FC5,0xC539,0x0000,0x2842,0xBAD6,
    0xEF7B,0x4108,0x4108,0x4108,0x4108,0x4108,0x4108,0x4108,0x4108,0x4108,0x4108,0x4108,0x4108,0x4108,0x4108,0x4108,
    0x4108,0x4108,0x4108,0x4108,0x4108,0x4108,0x4529,0x0000,0x2000,0x4431,0x665A,0x8A83,0x2EBD,0x6FCD,0x6FC5,0x4EC5,
    0x6BA4,0x6BA4,0x6BA4,0xA98B,0xA86A,0xA441,0x898B,0x2AA4,0x4AA4,0x6AA4,0x4BA4,0x4AA4,0x4BA4,0x4AA4,0x0A94,0xE872,
    0xA439,0x054A,0xA98B,0x4A9C,0x4AA4,0x4AA4,0x2A9C,0x888B,0x898B,0x4AA4,0x4BA4,0x6AA4,0x6BAC,0x898B,0xA762,0x6662,
    0x2883,0x087B,0xA762,0xA662,0xA98B,0x6AA4,0x4AA4,0x6AA4,0x4AA4,0x4AA4,0x898B,0x287B,0x287B,0x8762,0xE541,0xC76A,
    0x4AA4,0x4AA4,0x4BA4,0x4BA4,0x4BA4,0x4BA4,0x4BA4,0x4BA4,0x4BA4,0x6AA4,0x6AA4,0x2A9C,0xA993,0x077B,0xA762,0xE541,
    0xE541,0x6552,0xA562,0xA562,0xA562,0xA562,0xA562,0xA562,0xC562,0xA562,0x4552,0xE441,0xC541,0x8662,0x8662,0xE87A,
    0x087B,0x277B,0x4883,0xE993,0x4A9C,0x8662,0x665A,0xC772,0xA993,0x099C,0x087B,0x4652,0xE541,0xADAC,0xB0CD,0x12D6,
    0x53DE,0x53DE,0x53DE,0x53DE,0x53DE,0x53DE,0x53DE,0x53DE,0x53DE,0x54DE,0x74DE,0x0EBD,0xA539,0x2000,0xAA52,0xFFFF,
    0x4108,0x4108,0x4108,0x4108,0x4108,0x4108,0x4108,0x4108,0x4108,0x4108,0x4108,0x4108,0x4108,0x4108,0x4108,0x4108,
    0x4108,0x4108,0x4108,0x4108,0x8631,0x0000,0x0000,0x0000,0x2329,0xC76A,0x0A9C,0xEDB4,0x90CD,0x6FC5,0x6FC5,0xEDB4,
    0x4A9C,0x2A9C,0x2A9C,0x8983,0x8762,0x8439,0x6662,0xC993,0xE99B,0xEA9B,0x2AA4,0x8BA4,0x2AA4,0xC993,0xA98B,0x087B,
    0x465A,0x8439,0x0873,0xEA93,0x4AA4,0x4AA4,0x2A9C,0xA88B,0xA993,0x4AA4,0x6AA4,0x6AA4,0x6BA4,0xC993,0xA76A,0xE549,
    0x2883,0x2883,0x8662,0xE541,0x865A,0x2873,0x0873,0x287B,0xA98B,0xC993,0x277B,0x087B,0x287B,0xC772,0x4652,0xE549,
    0xC993,0x4BA4,0x4BA4,0x4BA4,0x4BA4,0x4BA4,0x4BA4,0x6BA4,0x4BA4,0x6BA4,0x4AA4,0x4AA4,0x099C,0x888B,0x087B,0x6662,
    0x8662,0x054A,0xE541,0xC541,0xE541,0xE541,0xE541,0xE541,0xE541,0xE541,0x2652,0x6662,0x6662,0x287B,0x087B,0x087B,
    0x4883,0xA88B,0xC993,0x2A9C,0x0873,0x465A,0xE772,0x4883,0xE993,0xE993,0xE772,0xA439,0x4973,0xEEB4,0xF2D5,0x54DE,
    0x53DE,0x53DE,0x53DE,0x53DE,0x53DE,0x53DE,0x53DE,0x53DE,0x53DE,0x53DE,0xF1CD,0x4973,0xE320,0x4000,0xAA52,0xFFFF,
    0x4108,0x4108,0x4108,0x4108,0x4108,0x4108,0x4108,0x4108,0x4108,0x4108,0x4108,0x4108,0x4108,0x4108,0x4108,0x4108,
    0x4108,0x4108,0x4108,0x2000,0x2000,0x4108,0xC220,0xC220,0xE872,0x2B9C,0xACB4,0x2EBD,0x0EBD,0x2EBD,0x2EBD,0x6BA4,
    0x6AA4,0x4AA4,0x0A9C,0x688B,0xA76A,0xE549,0xA439,0xE772,0x2883,0x0783,0x898B,0x2B9C,0xCA93,0x2883,0x2883,0x287B,
    0x287B,0xA441,0xA76A,0xA98B,0x2A9C,0x2A9C,0x4AA4,0x4AA4,0x4AA4,0x4AA4,0x4A9C,0x2A9C,0x0A9C,0x898B,0xA762,0xC549,
    0x2883,0x2883,0x287B,0x2552,0xE549,0x054A,0x054A,0x4552,0x077B,0x087B,0x4883,0x287B,0x087B,0x287B,0xC772,0x2552,
    0x087B,0x2A9C,0x4BA4,0x4AA4,0x6BA4,0x4BA4,0x4BA4,0x4BA4,0x6BA4,0x4BA4,0x4AA4,0x4BA4,0x4AA4,0x0994,0x6883,0x287B,
    0x287B,0x465A,0x054A,0x054A,0x054A,0x054A,0x054A,0x054A,0x054A,0x2552,0x8662,0x2883,0x2883,0x2883,0x2783,0x4883,
    0xC993,0x2A9C,0xE993,0x6883,0xE549,0x287B,0x4883,0xE993,0x0A9C,0x6983,0x665A,0x6339,0xEDB4,0x4FBD,0x12D6,0x54DE,
    0x54DE,0x53DE,0x53DE,0x53DE,0x53DE,0x53DE,0x53DE,0x53DE,0x32D6,0xF1D5,0x0DBD,0x0329,0x0000,0x2421,0xCF7B,0x5DEF,
    0x4108,0x4108,0x4108,0x4108,0x4108,0x4108,0x4108,0x4108,0x4108,0x4108,0x4108,0x4108,0x4108,0x4108,0x4108,0x4108,
    0x4108,0x4108,0x0000,0x2000,0x6108,0xC220,0x698B,0x688B,0xEDB4,0x6FC5,0x4EC5,0xCCB4,0x2A9C,0x4A9C,0x4BA4,0x4AA4,
    0x4AA4,0x4AA4,0x888B,0x2783,0x287B,0x0873,0x8439,0xC772,0x087B,0x287B,0x6662,0xA441,0x0552,0x2883,0x2883,0x2883,
    0x2883,0xC441,0xC76A,0x2783,0x0783,0x4883,0x4A9C,0x4AA4,0x4AA4,0x4AA4,0x4AA4,0x2A9C,0x6883,0x087B,0x8762,0xE549,
    0x087B,0x287B,0x287B,0x287B,0x2883,0xC993,0x4BA4,0x0A94,0x287B,0x287B,0x2A9C,0x4883,0x087B,0x287B,0x287B,0x287B,
    0x2883,0x2783,0x0A9C,0x4AA4,0x4AA4,0x4AA4,0x4AA4,0x4AA4,0x6AA4,0x6BA4,0x6AA4,0x6BA4,0x4AA4,0x4AA4,0x4A9C,0x277B,
    0x2883,0x2883,0x2883,0x2883,0x2883,0x2883,0x2883,0x287B,0x287B,0x2883,0x2883,0x2883,0x2783,0x2783,0x4783,0x2A9C,
    0x6AA4,0xA98B,0x8662,0xE449,0x4883,0x2783,0x2AA4,0x4AA4,0x898B,0x6762,0x6431,0x8439,0xEDB4,0x32DE,0x53DE,0x53DE,
    0x53DE,0x73DE,0x53DE,0x53DE,0x53DE,0x53DE,0x53DE,0x53DE,0x32D6,0x0DBD,0x0B9C,0xE220,0x0000,0xEF7B,0xDFFF,0x2421,
    0x4108,0x4108,0x4108,0x4108,0x4108,0x4108,0x4108,0x4108,0x4108,0x4108,0x4108,0x4108,0x4108,0x4108,0x4108,0x4108,
    0x4108,0x0000,0x0000,0x8439,0x087B,0x287B,0x2883,0x4883,0x4AA4,0x8BAC,0x6BA4,0x4AA4,0x4A9C,0x4AA4,0x4A9C,0x4AA4,
    0x2783,0x077B,0x2783,0x2783,0x287B,0x287B,0x287B,0x8439,0xA76A,0x077B,0x277B,0x2883,0x2883,0x2883,0x4883,0x0A9C,
    0x287B,0xA439,0xA76A,0x2883,0x2883,0x2783,0x4883,0x4AA4,0x4AA4,0x6AA4,0x8BA4,0x6883,0x2883,0x287B,0x287B,0xE76A,
    0x8339,0x287B,0x287B,0x287B,0x287B,0x2783,0x2783,0x277B,0x2883,0x2883,0x277B,0x287B,0x287B,0x888B,0x0A9C,0x2783,
    0x2783,0x2883,0x2783,0x277B,0xA98B,0x4AA4,0x4AA4,0x6BA4,0x6BA4,0x6AA4,0x6AA4,0x4AA4,0x4AA4,0x4A9C,0x4A9C,0x4A9C,
    0x4AA4,0x6AA4,0xA993,0x2783,0x2783,0x2783,0x077B,0x277B,0x2783,0x2783,0x2783,0x2783,0xA88B,0x4A9C,0x4A9C,0x6AA4,
    0xA98B,0x8662,0x2552,0x4883,0x6AA4,0x6BA4,0x8BAC,0xA98B,0x8662,0xA439,0xE541,0x2EBD,0x0DB5,0x32D6,0x53DE,0x73DE,
    0x73DE,0x53DE,0x53DE,0x53DE,0x53DE,0x53DE,0x53DE,0x53DE,0x53DE,0x2EBD,0x2000,0x0000,0x0000,0xCE7B,0xB6B5,0x4108,
    0x4108,0x4108,0x4108,0x4108,0x4108,0x4108,0x4108,0x4108,0x4108,0x4108,0x4108,0x4108,0x4108,0x4108,0x4108,0x4108,
    0x2000,0x2000,0xE218,0x465A,0x087B,0x087B,0x087B,0x077B,0x4883,0x688B,0xE993,0x8AA4,0x6AA4,0x6BA4,0x4AA4,0x4783,
    0x077B,0xC98B,0x8883,0x277B,0x277B,0x287B,0x287B,0xE772,0x287B,0xA98B,0x6883,0x077B,0x287B,0x087B,0x287B,0x4883,
    0x287B,0xE772,0x087B,0x2783,0x2883,0x2883,0x287B,0x6883,0x6883,0x6883,0x6883,0x287B,0x287B,0x287B,0x287B,0xE76A,
    0xA439,0x287B,0x287B,0x287B,0x287B,0x287B,0x2783,0x2883,0x2883,0x2883,0x2883,0x2883,0x2883,0x2883,0x888B,0x2A9C,
    0x2A9C,0x277B,0x287B,0x287B,0x4883,0x6883,0x287B,0x254A,0x054A,0x277B,0xE993,0x6AA4,0x4BA4,0x4A9C,0x4A9C,0x4A9C,
    0x4A9C,0x4AA4,0x2A9C,0x2A9C,0x2A9C,0x2A9C,0x2A9C,0x2A9C,0x2A9C,0x888B,0x888B,0x4A9C,0x4A9C,0x4A9C,0x4A9C,0xA762,
    0x054A,0x465A,0x6883,0x2A9C,0x4AA4,0x6AA4,0xC993,0x8662,0xE541,0xE86A,0xADAC,0x0DB5,0x12D6,0x53DE,0x73DE,0x73DE,
    0x73DE,0x53DE,0x53DE,0x53DE,0x53DE,0x74DE,0x74DE,0x53DE,0x90C5,0x70C5,0x4008,0x0000,0x918C,0x3CE7,0x0F84,0x4108,
    0x4108,0x4108,0x4108,0x4108,0x4108,0x4108,0x4108,0x4108,0x4108,0x4108,0x4108,0x4108,0x4108,0x4108,0x4108,0x4108,
    0x4100,0x4973,0x675A,0xE549,0x6662,0x2883,0x2883,0x287B,0x2783,0x2883,0x6883,0x888B,0x688B,0x6883,0x688B,0x4883,
    0x4883,0x888B,0x6883,0x287B,0x287B,0x287B,0x287B,0x2883,0x287B,0x6883,0x4883,0x287B,0x287B,0x087B,0x287B,0x287B,
    0x2883,0x2883,0x287B,0x287B,0x2883,0x2883,0x287B,0x287B,0x287B,0x2883,0x287B,0x287B,0x287B,0x287B,0x287B,0x087B,
    0xA76A,0x2883,0x2883,0x287B,0x8662,0x2552,0x2552,0x2552,0x2552,0x2552,0x287B,0x4883,0x2883,0x2883,0x4883,0x888B,
    0x888B,0xA98B,0x4883,0x287B,0x2883,0x287B,0x287B,0xA76A,0xA76A,0x465A,0x665A,0x865A,0x287B,0x8BA4,0x4A9C,0x4AA4,
    0x4A9C,0x4A9C,0x4AA4,0x4AA4,0x4AA4,0x4AA4,0x4AA4,0xA98B,0x888B,0x4883,0x888B,0x6AA4,0x4A9C,0x665A,0x665A,0x6662,
    0xE772,0x6883,0xE993,0x2A9C,0x2A9C,0x6883,0x665A,0xE541,0xE76A,0x6CA4,0x2EBD,0xF2D5,0x74DE,0x73DE,0x73DE,0x73DE,
    0x73DE,0x53DE,0x53DE,0x53DE,0x53DE,0x53DE,0x74DE,0x33D6,0xCEAC,0x064A,0x4108,0x4100,0x75AD,0xDFFF,0x4108,0x4108,
    0x4108,0x4108,0x4108,0x4108,0x4108,0x4108,0x4108,0x4108,0x4108,0x4108,0x4108,0x4108,0x4108,0x4108,0x4108,0x4108,
    0x0000,0x6CA4,0xEB93,0x875A,0x054A,0x8762,0x8662,0x2883,0x4883,0x2883,0x087B,0x087B,0x087B,0x087B,0x287B,0x6662,
    0x6662,0x665A,0x665A,0x8662,0x8762,0x8662,0x8662,0x6762,0x665A,0x665A,0x665A,0x6662,0x8662,0x8662,0x8662,0x8662,
    0x2883,0x2883,0x2783,0x277B,0x287B,0x287B,0x287B,0x277B,0x287B,0x287B,0x287B,0x277B,0x287B,0x287B,0x287B,0x287B,
    0x287B,0x6662,0x665A,0x665A,0xC86A,0x2973,0x2973,0x2973,0x4973,0x4973,0xA762,0x8662,0x8662,0x8662,0x8662,0x8662,
    0x2783,0xA98B,0x4783,0x287B,0x287B,0x287B,0x287B,0x287B,0x287B,0x8762,0x465A,0xE549,0x2652,0x487B,0x0773,0x0773,
    0x0873,0x0A94,0x4A9C,0x0994,0xC993,0xC993,0xC993,0x2883,0x087B,0x077B,0x4883,0xC993,0xC993,0x465A,0x465A,0x287B,
    0xE993,0x4A9C,0x2A9C,0x0A9C,0x6983,0x465A,0x8439,0x465A,0xEA93,0x2EBD,0xB0CD,0x73DE,0x73DE,0x73DE,0x73DE,0x73DE,
    0x53DE,0x53DE,0x53DE,0x53DE,0x53DE,0x53DE,0x11D6,0x90CD,0x6DA4,0x2000,0x2100,0xC739,0x139D,0x38C6,0x4108,0x4108,
    0x4108,0x4108,0x4108,0x4108,0x4108,0x4108,0x4108,0x4108,0x4108,0x4108,0x4108,0x4108,0x4108,0x4108,0x4108,0x4108,
    0x2000,0x0973,0x8CAC,0xCB8B,0x675A,0x4652,0x2652,0x8762,0xC76A,0xC76A,0xC76A,0xE772,0xE772,0xE872,0xE872,0xC439,
    0xC539,0xE541,0x4652,0x2652,0x2652,0x2652,0x264A,0x264A,0x4752,0x6752,0x6752,0x4652,0x4652,0x4652,0x064A,0xA439,
    0x0873,0xE772,0xE772,0xC772,0xC772,0xE772,0x287B,0x277B,0x277B,0x2783,0x287B,0xE772,0xE772,0xE872,0xE772,0xE87A,
    0x087B,0xA441,0x4652,0x4652,0xCB8B,0x0EBD,0x0EBD,0x0EBD,0x0EBD,0x2FBD,0x665A,0x4652,0x4652,0x054A,0xA539,0xC541,
    0x0873,0x0873,0x087B,0x287B,0x287B,0x287B,0x287B,0x287B,0x2883,0x2883,0x2883,0x876A,0x054A,0x054A,0x064A,0x2652,
    0x2552,0x898B,0xE993,0x688B,0x087B,0x087B,0x287B,0x4883,0x2783,0x2883,0x2883,0x2883,0x2883,0x087B,0x087B,0x0A94,
    0x4AA4,0x2AA4,0x0A9C,0xA98B,0xC76A,0xA439,0x064A,0xEA93,0xEDB4,0x6FC5,0x53DE,0x53DE,0x53DE,0x53DE,0x53DE,0x53DE,
    0x53DE,0x53DE,0x53DE,0x53DE,0x53DE,0x12D6,0x6FC5,0x8CAC,0x497B,0x0000,0x0000,0xAE73,0x518C,0x508C,0x518C,0xB294,
    0x518C,0x4108,0x4108,0x4108,0x4108,0x4108,0x4108,0x4108,0x4108,0x4108,0x4108,0x4108,0x4108,0x4108,0x4108,0x4108,
    0x2000,0x0000,0xC862,0xCEB4,0xEEB4,0xEDB4,0xCDB4,0x6331,0x4331,0x8439,0xA439,0xC441,0xA439,0x8439,0x6331,0x8439,
    0xA439,0x6983,0x0EBD,0x0EBD,0xEDBC,0xEEBC,0x0EBD,0x0EBD,0x12D6,0x73DE,0x74DE,0x90C5,0x2EBD,0x0EBD,0x6CA4,0xA439,
    0x6439,0x6331,0x6331,0x6331,0x8439,0x054A,0x287B,0x287B,0x287B,0x287B,0x287B,0xE549,0xA439,0x8439,0x8439,0x8439,
    0xA439,0xA439,0xEEB4,0x0EBD,0x2EBD,0x2EBD,0x0EBD,0x0EB5,0x0EBD,0x0EBD,0x0EBD,0x2EBD,0x2EBD,0xAA83,0xA439,0xA439,
    0x8439,0x8439,0xC76A,0x287B,0x2883,0x2883,0x2883,0x2883,0x2883,0x2783,0x2883,0x2883,0x2883,0x4883,0x4883,0x4883,
    0x2883,0x077B,0x077B,0xE772,0xE77A,0x077B,0x077B,0x4BA4,0x898B,0x2883,0x2883,0x2883,0x2883,0x287B,0x087B,0xE993,
    0x2A9C,0x898B,0xC76A,0xE541,0xC541,0xE541,0xCDAC,0x0EBD,0x90C5,0x53DE,0x53DE,0x53DE,0x53DE,0x53DE,0x53DE,0x53DE,
    0x53DE,0x53DE,0x53DE,0x53DE,0x54DE,0x90C5,0xEEB4,0x096B,0x0000,0x0000,0x2000,0x8E73,0x3084,0x3084,0x3084,0x3084,
    0x3084,0x0842,0x4108,0x4108,0x4108,0x4108,0x4108,0x4108,0x4108,0x4108,0x4108,0x4108,0x4108,0x4108,0x4108,0x4108,
    0x6108,0x2000,0x0000,0x2000,0xA541,0xEDB4,0xEDB4,0xCDB4,0xCDB4,0xCDB4,0xCDAC,0xCDAC,0xCDB4,0xCDB4,0xEDB4,0xCDB4,
    0xADB4,0xCDB4,0x90CD,0x12D6,0x12D6,0x12D6,0x12D6,0x12D6,0x33D6,0x32D6,0x33D6,0x32D6,0x12D6,0x32D6,0x12D6,0x11D6,
    0xD1CD,0xCDAC,0xCDB4,0x0EB5,0x497B,0xE541,0xC541,0xC441,0xA439,0xA439,0xA441,0xA439,0xA439,0x8A83,0xCDB4,0xCDB4,
    0xEDB4,0xCDB4,0xEDB4,0xEDB4,0xD1CD,0x53D6,0x33D6,0x32D6,0x33D6,0x32D6,0x33D6,0x53D6,0x53DE,0xB1CD,0xEEB4,0xEEB4,
    0x0EB5,0xA541,0xA439,0xC441,0x865A,0x2883,0x287B,0x287B,0x2883,0x2883,0x2883,0x2883,0x4883,0x4883,0x2883,0x077B,
    0xEA93,0x2A9C,0x2A9C,0x2A9C,0x2A9C,0x2A9C,0x0A94,0x2783,0x2883,0x2883,0x4883,0x4883,0x2883,0x2883,0x087B,0x087B,
    0x2552,0xA439,0xA439,0x4652,0x2FBD,0x4FBD,0x4FC5,0x12D6,0x53DE,0x53DE,0x53DE,0x53DE,0x53DE,0x53DE,0x53DE,0x53DE,
    0x53DE,0x53DE,0x53DE,0x74DE,0x70C5,0x2FBD,0xA862,0x4008,0x0000,0x2000,0x3084,0x3084,0x3084,0x3084,0x3084,0x3084,
    0x3084,0x1084,0x694A,0x4108,0x4108,0x4108,0x4108,0x4108,0x4108,0x4108,0x4108,0x4108,0x4108,0x4108,0x4108,0x4108,
    0x2C53,0x8210,0x0000,0x0000,0x6108,0x2329,0x2329,0x2329,0x2329,0x2329,0x0329,0x0329,0x2329,0x4329,0x4329,0x4329,
    0x2329,0x0973,0xB0CD,0x32D6,0x32D6,0x32D6,0x32D6,0x32D6,0x32D6,0x32D6,0x32D6,0x32D6,0x32D6,0x32DE,0x53DE,0x33D6,
    0x33D6,0x12D6,0x12D6,0x12D6,0x0FB5,0x4B9C,0x4C9C,0x2B9C,0x2B9C,0x2B94,0x0B94,0x2B94,0x2B9C,0x2FB5,0xF2D5,0xF2D5,
    0xF1D5,0x12D6,0x12D6,0x12D6,0x33D6,0x33D6,0x33D6,0x33D6,0x33D6,0x33D6,0x53DE,0x33D6,0x53D6,0x32D6,0x12D6,0x12D6,
    0x12D6,0x71BD,0xEEAC,0xA75A,0xC541,0xE549,0xE549,0x054A,0x054A,0x087B,0x4883,0x2883,0x2883,0x287B,0x087B,0x087B,
    0x287B,0x4883,0x4883,0x4883,0x4883,0x4883,0x4883,0x2883,0x287B,0x287B,0x2883,0x4883,0x4883,0x2552,0x054A,0x054A,
    0xC539,0xC862,0x6CA4,0x8DA4,0x2EBD,0x2EBD,0x12D6,0x53DE,0x53DE,0x53DE,0x53DE,0x53DE,0x53DE,0x53DE,0x53DE,0x53DE,
    0x33DE,0x53D6,0x53D6,0x4FC5,0x2FBD,0xC862,0xA218,0x2000,0x8210,0xEF7B,0x3084,0x3084,0x3084,0x3084,0x3084,0x3084,
    0x3084,0x3084,0x518C,0x2C63,0x4108,0x4108,0x4108,0x4108,0x4108,0x4108,0x4108,0x4108,0x4108,0x4108,0x4108,0x4108,
    0xEF63,0xCB4A,0x8A42,0x6521,0x2000,0x0000,0x0000,0x0000,0x0000,0x0000,0x0000,0x0000,0x0000,0x0000,0x0000,0x0000,
    0x0000,0x2329,0x675A,0xA85A,0xA85A,0xA85A,0x885A,0x885A,0x885A,0x875A,0x885A,0xA85A,0xC85A,0x096B,0x70C5,0x74DE,
    0x53DE,0x53DE,0x53DE,0x32DE,0xF1D5,0xB0CD,0x90CD,0xB0CD,0xB0CD,0xB0CD,0xB0CD,0xB0CD,0xB1CD,0x12D6,0x53D6,0x53DE,
    0x53DE,0x53DE,0x53DE,0x53DE,0x53DE,0x53DE,0x53DE,0x53D6,0x53DE,0x53DE,0x53DE,0x53DE,0x53D6,0x33D6,0x33D6,0x33D6,
    0x53D6,0x53D6,0x12D6,0xEFAC,0x0C94,0xCB8B,0xCA83,0xC541,0xC539,0x2652,0x4652,0x4652,0x4652,0x465A,0x087B,0x2883,
    0x2883,0x2883,0x2883,0x2883,0x2883,0x2883,0x2883,0x2883,0x8762,0x4652,0x4652,0x4652,0x465A,0xE541,0xCA8B,0xCA8B,
    0xAA83,0x2B9C,0x0EBD,0x0EBD,0xD0CD,0xD1CD,0x53DE,0x53DE,0x53DE,0x53DE,0x53DE,0x53DE,0x53DE,0x53DE,0x53DE,0x53D6,
    0x32D6,0x12D6,0x6FC5,0x0DBD,0xA862,0x0321,0x2000,0xE318,0x0B5B,0x518C,0x3084,0x3084,0x3084,0x3084,0x3084,0x3084,
    0x3084,0x3084,0x3084,0x75AD,0xC739,0x4108,0x4108,0x4108,0x4108,0x4108,0x4108,0x4108,0x4108,0x4108,0x4108,0x4108,
    0x1064,0x0F64,0xEF63,0xEB4A,0xA629,0xA629,0xC729,0xC729,0xC731,0xC729,0xC729,0xC729,0xC729,0xA729,0xA729,0xC731,
    0xC310,0x0000,0x0000,0x0000,0x0000,0x0000,0x0000,0x0000,0x0000,0x0000,0x0000,0x2000,0x2000,0x6108,0x4A7B,0x0D8C,
    0x0C8C,0xEC8B,0xEC8B,0x0C8C,0x0C8C,0x6E9C,0xF2CD,0x53D6,0x32D6,0x32D6,0x32D6,0x32D6,0x32D6,0x12D6,0xD1CD,0x91C5,
    0x0D8C,0x0D8C,0x0C8C,0x0C8C,0x0C8C,0x0C8C,0x0C8C,0x0D8C,0x2D8C,0x2D8C,0x50BD,0xB1CD,0x12D6,0x53D6,0x53D6,0x53D6,
    0x53D6,0x32D6,0x53D6,0x53D6,0xF2CD,0xB0C5,0x70BD,0x4973,0x4A73,0xE86A,0xC762,0x264A,0xA539,0xC541,0xA76A,0xA76A,
    0xC76A,0xC76A,0xC76A,0xC76A,0xC76A,0xC76A,0xC76A,0xA762,0xE541,0x464A,0xE862,0xE86A,0x086B,0xE86A,0xEEB4,0x0EB5,
    0x0EBD,0x4FBD,0x90C5,0x90C5,0x53DE,0x53DE,0x53DE,0x53DE,0x53DE,0x53DE,0x53DE,0x53DE,0x53DE,0x53DE,0x53D6,0x12D6,
    0xD1CD,0x6FBD,0x0873,0x2973,0x8110,0x0000,0xA210,0x484A,0x508C,0x3084,0x3084,0x3084,0x3084,0x3084,0x3084,0x3084,
    0x3084,0x3084,0x3084,0xB6B5,0xE739,0x4108,0x4108,0x4108,0x4108,0x4108,0x4108,0x4108,0x4108,0x4108,0x4108,0x4108,
    0x306C,0x106C,0xEF63,0xEF63,0xCF63,0xEF63,0xEF63,0x306C,0x0F6C,0x0F64,0x0F6C,0x0F64,0x0F64,0xEF63,0xEF63,0x0F64,
    0x283A,0xE318,0xE318,0xE318,0xE318,0xE318,0xE318,0x0419,0x0419,0x0419,0xE418,0x0419,0xE418,0xA210,0x2000,0x0000,
    0x0000,0x0000,0x0000,0x0000,0x2000,0x0321,0xAEA4,0xB1C5,0xB1C5,0xB1C5,0xB1C5,0xB1C5,0xB1C5,0x2FB5,0x6CA4,0xEB8B,
    0x4000,0x2000,0x0000,0x0000,0x0000,0x0000,0x0000,0x0000,0x0000,0x2000,0x2973,0x4C9C,0x2FB5,0xB1C5,0xB1C5,0xB1C5,
    0x53D6,0x33D6,0x33D6,0x33D6,0x33D6,0x32D6,0x32D6,0x32D6,0x32D6,0x0EBD,0xEDB4,0x6A7B,0x264A,0x264A,0x264A,0x064A,
    0x064A,0x064A,0x064A,0x064A,0x064A,0x064A,0x0542,0xE541,0xE541,0x697B,0x0EB5,0x0EB5,0x0EBD,0x0EBD,0x0EB5,0x2EBD,
    0x2FBD,0xB0C5,0x53DE,0x53DE,0x53DE,0x53DE,0x53DE,0x53DE,0x53DE,0x53DE,0x53DE,0x53DE,0x53DE,0x53DE,0x74DE,0xB1C5,
    0xCDAC,0x2C94,0x2000,0x0000,0x0000,0x4108,0x073A,0x3084,0x3084,0x3084,0x3084,0x3084,0x3084,0x3084,0x3084,0x3084,
    0x3084,0x3084,0x3084,0xB6B5,0x0842,0x4108,0x4108,0x4108,0x4108,0x4108,0x4108,0x4108,0x4108,0x4108,0x4108,0x4108,
    0x358D,0x548D,0x5595,0xB284,0xEF63,0x0F64,0x0F64,0x5595,0x106C,0xCF63,0xEF63,0xEF63,0xCF63,0xCF63,0xCE5B,0xF384,
    0x348D,0x148D,0x348D,0x348D,0x5495,0x5595,0x5595,0x5595,0x7595,0xF38C,0x1064,0x358D,0x348D,0xCF63,0x2421,0x0000,
    0x0000,0x0000,0x0000,0x0000,0x0000,0x0000,0x0000,0x0000,0x2000,0x2000,0x2000,0x0000,0x0000,0x0000,0x0000,0x0000,
    0x0000,0x0000,0x0000,0x0000,0x2000,0x0000,0x2000,0x2000,0x0000,0x0000,0x0000,0x0000,0x0000,0x2000,0x2000,0x6110,
    0xEEB4,0xCDAC,0xB1CD,0x53D6,0x32D6,0x32D6,0x32D6,0x32D6,0x33D6,0x53DE,0x54DE,0x74DE,0x95E6,0xB5E6,0x94E6,0x2EBD,
    0x2EBD,0x2EBD,0x2EBD,0x2EBD,0x2EBD,0x2EBD,0x2EBD,0x2EBD,0x0EB5,0xEDB4,0xEDB4,0xEDB4,0xEDB4,0xEDB4,0x90C5,0x53DE,
    0x54DE,0x54DE,0x53DE,0x53DE,0x53DE,0x53DE,0x53DE,0x53DE,0x53D6,0x53DE,0x53DE,0x53DE,0x2EBD,0x4FBD,0x4FBD,0xC862,
    0x4108,0x2000,0x2000,0x2000,0x0000,0x0C63,0x3084,0x3084,0x3084,0x3084,0x3084,0x3084,0x3084,0x3084,0x3084,0x3084,
    0x5084,0x508C,0x3084,0xB6B5,0x0842,0x4108,0x4108,0x4108,0x4108,0x4108,0x4108,0x4108,0x4108,0x4108,0x4108,0x4108,
    0x5DE7,0x9EEF,0xBEF7,0x9AC6,0x7595,0x5595,0x5595,0x5595,0x348D,0x306C,0xCF63,0x106C,0x148D,0x348D,0x348D,0x507C,
    0x307C,0x3084,0x3084,0x5084,0x5084,0x5084,0x5084,0xF38C,0x348D,0x348D,0x1485,0x348D,0x348D,0x348D,0x927C,0x106C,
    0x106C,0x106C,0x106C,0x0F7C,0xEF7B,0xEB5A,0x0000,0x0000,0x0000,0x0000,0x0000,0x0000,0x0000,0x0000,0x0000,0x8210,
    0x3084,0xEF7B,0xEF7B,0xEF7B,0xEF7B,0x1084,0x0F84,0x0F7C,0x1084,0x1084,0x8210,0x0000,0x0000,0x0000,0x0000,0x0000,
    0x6110,0x6108,0x6108,0x0873,0x0EBD,0x32D6,0x33D6,0x33D6,0x53D6,0x53DE,0x53DE,0x53DE,0x53D6,0x53DE,0x32D6,0xECB4,
    0x0DB5,0x0DBD,0x0DB5,0x0DB5,0x0EB5,0x0EB5,0x0EB5,0x12D6,0x33D6,0x33D6,0x32D6,0x32D6,0x12D6,0x32D6,0x33D6,0x53D6,
    0x53DE,0x53DE,0x53DE,0x53DE,0x53DE,0x54DE,0x53DE,0x53D6,0x53D6,0xD0CD,0xCDB4,0xCDB4,0xCDB4,0xE220,0x6110,0x4108,
    0x2100,0x4100,0x4108,0x1084,0x1084,0x3084,0x3084,0x3084,0x3084,0x3084,0x3084,0x3084,0x3084,0x3084,0x3084,0x3084,
    0x5084,0x518C,0x9AD6,0xF39C,0x4108,0x4108,0x4108,0x4108,0x4108,0x4108,0x4108,0x4108,0x4108,0x4108,0x4108,0x4108,
    0xDFFF,0x7DF7,0x1CE7,0x5DE7,0xDBD6,0x79C6,0x517C,0x7184,0x7184,0x107C,0xEF73,0x1074,0x7184,0x7184,0x7184,0x3084,
    0x3084,0x3084,0x3084,0x3084,0x1084,0x1084,0x1084,0x3084,0x5184,0x5184,0x5184,0x7184,0x7184,0x7184,0x5184,0x307C,
    0x307C,0x517C,0x307C,0x3084,0x3084,0xEF7B,0x0C63,0x2C63,0x0C63,0xEC5A,0xEC62,0x0C63,0x0C63,0x0C63,0x0C63,0x2C63,
    0x508C,0x3084,0x3084,0x3084,0x3084,0x3084,0x3084,0x3084,0x3084,0x3084,0x2C63,0x0C63,0x0C63,0x0C63,0x8A52,0x0000,
    0x0000,0x0000,0x2000,0xE320,0xA539,0xA85A,0x90CD,0x90C5,0x90C5,0x90C5,0xF2CD,0x33D6,0x33D6,0x33D6,0x32D6,0xD1CD,
    0xD1CD,0xF1CD,0xF1CD,0xF1CD,0xF2CD,0xF2CD,0xF2CD,0x33D6,0x53D6,0x33D6,0x33D6,0x33D6,0x33D6,0x33D6,0x33D6,0x33D6,
    0x33D6,0x53D6,0x53DE,0x53DE,0x53DE,0x90C5,0x90C5,0x90C5,0xEC8B,0xA539,0x4329,0x2329,0x4329,0x2000,0x0000,0x0000,
    0xC318,0x2C63,0x2C6B,0x718C,0x518C,0x518C,0x3084,0x3084,0x3084,0x3084,0x3084,0x3084,0x3084,0x3084,0x3084,0x3084,
    0x3084,0x18C6,0xF7BD,0x0421,0x4108,0x4108,0x4108,0x4108,0x4108,0x4108,0x4108,0x4108,0x4108,0x4108,0x4108,0x4108,
    0x8A52,0x4108,0x4108,0x4108,0xA631,0xF39C,0x96B5,0xB6B5,0xD6BD,0xB6B5,0xB6B5,0xB6B5,0xD7B5,0xD7BD,0x3084,0x3084,
    0x3084,0x107C,0x1074,0x1074,0x1074,0x0F74,0x107C,0x1084,0x1084,0x3084,0x3084,0x3084,0x3084,0x3084,0x3084,0x3084,
    0x3084,0x3084,0x3084,0x3084,0x3084,0x3084,0x3084,0x3084,0x3084,0x3084,0x3084,0x3084,0x3084,0x3084,0x3084,0x3084,
    0x3084,0x3084,0x3084,0x55AD,0xD39C,0x5084,0x3084,0x3084,0x3084,0x3084,0x3084,0x3084,0x3084,0x5184,0xEF7B,0x694A,
    0x694A,0x6A52,0x8210,0x0000,0x0000,0x8210,0x675A,0x6752,0x675A,0x6CA4,0x4FBD,0x90C5,0xD1CD,0x53D6,0x53DE,0x53D6,
    0x53D6,0x53D6,0x53D6,0x53D6,0x53D6,0x53D6,0x53D6,0x53D6,0x53D6,0x53D6,0x53D6,0x53DE,0x53D6,0x53DE,0xD1CD,0xB1CD,
    0xB1CD,0xB1CD,0xEFAC,0x4A73,0x4A73,0xA862,0xC862,0xC862,0x8539,0x2100,0x0000,0x0000,0x0000,0x0000,0x6529,0x2842,
    0xAA52,0x3084,0x3084,0x518C,0x518C,0x3084,0x3084,0x3084,0x3084,0x3084,0x3084,0x3084,0x3084,0x3084,0x3084,0x518C,
    0xB6B5,0xDBDE,0x0842,0x4108,0x4108,0x4108,0x4108,0x4108,0x4108,0x4108,0x4108,0x4108,0x4108,0x4108,0x4108,0x4108,
    0x4108,0x4108,0x4108,0x4108,0x4108,0x4108,0x4108,0x79CE,0xDFFF,0xFFFF,0xDFFF,0xDEFF,0xFBDE,0x38C6,0xB294,0xD39C,
    0xB294,0xB28C,0xB284,0xB284,0xB284,0x9284,0xB294,0xB294,0xD29C,0xD39C,0xD29C,0x3084,0x3084,0x5084,0x3084,0x3084,
    0x3084,0x3084,0x1084,0xB294,0x718C,0x1084,0x3084,0x3084,0x3084,0x3084,0x3084,0x3084,0x3084,0x3084,0x3084,0x3084,
    0x3084,0x3084,0x3084,0xBAD6,0xF7BD,0xB294,0x918C,0x1084,0x3084,0x3084,0x3084,0x3084,0x3084,0x3084,0x518C,0x518C,
    0x518C,0x3084,0x8631,0xE318,0x8210,0x0000,0x0000,0x0000,0x0000,0x096B,0xEB8B,0x0B94,0x4D9C,0x10AD,0x10AD,0x10AD,
    0x10AD,0x10AD,0x10AD,0x10AD,0x10AD,0x10AD,0x10AD,0x10AD,0x10AD,0x10AD,0x10AD,0x10AD,0x10AD,0x10AD,0x0C94,0xEB8B,
    0xEB8B,0xEB8B,0x885A,0x2000,0x0000,0x2000,0x2000,0x2000,0x2100,0xA210,0x4529,0x2421,0x0421,0xE418,0x0C63,0x3084,
    0x3084,0x3084,0x3084,0x3084,0x3084,0x3084,0x3084,0x5084,0x3084,0x3084,0x5184,0x3084,0x3084,0x918C,0xF39C,0x54AD,
    0x5DEF,0xA631,0x4108,0x4108,0x4108,0x4108,0x4108,0x4108,0x4108,0x4108,0x4108,0x4108,0x4108,0x4108,0x4108,0x4108,
    0x4108,0x4108,0x4108,0x4108,0x4108,0x4108,0x4108,0x4108,0x4108,0x4108,0x4108,0x4108,0x4108,0x4108,0x4108,0x79CE,
    0xFFFF,0xFFFF,0xFFFF,0xFFFF,0xFFFF,0xFFFF,0xFFFF,0xFFFF,0xFFFF,0x9EF7,0x1CE7,0x3084,0x3084,0x3084,0x3084,0x3084,
    0x1084,0x0F84,0xEF7B,0xBEF7,0x59CE,0x1084,0x1084,0x1084,0x3084,0x3084,0x3084,0x3084,0x3084,0x3084,0x3084,0x3084,
    0x3084,0x3084,0x0F84,0xBAD6,0x7DEF,0x3CE7,0x79CE,0x3084,0x508C,0x5184,0x3084,0x3084,0x3084,0x3084,0x3084,0x3084,
    0x3084,0x3084,0x3084,0x3084,0xCB5A,0x2000,0x2000,0x4100,0x4108,0x2000,0x2000,0x2000,0x0000,0x0000,0x0000,0x0000,
    0x0000,0x0000,0x0000,0x0000,0x0000,0x0000,0x0000,0x0000,0x0000,0x0000,0x0000,0x0000,0x0000,0x0000,0x0000,0x0000,
    0x0000,0x0000,0x0000,0x0000,0x2000,0x2000,0x2000,0x2100,0x4108,0xE739,0x718C,0x518C,0x518C,0x518C,0x3084,0x3084,
    0x3084,0x3084,0x3084,0x3084,0x3084,0x3084,0x3084,0x3084,0x5184,0x518C,0x518C,0x518C,0x518C,0xF7BD,0xDFFF,0xF7BD,
    0x6529,0x4108,0x4108,0x4108,0x4108,0x4108,0x4108,0x4108,0x4108,0x4108,0x4108,0x4108,0x4108,0x4108,0x4108,0x4108,
    0x4108,0x4108,0x4108,0x4108,0x4108,0x4108,0x4108,0x4108,0x4108,0x4108,0x4108,0x4108,0x4108,0x4108,0x4108,0x4108,
    0x4108,0x4108,0x4108,0x4108,0x4108,0x4108,0x4108,0x4108,0x4108,0x4108,0x4108,0x4108,0x14A5,0xBAD6,0x59CE,0xD7BD,
    0xB6B5,0x18C6,0x38C6,0x55AD,0x6D6B,0x9194,0x9AD6,0x1CE7,0xDBDE,0x79CE,0x59CE,0x59CE,0x59CE,0x59CE,0x59CE,0x38C6,
    0x18C6,0x18C6,0xF7BD,0x75AD,0x1084,0x4D6B,0xAE73,0xCF73,0x3084,0x3084,0x3084,0x3084,0x3084,0x3084,0x3084,0x3084,
    0x5084,0x5084,0x5084,0x518C,0x718C,0x718C,0x718C,0x728C,0x9294,0x6529,0x2000,0x2000,0x0000,0x0000,0x0000,0x0000,
    0x0000,0x0000,0x0000,0x0000,0x0000,0x0000,0x0000,0x0000,0x0000,0x0000,0x0000,0x0000,0x0000,0x0000,0x0000,0x0000,
    0x0000,0x0000,0x8631,0x3084,0x3084,0x3084,0x3084,0x518C,0x718C,0x518C,0x518C,0x3084,0x508C,0x3084,0x5084,0x5084,
    0x5084,0x3084,0x3084,0x3084,0x3084,0x3084,0x3084,0x3084,0x3084,0x3084,0x3084,0xBAD6,0x9AD6,0x2C63,0x4108,0x4108,
    0x4108,0x4108,0x4108,0x4108,0x4108,0x4108,0x4108,0x4108,0x4108,0x4108,0x4108,0x4108,0x4108,0x4108,0x4108,0x4108,
    0x4108,0x4108,0x4108,0x4108,0x4108,0x4108,0x4108,0x4108,0x4108,0x4108,0x4108,0x4108,0x4108,0x4108,0x4108,0x4108,
    0x4108,0x4108,0x4108,0x4108,0x4108,0x4108,0x4108,0x4108,0x4108,0x4108,0x4108,0x4108,0x4108,0x4108,0x4108,0x4108,
    0x4108,0x4108,0x4108,0x4108,0x4108,0x4108,0x4108,0x4108,0x4108,0x4108,0x4108,0x4108,0x4108,0x4108,0x4108,0x4108,
    0x4108,0x4108,0x4108,0x4108,0x4108,0x0421,0xE739,0xCF7B,0x96B5,0x38C6,0x107C,0x3084,0x3084,0x508C,0x508C,0x508C,
    0x5084,0x5084,0x5084,0x5084,0x5084,0x5084,0x5184,0x518C,0x5184,0x8E73,0x4D63,0x4D63,0x2D63,0x2D63,0x2D63,0x2D63,
    0x2C63,0x2D63,0x2D63,0x4C63,0x4D6B,0x4D63,0x4D6B,0x4D6B,0x4D63,0x4D63,0x4D63,0x4D63,0x4D63,0x4D63,0x4D63,0x4D6B,
    0x4D63,0x2C63,0x8E73,0x3084,0x3084,0x3084,0x3084,0x3084,0x3084,0x5084,0x5084,0x3084,0x5084,0x518C,0x508C,0x518C,
    0x508C,0x518C,0x5184,0x518C,0x5084,0x3084,0x3084,0x518C,0x59C6,0x75AD,0x518C,0xAA52,0x4108,0x4108,0x4108,0x4108,
    0x4108,0x4108,0x4108,0x4108,0x4108,0x4108,0x4108,0x4108,0x4108,0x4108,0x4108,0x4108,0x4108,0x4108,0x4108,0x4108,
    0x4108,0x4108,0x4108,0x4108,0x4108,0x4108,0x4108,0x4108,0x4108,0x4108,0x4108,0x4108,0x4108,0x4108,0x4108,0x4108,
    0x4108,0x4108,0x4108,0x4108,0x4108,0x4108,0x4108,0x4108,0x4108,0x4108,0x4108,0x4108,0x4108,0x4108,0x4108,0x4108,
    0x4108,0x4108,0x4108,0x4108,0x4108,0x4108,0x4108,0x4108,0x4108,0x4108,0x4108,0x4108,0x4108,0x4108,0x4108,0x4108,
    0x4108,0x4108,0x4108,0x4108,0x4108,0x4108,0x4108,0x4108,0x4108,0x4108,0x494A,0x96B5,0xF7BD,0x17BE,0x17BE,0x18BE,
    0xF7BD,0x518C,0x5184,0x5084,0x518C,0x5184,0x3084,0x3084,0x3184,0x3084,0x3084,0x3084,0x3084,0x3084,0x5084,0x5084,
    0x5084,0x3084,0x5084,0x5084,0x508C,0x508C,0x508C,0x5084,0x5084,0x5084,0x5084,0x5084,0x5184,0x5184,0x508C,0x5084,
    0x3084,0x3084,0x5084,0x3084,0x3084,0x3084,0x3084,0x3084,0x5084,0x3084,0x3084,0x3084,0x5084,0x5184,0x518C,0x14A5,
    0xF7BD,0xB6B5,0x96B5,0x75AD,0x75AD,0x96B5,0x96B5,0x75AD,0xB294,0xE739,0x4108,0x4108,0x4108,0x4108,0x4108,0x4108,
    0x4108,0x4108,0x4108,0x4108,0x4108,0x4108,0x4108,0x4108,0x4108,0x4108,0x4108,0x4108,0x4108,0x4108,0x4108,0x4108,
    0x4108,0x4108,0x4108,0x4108,0x4108,0x4108,0x4108,0x4108,0x4108,0x4108,0x4108,0x4108,0x4108,0x4108,0x4108,0x4108,
    0x4108,0x4108,0x4108,0x4108,0x4108,0x4108,0x4108,0x4108,0x4108,0x4108,0x4108,0x4108,0x4108,0x4108,0x4108,0x4108,
    0x4108,0x4108,0x4108,0x4108,0x4108,0x4108,0x4108,0x4108,0x4108,0x4108,0x4108,0x4108,0x4108,0x4108,0x4108,0x4108,
    0x4108,0x4108,0x4108,0x4108,0x4108,0x4108,0x4108,0x4108,0x4108,0x4108,0x4108,0x2C63,0xF7BD,0x96B5,0xCF7B,0x8631,
    0xE318,0xEB5A,0x149D,0x14A5,0x14A5,0x14A5,0x14A5,0x14A5,0x14A5,0x14A5,0x14A5,0x14A5,0x14A5,0x14A5,0x14A5,0x14A5,
    0x14A5,0x14A5,0x14A5,0x14A5,0x34A5,0x14A5,0x14A5,0x14A5,0x14A5,0x14A5,0x14A5,0x14A5,0x14A5,0x14A5,0x14A5,0x14A5,
    0x14A5,0x14A5,0x14A5,0x14A5,0x14A5,0x14A5,0x14A5,0x14A5,0x14A5,0x14A5,0x14A5,0x14A5,0x14A5,0x34A5,0x34A5,0x59CE,
    0xBAD6,0x6D6B,0xC739,0x8631,0xA631,0xC739,0xC739,0x4529,0x4108,0x4108,0x4108,0x4108,0x4108,0x4108,0x4108,0x4108,
    0x4108,0x4108,0x4108,0x4108,0x4108,0x4108,0x4108,0x4108,0x4108,0x4108,0x4108,0x4108,0x4108,0x4108,0x4108,0x4108

};
